model,method,is_control,record_id,relation_pid,a_old_qid,a_old_label,a_new_qid,a_new_label,prompt,generated
mistral-7b-v0.3,standard,0,P6:Q794:Q348144->Q5947347@2021-08-03,P6,Q348144,Hassan Rouhani,Q5947347,Ebrahim Raisi,Who is the head of government of Iran?,"Iran's head of government is the President of Iran, who is elected by popular vote for a four-"
mistral-7b-v0.3,date_prefix,0,P6:Q794:Q348144->Q5947347@2021-08-03,P6,Q348144,Hassan Rouhani,Q5947347,Ebrahim Raisi,In 2021: Who is the head of government of Iran?,The head of government of Iran is the President of Iran. The current President of Iran is Ebrahim Rais
mistral-7b-v0.3,instruction,0,P6:Q794:Q348144->Q5947347@2021-08-03,P6,Q348144,Hassan Rouhani,Q5947347,Ebrahim Raisi,"Answer with the current, most up-to-date fact. Who is the head of government of Iran?",Answer:
mistral-7b-v0.3,tas,0,P6:Q794:Q348144->Q5947347@2021-08-03,P6,Q348144,Hassan Rouhani,Q5947347,Ebrahim Raisi,Who is the head of government of Iran?,"Iran's head of government is the President of Iran, who is elected by popular vote for a four-"
mistral-7b-v0.3,iti,0,P6:Q794:Q348144->Q5947347@2021-08-03,P6,Q348144,Hassan Rouhani,Q5947347,Ebrahim Raisi,Who is the head of government of Iran?,"Iran's head of government is the President of Iran, who is elected by popular vote for a four-"
mistral-7b-v0.3,standard,0,P6:Q778:Q317664->Q57705@2012-05-08,P6,Q317664,Hubert Ingraham,Q57705,Perry Christie,Who is the head of government of The Bahamas?,The Prime Minister of The Bahamas is the head of government of The Bahamas. The Prime Minister is the leader
mistral-7b-v0.3,date_prefix,0,P6:Q778:Q317664->Q57705@2012-05-08,P6,Q317664,Hubert Ingraham,Q57705,Perry Christie,In 2012: Who is the head of government of The Bahamas?,A. Hubert Ingraham
mistral-7b-v0.3,instruction,0,P6:Q778:Q317664->Q57705@2012-05-08,P6,Q317664,Hubert Ingraham,Q57705,Perry Christie,"Answer with the current, most up-to-date fact. Who is the head of government of The Bahamas?",## Answer
mistral-7b-v0.3,tas,0,P6:Q778:Q317664->Q57705@2012-05-08,P6,Q317664,Hubert Ingraham,Q57705,Perry Christie,Who is the head of government of The Bahamas?,The Prime Minister of The Bahamas is the head of government of The Bahamas. The Prime Minister is the leader
mistral-7b-v0.3,iti,0,P6:Q778:Q317664->Q57705@2012-05-08,P6,Q317664,Hubert Ingraham,Q57705,Perry Christie,Who is the head of government of The Bahamas?,The Prime Minister of The Bahamas is the head of government of The Bahamas. The Prime Minister is the leader
mistral-7b-v0.3,standard,0,P6:Q778:Q16732648->Q7183082@2021-09-17,P6,Q16732648,Hubert Minnis,Q7183082,"Philip ""Brave"" Davis",Who is the head of government of The Bahamas?,The Prime Minister of The Bahamas is the head of government of The Bahamas. The Prime Minister is the leader
mistral-7b-v0.3,date_prefix,0,P6:Q778:Q16732648->Q7183082@2021-09-17,P6,Q16732648,Hubert Minnis,Q7183082,"Philip ""Brave"" Davis",In 2021: Who is the head of government of The Bahamas?,The head of government of The Bahamas is Prime Minister Philip Davis.
mistral-7b-v0.3,instruction,0,P6:Q778:Q16732648->Q7183082@2021-09-17,P6,Q16732648,Hubert Minnis,Q7183082,"Philip ""Brave"" Davis","Answer with the current, most up-to-date fact. Who is the head of government of The Bahamas?",## Answer
mistral-7b-v0.3,tas,0,P6:Q778:Q16732648->Q7183082@2021-09-17,P6,Q16732648,Hubert Minnis,Q7183082,"Philip ""Brave"" Davis",Who is the head of government of The Bahamas?,The Prime Minister of The Bahamas is the head of government of The Bahamas. The Prime Minister is the leader
mistral-7b-v0.3,iti,0,P6:Q778:Q16732648->Q7183082@2021-09-17,P6,Q16732648,Hubert Minnis,Q7183082,"Philip ""Brave"" Davis",Who is the head of government of The Bahamas?,The Prime Minister of The Bahamas is the head of government of The Bahamas. The Prime Minister is the leader
mistral-7b-v0.3,standard,0,P6:Q236:Q97999161->Q16353146@2022-04-28,P6,Q97999161,Zdravko Krivokapić,Q16353146,Dritan Abazović,Who is the head of government of Montenegro?,The President of Montenegro is the head of state and the commander-in-chief of the armed
mistral-7b-v0.3,date_prefix,0,P6:Q236:Q97999161->Q16353146@2022-04-28,P6,Q97999161,Zdravko Krivokapić,Q16353146,Dritan Abazović,In 2022: Who is the head of government of Montenegro?,The head of government of Montenegro is Dritan Abazović.
mistral-7b-v0.3,instruction,0,P6:Q236:Q97999161->Q16353146@2022-04-28,P6,Q97999161,Zdravko Krivokapić,Q16353146,Dritan Abazović,"Answer with the current, most up-to-date fact. Who is the head of government of Montenegro?",## Answer
mistral-7b-v0.3,tas,0,P6:Q236:Q97999161->Q16353146@2022-04-28,P6,Q97999161,Zdravko Krivokapić,Q16353146,Dritan Abazović,Who is the head of government of Montenegro?,"Montenegro is a parliamentary republic. The head of government is the Prime Minister, who is appointed by"
mistral-7b-v0.3,iti,0,P6:Q236:Q97999161->Q16353146@2022-04-28,P6,Q97999161,Zdravko Krivokapić,Q16353146,Dritan Abazović,Who is the head of government of Montenegro?,The President of Montenegro is the head of state and the commander-in-chief of the armed
mistral-7b-v0.3,standard,0,P6:Q2865:Q828457->Q33262484@2017-07-22,P6,Q828457,Bertram Hilgen,Q33262484,Christian Geselle,Who is the head of government of Kassel?,The head of government of Kassel is the Minister-President of Hesse. The Minister-President
mistral-7b-v0.3,date_prefix,0,P6:Q2865:Q828457->Q33262484@2017-07-22,P6,Q828457,Bertram Hilgen,Q33262484,Christian Geselle,In 2017: Who is the head of government of Kassel?,The head of government of Kassel is the mayor. The mayor is elected by the city council. The mayor
mistral-7b-v0.3,instruction,0,P6:Q2865:Q828457->Q33262484@2017-07-22,P6,Q828457,Bertram Hilgen,Q33262484,Christian Geselle,"Answer with the current, most up-to-date fact. Who is the head of government of Kassel?",## Answer
mistral-7b-v0.3,tas,0,P6:Q2865:Q828457->Q33262484@2017-07-22,P6,Q828457,Bertram Hilgen,Q33262484,Christian Geselle,Who is the head of government of Kassel?,The head of government of Kassel is the Minister-President of Hesse. The Minister-President
mistral-7b-v0.3,iti,0,P6:Q2865:Q828457->Q33262484@2017-07-22,P6,Q828457,Bertram Hilgen,Q33262484,Christian Geselle,Who is the head of government of Kassel?,The head of government of Kassel is the Minister-President of Hesse. The Minister-President
mistral-7b-v0.3,standard,0,P6:Q7070:Q1909821->Q1736669@2012-07-01,P6,Q1909821,Matthias Doht,Q1736669,Katja Wolf,Who is the head of government of Eisenach?,"Eisenach is a city in the Wartburgkreis district in Thuringia, Germany. It is the"
mistral-7b-v0.3,date_prefix,0,P6:Q7070:Q1909821->Q1736669@2012-07-01,P6,Q1909821,Matthias Doht,Q1736669,Katja Wolf,In 2012: Who is the head of government of Eisenach?,In 2012: Who is the head of government of Eisenach?
mistral-7b-v0.3,instruction,0,P6:Q7070:Q1909821->Q1736669@2012-07-01,P6,Q1909821,Matthias Doht,Q1736669,Katja Wolf,"Answer with the current, most up-to-date fact. Who is the head of government of Eisenach?",## Answer
mistral-7b-v0.3,tas,0,P6:Q7070:Q1909821->Q1736669@2012-07-01,P6,Q1909821,Matthias Doht,Q1736669,Katja Wolf,Who is the head of government of Eisenach?,"Eisenach is a city in the Wartburgkreis district in Thuringia, Germany. It is the"
mistral-7b-v0.3,iti,0,P6:Q7070:Q1909821->Q1736669@2012-07-01,P6,Q1909821,Matthias Doht,Q1736669,Katja Wolf,Who is the head of government of Eisenach?,"Eisenach is a city in the Wartburgkreis district in Thuringia, Germany. It is the"
mistral-7b-v0.3,standard,0,P6:Q171224:Q6418596->Q28162495@2017-01-09,P6,Q6418596,Kitty Piercy,Q28162495,Lucy Vinis,Who is the head of government of Eugene?,The city of Eugene is governed by a mayor and a city council. The mayor is elected at-large to
mistral-7b-v0.3,date_prefix,0,P6:Q171224:Q6418596->Q28162495@2017-01-09,P6,Q6418596,Kitty Piercy,Q28162495,Lucy Vinis,In 2017: Who is the head of government of Eugene?,The mayor of Eugene is Lucy Vinis.
mistral-7b-v0.3,instruction,0,P6:Q171224:Q6418596->Q28162495@2017-01-09,P6,Q6418596,Kitty Piercy,Q28162495,Lucy Vinis,"Answer with the current, most up-to-date fact. Who is the head of government of Eugene?",The mayor of Eugene is Lucy Vinis.
mistral-7b-v0.3,tas,0,P6:Q171224:Q6418596->Q28162495@2017-01-09,P6,Q6418596,Kitty Piercy,Q28162495,Lucy Vinis,Who is the head of government of Eugene?,"Eugene is a city in Lane County, Oregon, United States. It is at the southern end of the"
mistral-7b-v0.3,iti,0,P6:Q171224:Q6418596->Q28162495@2017-01-09,P6,Q6418596,Kitty Piercy,Q28162495,Lucy Vinis,Who is the head of government of Eugene?,"The head of government of Eugene is the mayor, who is elected by the people of Eugene. The mayor"
mistral-7b-v0.3,standard,0,P6:Q894:Q21534229->Q48953390@2017-12-26,P6,Q21534229,Oleg Fursov,Q48953390,Yelena Lapushkina,Who is the head of government of Samara?,"The head of government of Samara is the Governor of Samara Oblast, an official elected by popular vote"
mistral-7b-v0.3,date_prefix,0,P6:Q894:Q21534229->Q48953390@2017-12-26,P6,Q21534229,Oleg Fursov,Q48953390,Yelena Lapushkina,In 2017: Who is the head of government of Samara?,The head of the Samara region is the Governor of the Samara region.
mistral-7b-v0.3,instruction,0,P6:Q894:Q21534229->Q48953390@2017-12-26,P6,Q21534229,Oleg Fursov,Q48953390,Yelena Lapushkina,"Answer with the current, most up-to-date fact. Who is the head of government of Samara?",## Answer
mistral-7b-v0.3,tas,0,P6:Q894:Q21534229->Q48953390@2017-12-26,P6,Q21534229,Oleg Fursov,Q48953390,Yelena Lapushkina,Who is the head of government of Samara?,"The head of government of Samara is the Governor of Samara Oblast, an official elected by the people"
mistral-7b-v0.3,iti,0,P6:Q894:Q21534229->Q48953390@2017-12-26,P6,Q21534229,Oleg Fursov,Q48953390,Yelena Lapushkina,Who is the head of government of Samara?,"The head of government of Samara is the Governor of Samara Oblast, an official elected by popular vote"
mistral-7b-v0.3,standard,0,P6:Q4418748:Q124049979->Q124049931@2021-01-01,P6,Q124049979,Abdul Latif Belbir,Q124049931,Abdel Moeed Asaad,Who is the head of government of Sidi Bennour?,Sidi Bennour is a city in Morocco. The mayor of Sidi Bennour is Moh
mistral-7b-v0.3,date_prefix,0,P6:Q4418748:Q124049979->Q124049931@2021-01-01,P6,Q124049979,Abdul Latif Belbir,Q124049931,Abdel Moeed Asaad,In 2021: Who is the head of government of Sidi Bennour?,The head of government of Sidi Bennour is Mohamed El Hajjami.
mistral-7b-v0.3,instruction,0,P6:Q4418748:Q124049979->Q124049931@2021-01-01,P6,Q124049979,Abdul Latif Belbir,Q124049931,Abdel Moeed Asaad,"Answer with the current, most up-to-date fact. Who is the head of government of Sidi Bennour?",## Answer
mistral-7b-v0.3,tas,0,P6:Q4418748:Q124049979->Q124049931@2021-01-01,P6,Q124049979,Abdul Latif Belbir,Q124049931,Abdel Moeed Asaad,Who is the head of government of Sidi Bennour?,Sidi Bennour is a city in Morocco. The mayor of Sidi Bennour is Moh
mistral-7b-v0.3,iti,0,P6:Q4418748:Q124049979->Q124049931@2021-01-01,P6,Q124049979,Abdul Latif Belbir,Q124049931,Abdel Moeed Asaad,Who is the head of government of Sidi Bennour?,Sidi Bennour is a city in Morocco. The mayor of Sidi Bennour is Moh
mistral-7b-v0.3,standard,0,P6:Q1055:Q61053->Q971774@2018-03-28,P6,Q61053,Olaf Scholz,Q971774,Peter Tschentscher,Who is the head of government of Hamburg?,"Hamburg is a city-state in Germany. The head of government is the First Mayor of Hamburg, who"
mistral-7b-v0.3,date_prefix,0,P6:Q1055:Q61053->Q971774@2018-03-28,P6,Q61053,Olaf Scholz,Q971774,Peter Tschentscher,In 2018: Who is the head of government of Hamburg?,The head of government of Hamburg is Olaf Scholz.
mistral-7b-v0.3,instruction,0,P6:Q1055:Q61053->Q971774@2018-03-28,P6,Q61053,Olaf Scholz,Q971774,Peter Tschentscher,"Answer with the current, most up-to-date fact. Who is the head of government of Hamburg?",## Answer
mistral-7b-v0.3,tas,0,P6:Q1055:Q61053->Q971774@2018-03-28,P6,Q61053,Olaf Scholz,Q971774,Peter Tschentscher,Who is the head of government of Hamburg?,"Hamburg is a city-state in Germany. The head of government is the First Mayor of Hamburg, who"
mistral-7b-v0.3,iti,0,P6:Q1055:Q61053->Q971774@2018-03-28,P6,Q61053,Olaf Scholz,Q971774,Peter Tschentscher,Who is the head of government of Hamburg?,Mayor of Hamburg. Who is the head of government of Hamburg? The mayor of Hamburg is the head of government of the Free
mistral-7b-v0.3,standard,0,P6:Q192697:Q6835752->Q22893991@2016-11-16,P6,Q6835752,Michal Hašek,Q22893991,Bohumil Šimek,Who is the head of government of South Moravian Region?,The head of government of the South Moravian Region is the regional governor. The regional governor is elected by the
mistral-7b-v0.3,date_prefix,0,P6:Q192697:Q6835752->Q22893991@2016-11-16,P6,Q6835752,Michal Hašek,Q22893991,Bohumil Šimek,In 2016: Who is the head of government of South Moravian Region?,The head of government of South Moravian Region is Bohumil Šimek.
mistral-7b-v0.3,instruction,0,P6:Q192697:Q6835752->Q22893991@2016-11-16,P6,Q6835752,Michal Hašek,Q22893991,Bohumil Šimek,"Answer with the current, most up-to-date fact. Who is the head of government of South Moravian Region?",## Answer
mistral-7b-v0.3,tas,0,P6:Q192697:Q6835752->Q22893991@2016-11-16,P6,Q6835752,Michal Hašek,Q22893991,Bohumil Šimek,Who is the head of government of South Moravian Region?,The head of government of the South Moravian Region is the regional governor. The regional governor is elected by the
mistral-7b-v0.3,iti,0,P6:Q192697:Q6835752->Q22893991@2016-11-16,P6,Q6835752,Michal Hašek,Q22893991,Bohumil Šimek,Who is the head of government of South Moravian Region?,The head of government of the South Moravian Region is the regional governor. The regional governor is elected by the
mistral-7b-v0.3,standard,0,P6:Q47037646:Q5058025->Q25189200@2016-10-26,P6,Q5058025,Celia Wade-Brown,Q25189200,Justin Lester,Who is the head of government of Wellington City?,Wellington City Council is the local government authority for the Wellington region of New Zealand. The council is
mistral-7b-v0.3,date_prefix,0,P6:Q47037646:Q5058025->Q25189200@2016-10-26,P6,Q5058025,Celia Wade-Brown,Q25189200,Justin Lester,In 2016: Who is the head of government of Wellington City?,The head of government of Wellington City is Justin Lester.
mistral-7b-v0.3,instruction,0,P6:Q47037646:Q5058025->Q25189200@2016-10-26,P6,Q5058025,Celia Wade-Brown,Q25189200,Justin Lester,"Answer with the current, most up-to-date fact. Who is the head of government of Wellington City?",## Answer
mistral-7b-v0.3,tas,0,P6:Q47037646:Q5058025->Q25189200@2016-10-26,P6,Q5058025,Celia Wade-Brown,Q25189200,Justin Lester,Who is the head of government of Wellington City?,Wellington City Council is the local government authority for the Wellington region of New Zealand. The council is composed of
mistral-7b-v0.3,iti,0,P6:Q47037646:Q5058025->Q25189200@2016-10-26,P6,Q5058025,Celia Wade-Brown,Q25189200,Justin Lester,Who is the head of government of Wellington City?,Wellington City Council is the local government authority for the Wellington region of New Zealand. The council is
mistral-7b-v0.3,standard,0,P6:Q16427378:Q26701777->Q104502435@2020-10-01,P6,Q26701777,Augustin Chifor,Q104502435,Augustin-Vasile Vășcan,Who is the head of government of Poiana Blenchii?,The head of government of Poiana Blenchii is the Prime Minister of Poiana Blenchii.
mistral-7b-v0.3,date_prefix,0,P6:Q16427378:Q26701777->Q104502435@2020-10-01,P6,Q26701777,Augustin Chifor,Q104502435,Augustin-Vasile Vășcan,In 2020: Who is the head of government of Poiana Blenchii?,The head of government of Poiana Blenchii is the mayor of the village.
mistral-7b-v0.3,instruction,0,P6:Q16427378:Q26701777->Q104502435@2020-10-01,P6,Q26701777,Augustin Chifor,Q104502435,Augustin-Vasile Vășcan,"Answer with the current, most up-to-date fact. Who is the head of government of Poiana Blenchii?",## Answer
mistral-7b-v0.3,tas,0,P6:Q16427378:Q26701777->Q104502435@2020-10-01,P6,Q26701777,Augustin Chifor,Q104502435,Augustin-Vasile Vășcan,Who is the head of government of Poiana Blenchii?,The head of government of Poiana Blenchii is the Prime Minister of Poiana Blenchii.
mistral-7b-v0.3,iti,0,P6:Q16427378:Q26701777->Q104502435@2020-10-01,P6,Q26701777,Augustin Chifor,Q104502435,Augustin-Vasile Vășcan,Who is the head of government of Poiana Blenchii?,The head of government of Poiana Blenchii is the Prime Minister of Poiana Blenchii.
mistral-7b-v0.3,standard,0,P6:Q17:Q122465->Q359480@2021-10-04,P6,Q122465,Yoshihide Suga,Q359480,Fumio Kishida,Who is the head of government of Japan?,"The Prime Minister of Japan (Japanese: 日本国首相, Hepburn: Nih"
mistral-7b-v0.3,date_prefix,0,P6:Q17:Q122465->Q359480@2021-10-04,P6,Q122465,Yoshihide Suga,Q359480,Fumio Kishida,In 2021: Who is the head of government of Japan?,The Prime Minister of Japan is the head of government of Japan. The Prime Minister is appointed by the Emperor of Japan
mistral-7b-v0.3,instruction,0,P6:Q17:Q122465->Q359480@2021-10-04,P6,Q122465,Yoshihide Suga,Q359480,Fumio Kishida,"Answer with the current, most up-to-date fact. Who is the head of government of Japan?",## Answer
mistral-7b-v0.3,tas,0,P6:Q17:Q122465->Q359480@2021-10-04,P6,Q122465,Yoshihide Suga,Q359480,Fumio Kishida,Who is the head of government of Japan?,"The Prime Minister of Japan (Japanese: 日本国首相, Hepburn: Nih"
mistral-7b-v0.3,iti,0,P6:Q17:Q122465->Q359480@2021-10-04,P6,Q122465,Yoshihide Suga,Q359480,Fumio Kishida,Who is the head of government of Japan?,"The Prime Minister of Japan (Japanese: 日本国首相, Hepburn: Nih"
mistral-7b-v0.3,standard,0,P6:Q224:Q57687->Q21821359@2016-01-22,P6,Q57687,Zoran Milanović,Q21821359,Tihomir Orešković,Who is the head of government of Croatia?,The President of the Republic of Croatia is the head of state of Croatia. The President is elected
mistral-7b-v0.3,date_prefix,0,P6:Q224:Q57687->Q21821359@2016-01-22,P6,Q57687,Zoran Milanović,Q21821359,Tihomir Orešković,In 2016: Who is the head of government of Croatia?,The head of government of Croatia is the Prime Minister of Croatia. The Prime Minister is the head
mistral-7b-v0.3,instruction,0,P6:Q224:Q57687->Q21821359@2016-01-22,P6,Q57687,Zoran Milanović,Q21821359,Tihomir Orešković,"Answer with the current, most up-to-date fact. Who is the head of government of Croatia?",## Answer
mistral-7b-v0.3,tas,0,P6:Q224:Q57687->Q21821359@2016-01-22,P6,Q57687,Zoran Milanović,Q21821359,Tihomir Orešković,Who is the head of government of Croatia?,Croatia is a parliamentary republic with a multi-party system. The President of Croatia is
mistral-7b-v0.3,iti,0,P6:Q224:Q57687->Q21821359@2016-01-22,P6,Q57687,Zoran Milanović,Q21821359,Tihomir Orešković,Who is the head of government of Croatia?,The President of the Republic of Croatia is the head of state of Croatia. The President is elected
mistral-7b-v0.3,standard,0,P6:Q8678:Q6756538->Q972007@2021-01-01,P6,Q6756538,Marcelo Crivella,Q972007,Eduardo Paes,Who is the head of government of Rio de Janeiro?,Rio de Janeiro is a state in Brazil. The capital of Rio de Janeiro is Rio de Janeiro
mistral-7b-v0.3,date_prefix,0,P6:Q8678:Q6756538->Q972007@2021-01-01,P6,Q6756538,Marcelo Crivella,Q972007,Eduardo Paes,In 2021: Who is the head of government of Rio de Janeiro?,The governor of Rio de Janeiro is Wilson Witzel.
mistral-7b-v0.3,instruction,0,P6:Q8678:Q6756538->Q972007@2021-01-01,P6,Q6756538,Marcelo Crivella,Q972007,Eduardo Paes,"Answer with the current, most up-to-date fact. Who is the head of government of Rio de Janeiro?",## Answer
mistral-7b-v0.3,tas,0,P6:Q8678:Q6756538->Q972007@2021-01-01,P6,Q6756538,Marcelo Crivella,Q972007,Eduardo Paes,Who is the head of government of Rio de Janeiro?,Rio de Janeiro is a state in Brazil. The capital of Rio de Janeiro is Rio de Janeiro
mistral-7b-v0.3,iti,0,P6:Q8678:Q6756538->Q972007@2021-01-01,P6,Q6756538,Marcelo Crivella,Q972007,Eduardo Paes,Who is the head of government of Rio de Janeiro?,Rio de Janeiro is a state in Brazil. The capital of Rio de Janeiro is Rio de Janeiro
mistral-7b-v0.3,standard,0,P6:Q47974:Q8989779->Q9095293@2020-08-01,P6,Q8989779,Liu Guozhong,Q9095293,Zhao Yide,Who is the head of government of Shaanxi?,"Shaanxi is a province of the People's Republic of China, located in the northwest of the"
mistral-7b-v0.3,date_prefix,0,P6:Q47974:Q8989779->Q9095293@2020-08-01,P6,Q8989779,Liu Guozhong,Q9095293,Zhao Yide,In 2020: Who is the head of government of Shaanxi?,- Hu Heping (born 1957) is a Chinese politician who has been the Communist Party Secretary
mistral-7b-v0.3,instruction,0,P6:Q47974:Q8989779->Q9095293@2020-08-01,P6,Q8989779,Liu Guozhong,Q9095293,Zhao Yide,"Answer with the current, most up-to-date fact. Who is the head of government of Shaanxi?",## Answer
mistral-7b-v0.3,tas,0,P6:Q47974:Q8989779->Q9095293@2020-08-01,P6,Q8989779,Liu Guozhong,Q9095293,Zhao Yide,Who is the head of government of Shaanxi?,"Shaanxi is a province of the People's Republic of China, located in the northwest of the"
mistral-7b-v0.3,iti,0,P6:Q47974:Q8989779->Q9095293@2020-08-01,P6,Q8989779,Liu Guozhong,Q9095293,Zhao Yide,Who is the head of government of Shaanxi?,"Shaanxi is a province of the People's Republic of China, located in the northwest of the"
mistral-7b-v0.3,standard,0,P6:Q215:Q3739767->Q17117413@2014-09-18,P6,Q3739767,Alenka Bratušek,Q17117413,Miro Cerar,Who is the head of government of Slovenia?,The President of the Government of the Republic of Slovenia (Slovene: Predsednik Vlade
mistral-7b-v0.3,date_prefix,0,P6:Q215:Q3739767->Q17117413@2014-09-18,P6,Q3739767,Alenka Bratušek,Q17117413,Miro Cerar,In 2014: Who is the head of government of Slovenia?,The head of government of Slovenia is the Prime Minister of Slovenia. The Prime Minister is the head
mistral-7b-v0.3,instruction,0,P6:Q215:Q3739767->Q17117413@2014-09-18,P6,Q3739767,Alenka Bratušek,Q17117413,Miro Cerar,"Answer with the current, most up-to-date fact. Who is the head of government of Slovenia?",## Answer
mistral-7b-v0.3,tas,0,P6:Q215:Q3739767->Q17117413@2014-09-18,P6,Q3739767,Alenka Bratušek,Q17117413,Miro Cerar,Who is the head of government of Slovenia?,The President of the Government of the Republic of Slovenia (Slovene: Predsednik Vlade
mistral-7b-v0.3,iti,0,P6:Q215:Q3739767->Q17117413@2014-09-18,P6,Q3739767,Alenka Bratušek,Q17117413,Miro Cerar,Who is the head of government of Slovenia?,The President of the Government of the Republic of Slovenia (Slovene: Predsednik Vlade
mistral-7b-v0.3,standard,0,P6:Q215:Q57627->Q18645045@2022-05-25,P6,Q57627,Janez Janša,Q18645045,Robert Golob,Who is the head of government of Slovenia?,The President of the Government of the Republic of Slovenia (Slovene: Predsednik Vlade
mistral-7b-v0.3,date_prefix,0,P6:Q215:Q57627->Q18645045@2022-05-25,P6,Q57627,Janez Janša,Q18645045,Robert Golob,In 2022: Who is the head of government of Slovenia?,The head of government of Slovenia is Janez Janša.
mistral-7b-v0.3,instruction,0,P6:Q215:Q57627->Q18645045@2022-05-25,P6,Q57627,Janez Janša,Q18645045,Robert Golob,"Answer with the current, most up-to-date fact. Who is the head of government of Slovenia?",## Answer
mistral-7b-v0.3,tas,0,P6:Q215:Q57627->Q18645045@2022-05-25,P6,Q57627,Janez Janša,Q18645045,Robert Golob,Who is the head of government of Slovenia?,The President of the Government of the Republic of Slovenia (Slovene: Predsednik Vlade
mistral-7b-v0.3,iti,0,P6:Q215:Q57627->Q18645045@2022-05-25,P6,Q57627,Janez Janša,Q18645045,Robert Golob,Who is the head of government of Slovenia?,The President of the Government of the Republic of Slovenia (Slovene: Predsednik Vlade
mistral-7b-v0.3,standard,0,P6:Q221119:Q17096765->Q16738668@2015-01-01,P6,Q17096765,Ole-Henrik Hjartøy,Q16738668,Ida Maria Pinnerød,Who is the head of government of Bodø Municipality?,"Bodø is a municipality in Nordland county, Norway. It is part of the traditional region of Sal"
mistral-7b-v0.3,date_prefix,0,P6:Q221119:Q17096765->Q16738668@2015-01-01,P6,Q17096765,Ole-Henrik Hjartøy,Q16738668,Ida Maria Pinnerød,In 2015: Who is the head of government of Bodø Municipality?,The mayor of Bodø is the head of the municipal council. The mayor is elected by the municipal council. The
mistral-7b-v0.3,instruction,0,P6:Q221119:Q17096765->Q16738668@2015-01-01,P6,Q17096765,Ole-Henrik Hjartøy,Q16738668,Ida Maria Pinnerød,"Answer with the current, most up-to-date fact. Who is the head of government of Bodø Municipality?",## Answer
mistral-7b-v0.3,tas,0,P6:Q221119:Q17096765->Q16738668@2015-01-01,P6,Q17096765,Ole-Henrik Hjartøy,Q16738668,Ida Maria Pinnerød,Who is the head of government of Bodø Municipality?,"Bodø is a municipality in Nordland county, Norway. It is part of the traditional region of Sal"
mistral-7b-v0.3,iti,0,P6:Q221119:Q17096765->Q16738668@2015-01-01,P6,Q17096765,Ole-Henrik Hjartøy,Q16738668,Ida Maria Pinnerød,Who is the head of government of Bodø Municipality?,"Bodø is a municipality in Nordland county, Norway. It is part of the traditional region of Sal"
mistral-7b-v0.3,standard,0,P6:Q215723:Q26085426->Q104445641@2020-10-01,P6,Q26085426,Adrian-Nicolae Mocioniu,Q104445641,Dragoș Soare,Who is the head of government of Slobozia?,Slobozia (Romanian pronunciation: [sloboˈzja]) is a city
mistral-7b-v0.3,date_prefix,0,P6:Q215723:Q26085426->Q104445641@2020-10-01,P6,Q26085426,Adrian-Nicolae Mocioniu,Q104445641,Dragoș Soare,In 2020: Who is the head of government of Slobozia?,The head of government of Slobozia is Ion Ceban.
mistral-7b-v0.3,instruction,0,P6:Q215723:Q26085426->Q104445641@2020-10-01,P6,Q26085426,Adrian-Nicolae Mocioniu,Q104445641,Dragoș Soare,"Answer with the current, most up-to-date fact. Who is the head of government of Slobozia?",## Answer
mistral-7b-v0.3,tas,0,P6:Q215723:Q26085426->Q104445641@2020-10-01,P6,Q26085426,Adrian-Nicolae Mocioniu,Q104445641,Dragoș Soare,Who is the head of government of Slobozia?,Slobozia (Romanian pronunciation: [sloboˈzja]) is a city
mistral-7b-v0.3,iti,0,P6:Q215723:Q26085426->Q104445641@2020-10-01,P6,Q26085426,Adrian-Nicolae Mocioniu,Q104445641,Dragoș Soare,Who is the head of government of Slobozia?,Slobozia (Romanian pronunciation: [sloboˈzja]) is a city
mistral-7b-v0.3,standard,0,P6:Q16427557:Q24027617->Q104502345@2020-10-01,P6,Q24027617,Ion Bosânceanu,Q104502345,Ionuț-Dragomir Andreica,Who is the head of government of Râșca?,The head of government of Râșca is the Prime Minister of Râșca. The Prime Minister is
mistral-7b-v0.3,date_prefix,0,P6:Q16427557:Q24027617->Q104502345@2020-10-01,P6,Q24027617,Ion Bosânceanu,Q104502345,Ionuț-Dragomir Andreica,In 2020: Who is the head of government of Râșca?,The head of government of Râșca is Ionuț-Cristian Bălan.
mistral-7b-v0.3,instruction,0,P6:Q16427557:Q24027617->Q104502345@2020-10-01,P6,Q24027617,Ion Bosânceanu,Q104502345,Ionuț-Dragomir Andreica,"Answer with the current, most up-to-date fact. Who is the head of government of Râșca?",## Answer
mistral-7b-v0.3,tas,0,P6:Q16427557:Q24027617->Q104502345@2020-10-01,P6,Q24027617,Ion Bosânceanu,Q104502345,Ionuț-Dragomir Andreica,Who is the head of government of Râșca?,"Râșca is a commune in Bacău County, Western Moldavia, Romania. It"
mistral-7b-v0.3,iti,0,P6:Q16427557:Q24027617->Q104502345@2020-10-01,P6,Q24027617,Ion Bosânceanu,Q104502345,Ionuț-Dragomir Andreica,Who is the head of government of Râșca?,The head of government of Râșca is the Prime Minister of Râșca. The Prime Minister is
mistral-7b-v0.3,standard,0,P6:Q192758:Q24083250->Q26156505@2016-01-01,P6,Q24083250,Emilian Valentin Frâncu,Q26156505,Mircia Gutău,Who is the head of government of Râmnicu Vâlcea?,The head of government of Râmnicu Vâlcea is the mayor of Râmnic
mistral-7b-v0.3,date_prefix,0,P6:Q192758:Q24083250->Q26156505@2016-01-01,P6,Q24083250,Emilian Valentin Frâncu,Q26156505,Mircia Gutău,In 2016: Who is the head of government of Râmnicu Vâlcea?,The head of government of Râmnicu Vâlcea is the mayor of the city. The
mistral-7b-v0.3,instruction,0,P6:Q192758:Q24083250->Q26156505@2016-01-01,P6,Q24083250,Emilian Valentin Frâncu,Q26156505,Mircia Gutău,"Answer with the current, most up-to-date fact. Who is the head of government of Râmnicu Vâlcea?",## Answer
mistral-7b-v0.3,tas,0,P6:Q192758:Q24083250->Q26156505@2016-01-01,P6,Q24083250,Emilian Valentin Frâncu,Q26156505,Mircia Gutău,Who is the head of government of Râmnicu Vâlcea?,The head of government of Râmnicu Vâlcea is the mayor of Râmnic
mistral-7b-v0.3,iti,0,P6:Q192758:Q24083250->Q26156505@2016-01-01,P6,Q24083250,Emilian Valentin Frâncu,Q26156505,Mircia Gutău,Who is the head of government of Râmnicu Vâlcea?,The head of government of Râmnicu Vâlcea is the mayor of Râmnic
mistral-7b-v0.3,standard,0,P6:Q5851:Q2587229->Q41657764@2017-10-06,P6,Q2587229,Vladimir Gorodetsky,Q41657764,Andrei Travnikov,Who is the head of government of Novosibirsk Oblast?,The head of government of Novosibirsk Oblast is the Governor of Novosibirsk O
mistral-7b-v0.3,date_prefix,0,P6:Q5851:Q2587229->Q41657764@2017-10-06,P6,Q2587229,Vladimir Gorodetsky,Q41657764,Andrei Travnikov,In 2017: Who is the head of government of Novosibirsk Oblast?,In 2017: Who is the head of government of Novosibirsk Oblast?
mistral-7b-v0.3,instruction,0,P6:Q5851:Q2587229->Q41657764@2017-10-06,P6,Q2587229,Vladimir Gorodetsky,Q41657764,Andrei Travnikov,"Answer with the current, most up-to-date fact. Who is the head of government of Novosibirsk Oblast?",## Answer
mistral-7b-v0.3,tas,0,P6:Q5851:Q2587229->Q41657764@2017-10-06,P6,Q2587229,Vladimir Gorodetsky,Q41657764,Andrei Travnikov,Who is the head of government of Novosibirsk Oblast?,Novosibirsk Oblast (Russian: Новосиби́рская о́б
mistral-7b-v0.3,iti,0,P6:Q5851:Q2587229->Q41657764@2017-10-06,P6,Q2587229,Vladimir Gorodetsky,Q41657764,Andrei Travnikov,Who is the head of government of Novosibirsk Oblast?,Novosibirsk Oblast (Russian: Новосиби́рская о́б
mistral-7b-v0.3,standard,0,P35:Q884:Q14342->Q138048@2013-02-25,P35,Q14342,Lee Myung-bak,Q138048,Park Geun-hye,Who is the head of state of South Korea?,The President of the Republic of Korea (Korean: 대한민국 대통령; Han
mistral-7b-v0.3,date_prefix,0,P35:Q884:Q14342->Q138048@2013-02-25,P35,Q14342,Lee Myung-bak,Q138048,Park Geun-hye,In 2013: Who is the head of state of South Korea?,# 2013: Who is the head of state of South Korea?
mistral-7b-v0.3,instruction,0,P35:Q884:Q14342->Q138048@2013-02-25,P35,Q14342,Lee Myung-bak,Q138048,Park Geun-hye,"Answer with the current, most up-to-date fact. Who is the head of state of South Korea?",## Answer
mistral-7b-v0.3,tas,0,P35:Q884:Q14342->Q138048@2013-02-25,P35,Q14342,Lee Myung-bak,Q138048,Park Geun-hye,Who is the head of state of South Korea?,South Korea is a presidential republic. The president is the head of state and the head of government. The president is
mistral-7b-v0.3,iti,0,P35:Q884:Q14342->Q138048@2013-02-25,P35,Q14342,Lee Myung-bak,Q138048,Park Geun-hye,Who is the head of state of South Korea?,The President of the Republic of Korea (Korean: 대한민국 대통령; Han
mistral-7b-v0.3,standard,0,P35:Q884:Q21001->Q16090635@2022-05-10,P35,Q21001,Moon Jae-in,Q16090635,Yoon Suk Yeol,Who is the head of state of South Korea?,The President of the Republic of Korea (Korean: 대한민국 대통령; Han
mistral-7b-v0.3,date_prefix,0,P35:Q884:Q21001->Q16090635@2022-05-10,P35,Q21001,Moon Jae-in,Q16090635,Yoon Suk Yeol,In 2022: Who is the head of state of South Korea?,The head of state of South Korea is Yoon Suk-yeol.
mistral-7b-v0.3,instruction,0,P35:Q884:Q21001->Q16090635@2022-05-10,P35,Q21001,Moon Jae-in,Q16090635,Yoon Suk Yeol,"Answer with the current, most up-to-date fact. Who is the head of state of South Korea?",## Answer
mistral-7b-v0.3,tas,0,P35:Q884:Q21001->Q16090635@2022-05-10,P35,Q21001,Moon Jae-in,Q16090635,Yoon Suk Yeol,Who is the head of state of South Korea?,South Korea is a presidential republic. The president is the head of state and the head of government. The president is
mistral-7b-v0.3,iti,0,P35:Q884:Q21001->Q16090635@2022-05-10,P35,Q21001,Moon Jae-in,Q16090635,Yoon Suk Yeol,Who is the head of state of South Korea?,The President of the Republic of Korea (Korean: 대한민국 대통령; Han
mistral-7b-v0.3,standard,0,P35:Q224:Q3176299->Q57687@2020-02-19,P35,Q3176299,Kolinda Grabar-Kitarović,Q57687,Zoran Milanović,Who is the head of state of Croatia?,The President of the Republic of Croatia (Croatian: Predsjednik Republike Hrv
mistral-7b-v0.3,date_prefix,0,P35:Q224:Q3176299->Q57687@2020-02-19,P35,Q3176299,Kolinda Grabar-Kitarović,Q57687,Zoran Milanović,In 2020: Who is the head of state of Croatia?,The head of state of Croatia is Zoran Milanović.
mistral-7b-v0.3,instruction,0,P35:Q224:Q3176299->Q57687@2020-02-19,P35,Q3176299,Kolinda Grabar-Kitarović,Q57687,Zoran Milanović,"Answer with the current, most up-to-date fact. Who is the head of state of Croatia?",## Answer
mistral-7b-v0.3,tas,0,P35:Q224:Q3176299->Q57687@2020-02-19,P35,Q3176299,Kolinda Grabar-Kitarović,Q57687,Zoran Milanović,Who is the head of state of Croatia?,Croatia is a parliamentary republic with a president as head of state and a prime minister as head of
mistral-7b-v0.3,iti,0,P35:Q224:Q3176299->Q57687@2020-02-19,P35,Q3176299,Kolinda Grabar-Kitarović,Q57687,Zoran Milanović,Who is the head of state of Croatia?,The President of the Republic of Croatia (Croatian: Predsjednik Republike Hrv
mistral-7b-v0.3,standard,0,P35:Q734:Q57422->Q5230470@2015-05-01,P35,Q57422,Donald Ramotar,Q5230470,David A. Granger,Who is the head of state of Guyana?,The President of Guyana is the head of state of Guyana. The President is elected by the National Assembly for
mistral-7b-v0.3,date_prefix,0,P35:Q734:Q57422->Q5230470@2015-05-01,P35,Q57422,Donald Ramotar,Q5230470,David A. Granger,In 2015: Who is the head of state of Guyana?,Answer:
mistral-7b-v0.3,instruction,0,P35:Q734:Q57422->Q5230470@2015-05-01,P35,Q57422,Donald Ramotar,Q5230470,David A. Granger,"Answer with the current, most up-to-date fact. Who is the head of state of Guyana?",## Guyana
mistral-7b-v0.3,tas,0,P35:Q734:Q57422->Q5230470@2015-05-01,P35,Q57422,Donald Ramotar,Q5230470,David A. Granger,Who is the head of state of Guyana?,Guyana is a sovereign state located on the northern coast of South America. It is bordered by the Atlantic Ocean to
mistral-7b-v0.3,iti,0,P35:Q734:Q57422->Q5230470@2015-05-01,P35,Q57422,Donald Ramotar,Q5230470,David A. Granger,Who is the head of state of Guyana?,The President of Guyana is the head of state of Guyana. The President is elected by the National Assembly for
mistral-7b-v0.3,standard,0,P35:Q786:Q57429->Q16594097@2020-08-16,P35,Q57429,Danilo Medina,Q16594097,Luis Abinader,Who is the head of state of Dominican Republic?,The President of the Dominican Republic is the head of state and head of government of the Dominican Republic. The
mistral-7b-v0.3,date_prefix,0,P35:Q786:Q57429->Q16594097@2020-08-16,P35,Q57429,Danilo Medina,Q16594097,Luis Abinader,In 2020: Who is the head of state of Dominican Republic?,The head of state of Dominican Republic is Luis Abinader.
mistral-7b-v0.3,instruction,0,P35:Q786:Q57429->Q16594097@2020-08-16,P35,Q57429,Danilo Medina,Q16594097,Luis Abinader,"Answer with the current, most up-to-date fact. Who is the head of state of Dominican Republic?",## Answer
mistral-7b-v0.3,tas,0,P35:Q786:Q57429->Q16594097@2020-08-16,P35,Q57429,Danilo Medina,Q16594097,Luis Abinader,Who is the head of state of Dominican Republic?,Dominican Republic is a republic with a president as head of state. The president is elected by popular vote for
mistral-7b-v0.3,iti,0,P35:Q786:Q57429->Q16594097@2020-08-16,P35,Q57429,Danilo Medina,Q16594097,Luis Abinader,Who is the head of state of Dominican Republic?,The President of the Dominican Republic is the head of state and head of government of the Dominican Republic. The
mistral-7b-v0.3,standard,0,P35:Q399:Q93153->Q3553274@2022-03-13,P35,Q93153,Armen Sarkissian,Q3553274,Vahagn Khachatryan,Who is the head of state of Armenia?,"Armenia is a unitary, multi-party, democratic nation-state with a presidential system. The President"
mistral-7b-v0.3,date_prefix,0,P35:Q399:Q93153->Q3553274@2022-03-13,P35,Q93153,Armen Sarkissian,Q3553274,Vahagn Khachatryan,In 2022: Who is the head of state of Armenia?,The head of state of Armenia is the President of Armenia. The current President of Armenia is Armen S
mistral-7b-v0.3,instruction,0,P35:Q399:Q93153->Q3553274@2022-03-13,P35,Q93153,Armen Sarkissian,Q3553274,Vahagn Khachatryan,"Answer with the current, most up-to-date fact. Who is the head of state of Armenia?",## Answer
mistral-7b-v0.3,tas,0,P35:Q399:Q93153->Q3553274@2022-03-13,P35,Q93153,Armen Sarkissian,Q3553274,Vahagn Khachatryan,Who is the head of state of Armenia?,"Armenia is a unitary, multi-party, democratic nation-state with a presidential system. The President"
mistral-7b-v0.3,iti,0,P35:Q399:Q93153->Q3553274@2022-03-13,P35,Q93153,Armen Sarkissian,Q3553274,Vahagn Khachatryan,Who is the head of state of Armenia?,"Armenia is a unitary, multi-party, democratic nation-state with a presidential system. The President"
mistral-7b-v0.3,standard,0,P169:Q498930:Q10875406->Q11462272@2011-01-01,P169,Q10875406,Naotoshi Nakajima,Q11462272,Akio Koike,Who is the chief executive officer of Hokkaido Railway Company?,Hokkaido Railway Company (JR Hokkaido) is a Japanese railway company that operates the H
mistral-7b-v0.3,date_prefix,0,P169:Q498930:Q10875406->Q11462272@2011-01-01,P169,Q10875406,Naotoshi Nakajima,Q11462272,Akio Koike,In 2011: Who is the chief executive officer of Hokkaido Railway Company?,A. Yoshihiro Hasegawa
mistral-7b-v0.3,instruction,0,P169:Q498930:Q10875406->Q11462272@2011-01-01,P169,Q10875406,Naotoshi Nakajima,Q11462272,Akio Koike,"Answer with the current, most up-to-date fact. Who is the chief executive officer of Hokkaido Railway Company?",## Answer
mistral-7b-v0.3,tas,0,P169:Q498930:Q10875406->Q11462272@2011-01-01,P169,Q10875406,Naotoshi Nakajima,Q11462272,Akio Koike,Who is the chief executive officer of Hokkaido Railway Company?,Hokkaido Railway Company (JR Hokkaido) is a Japanese railway company that operates the H
mistral-7b-v0.3,iti,0,P169:Q498930:Q10875406->Q11462272@2011-01-01,P169,Q10875406,Naotoshi Nakajima,Q11462272,Akio Koike,Who is the chief executive officer of Hokkaido Railway Company?,Hokkaido Railway Company (JR Hokkaido) is a Japanese railway company that operates the H
mistral-7b-v0.3,standard,0,P169:Q7999846:Q7192785->Q11778744@2010-02-26,P169,Q7192785,Pieter Hintjens,Q11778744,Michał Frąckowiak,Who is the chief executive officer of Wikidot?,Wikidot is a free wiki hosting service. It was founded in 2006 by Marc
mistral-7b-v0.3,date_prefix,0,P169:Q7999846:Q7192785->Q11778744@2010-02-26,P169,Q7192785,Pieter Hintjens,Q11778744,Michał Frąckowiak,In 2010: Who is the chief executive officer of Wikidot?,In 2010: Who is the chief executive officer of Wikidot?
mistral-7b-v0.3,instruction,0,P169:Q7999846:Q7192785->Q11778744@2010-02-26,P169,Q7192785,Pieter Hintjens,Q11778744,Michał Frąckowiak,"Answer with the current, most up-to-date fact. Who is the chief executive officer of Wikidot?",## Answer
mistral-7b-v0.3,tas,0,P169:Q7999846:Q7192785->Q11778744@2010-02-26,P169,Q7192785,Pieter Hintjens,Q11778744,Michał Frąckowiak,Who is the chief executive officer of Wikidot?,Wikidot is a free wiki hosting service. It was founded in 2006 by Marc
mistral-7b-v0.3,iti,0,P169:Q7999846:Q7192785->Q11778744@2010-02-26,P169,Q7192785,Pieter Hintjens,Q11778744,Michał Frąckowiak,Who is the chief executive officer of Wikidot?,Wikidot is a free wiki hosting service. It was founded in 2006 by Marc
mistral-7b-v0.3,standard,0,P286:Q754410:Q1336392->Q29782@2010-01-01,P286,Q1336392,Vladimír Růžička,Q29782,Alois Hadamczik,Who is the head coach of Czechia men's national ice hockey team?,The Czech Republic men's national ice hockey team (Czech: Česká republika v led
mistral-7b-v0.3,date_prefix,0,P286:Q754410:Q1336392->Q29782@2010-01-01,P286,Q1336392,Vladimír Růžička,Q29782,Alois Hadamczik,In 2010: Who is the head coach of Czechia men's national ice hockey team?,Answer: Alois Hadamczik
mistral-7b-v0.3,instruction,0,P286:Q754410:Q1336392->Q29782@2010-01-01,P286,Q1336392,Vladimír Růžička,Q29782,Alois Hadamczik,"Answer with the current, most up-to-date fact. Who is the head coach of Czechia men's national ice hockey team?",## Answer
mistral-7b-v0.3,tas,0,P286:Q754410:Q1336392->Q29782@2010-01-01,P286,Q1336392,Vladimír Růžička,Q29782,Alois Hadamczik,Who is the head coach of Czechia men's national ice hockey team?,The Czech Republic men's national ice hockey team (Czech: Česká republika v led
mistral-7b-v0.3,iti,0,P286:Q754410:Q1336392->Q29782@2010-01-01,P286,Q1336392,Vladimír Růžička,Q29782,Alois Hadamczik,Who is the head coach of Czechia men's national ice hockey team?,The Czech Republic men's national ice hockey team (Czech: Česká republika v led
mistral-7b-v0.3,standard,0,P286:Q81888:Q2844569->Q348301@2022-07-01,P286,Q2844569,Erik ten Hag,Q348301,Alfred Schreuder,Who is the head coach of AFC Ajax?,AFC Ajax is a Dutch professional football club based in Amsterdam. The club was founded in 190
mistral-7b-v0.3,date_prefix,0,P286:Q81888:Q2844569->Q348301@2022-07-01,P286,Q2844569,Erik ten Hag,Q348301,Alfred Schreuder,In 2022: Who is the head coach of AFC Ajax?,Ajax is a Dutch professional football club based in Amsterdam. The club was founded in 1900 and
mistral-7b-v0.3,instruction,0,P286:Q81888:Q2844569->Q348301@2022-07-01,P286,Q2844569,Erik ten Hag,Q348301,Alfred Schreuder,"Answer with the current, most up-to-date fact. Who is the head coach of AFC Ajax?",## Answer
mistral-7b-v0.3,tas,0,P286:Q81888:Q2844569->Q348301@2022-07-01,P286,Q2844569,Erik ten Hag,Q348301,Alfred Schreuder,Who is the head coach of AFC Ajax?,AFC Ajax is a Dutch professional football club based in Amsterdam. The club was founded in 190
mistral-7b-v0.3,iti,0,P286:Q81888:Q2844569->Q348301@2022-07-01,P286,Q2844569,Erik ten Hag,Q348301,Alfred Schreuder,Who is the head coach of AFC Ajax?,AFC Ajax is a Dutch professional football club based in Amsterdam. The club was founded in 190
mistral-7b-v0.3,standard,0,P286:Q2739:Q10346582->Q79983@2021-07-01,P286,Q10346582,Paulo Fonseca,Q79983,José Mourinho,Who is the head coach of AS Roma?,Paulo Fonseca is the head coach of AS Roma.
mistral-7b-v0.3,date_prefix,0,P286:Q2739:Q10346582->Q79983@2021-07-01,P286,Q10346582,Paulo Fonseca,Q79983,José Mourinho,In 2021: Who is the head coach of AS Roma?,AS Roma is an Italian professional football club based in Rome. The club was founded in 1927 and
mistral-7b-v0.3,instruction,0,P286:Q2739:Q10346582->Q79983@2021-07-01,P286,Q10346582,Paulo Fonseca,Q79983,José Mourinho,"Answer with the current, most up-to-date fact. Who is the head coach of AS Roma?",## Answer
mistral-7b-v0.3,tas,0,P286:Q2739:Q10346582->Q79983@2021-07-01,P286,Q10346582,Paulo Fonseca,Q79983,José Mourinho,Who is the head coach of AS Roma?,"AS Roma is an Italian professional football club based in Rome. Founded in 1927, the club"
mistral-7b-v0.3,iti,0,P286:Q2739:Q10346582->Q79983@2021-07-01,P286,Q10346582,Paulo Fonseca,Q79983,José Mourinho,Who is the head coach of AS Roma?,"AS Roma is an Italian professional football club based in Rome. Founded in 1927, the club"
mistral-7b-v0.3,standard,0,P286:Q631:Q310813->Q26580@2019-07-01,P286,Q310813,Luciano Spalletti,Q26580,Antonio Conte,Who is the head coach of Inter Milan?,Simone Inzaghi is the head coach of Inter Milan.
mistral-7b-v0.3,date_prefix,0,P286:Q631:Q310813->Q26580@2019-07-01,P286,Q310813,Luciano Spalletti,Q26580,Antonio Conte,In 2019: Who is the head coach of Inter Milan?,Antonio Conte is the head coach of Inter Milan.
mistral-7b-v0.3,instruction,0,P286:Q631:Q310813->Q26580@2019-07-01,P286,Q310813,Luciano Spalletti,Q26580,Antonio Conte,"Answer with the current, most up-to-date fact. Who is the head coach of Inter Milan?",## Answer
mistral-7b-v0.3,tas,0,P286:Q631:Q310813->Q26580@2019-07-01,P286,Q310813,Luciano Spalletti,Q26580,Antonio Conte,Who is the head coach of Inter Milan?,Simone Inzaghi is the head coach of Inter Milan.
mistral-7b-v0.3,iti,0,P286:Q631:Q310813->Q26580@2019-07-01,P286,Q310813,Luciano Spalletti,Q26580,Antonio Conte,Who is the head coach of Inter Milan?,Simone Inzaghi is the head coach of Inter Milan. He is an Italian professional football manager and former
mistral-7b-v0.3,standard,0,P286:Q615:Q164038->Q222924@2012-01-01,P286,Q164038,Pep Guardiola,Q222924,Tito Vilanova,Who is the head coach of Lionel Messi?,Lionel Messi is a professional footballer who plays as a forward for the Argentina national team and the Spanish
mistral-7b-v0.3,date_prefix,0,P286:Q615:Q164038->Q222924@2012-01-01,P286,Q164038,Pep Guardiola,Q222924,Tito Vilanova,In 2012: Who is the head coach of Lionel Messi?,Lionel Messi is a professional footballer who plays for FC Barcelona and the Argentina national team. He is
mistral-7b-v0.3,instruction,0,P286:Q615:Q164038->Q222924@2012-01-01,P286,Q164038,Pep Guardiola,Q222924,Tito Vilanova,"Answer with the current, most up-to-date fact. Who is the head coach of Lionel Messi?",## Lionel Messi’s coach
mistral-7b-v0.3,tas,0,P286:Q615:Q164038->Q222924@2012-01-01,P286,Q164038,Pep Guardiola,Q222924,Tito Vilanova,Who is the head coach of Lionel Messi?,Lionel Messi is a professional footballer who plays as a forward for the Argentina national team and the Spanish
mistral-7b-v0.3,iti,0,P286:Q615:Q164038->Q222924@2012-01-01,P286,Q164038,Pep Guardiola,Q222924,Tito Vilanova,Who is the head coach of Lionel Messi?,Lionel Messi is a professional footballer who plays as a forward for the Argentina national team and the Spanish
mistral-7b-v0.3,standard,0,P286:Q615:Q359118->Q192635@2020-01-01,P286,Q359118,Ernesto Valverde,Q192635,Ronald Koeman,Who is the head coach of Lionel Messi?,Lionel Messi is a professional footballer who plays as a forward for the Argentina national team and the Spanish
mistral-7b-v0.3,date_prefix,0,P286:Q615:Q359118->Q192635@2020-01-01,P286,Q359118,Ernesto Valverde,Q192635,Ronald Koeman,In 2020: Who is the head coach of Lionel Messi?,Lionel Messi is a professional footballer who plays for FC Barcelona and the Argentina national team. He is
mistral-7b-v0.3,instruction,0,P286:Q615:Q359118->Q192635@2020-01-01,P286,Q359118,Ernesto Valverde,Q192635,Ronald Koeman,"Answer with the current, most up-to-date fact. Who is the head coach of Lionel Messi?",## Lionel Messi’s coach
mistral-7b-v0.3,tas,0,P286:Q615:Q359118->Q192635@2020-01-01,P286,Q359118,Ernesto Valverde,Q192635,Ronald Koeman,Who is the head coach of Lionel Messi?,Lionel Messi is a professional footballer who plays as a forward for the Argentina national team and the Spanish
mistral-7b-v0.3,iti,0,P286:Q615:Q359118->Q192635@2020-01-01,P286,Q359118,Ernesto Valverde,Q192635,Ronald Koeman,Who is the head coach of Lionel Messi?,Lionel Messi is a professional footballer who plays as a forward for the Argentina national team and the Spanish
mistral-7b-v0.3,standard,0,P286:Q2052:Q297768->Q604969@2019-12-23,P286,Q297768,Vincenzo Montella,Q604969,Giuseppe Iachini,Who is the head coach of ACF Fiorentina?,Vincenzo Italiano is the head coach of ACF Fiorentina. He is an Italian professional football
mistral-7b-v0.3,date_prefix,0,P286:Q2052:Q297768->Q604969@2019-12-23,P286,Q297768,Vincenzo Montella,Q604969,Giuseppe Iachini,In 2019: Who is the head coach of ACF Fiorentina?,The head coach of ACF Fiorentina is Vincenzo Montella.
mistral-7b-v0.3,instruction,0,P286:Q2052:Q297768->Q604969@2019-12-23,P286,Q297768,Vincenzo Montella,Q604969,Giuseppe Iachini,"Answer with the current, most up-to-date fact. Who is the head coach of ACF Fiorentina?",## Answer
mistral-7b-v0.3,tas,0,P286:Q2052:Q297768->Q604969@2019-12-23,P286,Q297768,Vincenzo Montella,Q604969,Giuseppe Iachini,Who is the head coach of ACF Fiorentina?,Vincenzo Italiano is the head coach of ACF Fiorentina. He is an Italian professional football
mistral-7b-v0.3,iti,0,P286:Q2052:Q297768->Q604969@2019-12-23,P286,Q297768,Vincenzo Montella,Q604969,Giuseppe Iachini,Who is the head coach of ACF Fiorentina?,Vincenzo Italiano is the head coach of ACF Fiorentina. He is an Italian professional football
mistral-7b-v0.3,standard,0,P286:Q238593:Q816579->Q5066159@2020-10-09,P286,Q816579,Ben Olsen,Q5066159,Chad Ashton,Who is the head coach of D.C. United?,Ben Olsen is the head coach of D.C. United.
mistral-7b-v0.3,date_prefix,0,P286:Q238593:Q816579->Q5066159@2020-10-09,P286,Q816579,Ben Olsen,Q5066159,Chad Ashton,In 2020: Who is the head coach of D.C. United?,"D.C. United is an American professional soccer club based in Washington, D.C. The team competes"
mistral-7b-v0.3,instruction,0,P286:Q238593:Q816579->Q5066159@2020-10-09,P286,Q816579,Ben Olsen,Q5066159,Chad Ashton,"Answer with the current, most up-to-date fact. Who is the head coach of D.C. United?",The answer is:
mistral-7b-v0.3,tas,0,P286:Q238593:Q816579->Q5066159@2020-10-09,P286,Q816579,Ben Olsen,Q5066159,Chad Ashton,Who is the head coach of D.C. United?,Ben Olsen is the head coach of D.C. United.
mistral-7b-v0.3,iti,0,P286:Q238593:Q816579->Q5066159@2020-10-09,P286,Q816579,Ben Olsen,Q5066159,Chad Ashton,Who is the head coach of D.C. United?,Ben Olsen is the head coach of D.C. United. He was named the 10th
mistral-7b-v0.3,standard,0,P286:Q1544869:Q3013100->Q275350@2021-05-31,P286,Q3013100,Dan Hughes,Q275350,Noelle Quinn,Who is the head coach of Seattle Storm?,Dawn Staley
mistral-7b-v0.3,date_prefix,0,P286:Q1544869:Q3013100->Q275350@2021-05-31,P286,Q3013100,Dan Hughes,Q275350,Noelle Quinn,In 2021: Who is the head coach of Seattle Storm?,## Who is the head coach of Seattle Storm?
mistral-7b-v0.3,instruction,0,P286:Q1544869:Q3013100->Q275350@2021-05-31,P286,Q3013100,Dan Hughes,Q275350,Noelle Quinn,"Answer with the current, most up-to-date fact. Who is the head coach of Seattle Storm?",## Answer
mistral-7b-v0.3,tas,0,P286:Q1544869:Q3013100->Q275350@2021-05-31,P286,Q3013100,Dan Hughes,Q275350,Noelle Quinn,Who is the head coach of Seattle Storm?,Dawn Staley
mistral-7b-v0.3,iti,0,P286:Q1544869:Q3013100->Q275350@2021-05-31,P286,Q3013100,Dan Hughes,Q275350,Noelle Quinn,Who is the head coach of Seattle Storm?,Seattle Storm head coach Noelle Quinn has been named the 2021 WNBA Coach of the
mistral-7b-v0.3,standard,0,P286:Q321061:Q3894541->Q443937@2022-11-21,P286,Q3894541,Paolo Tramezzani,Q443937,Fabio Celestini,Who is the head coach of FC Sion?,"FC Sion is a Swiss football club based in Sion, Valais. The club was founded in 1"
mistral-7b-v0.3,date_prefix,0,P286:Q321061:Q3894541->Q443937@2022-11-21,P286,Q3894541,Paolo Tramezzani,Q443937,Fabio Celestini,In 2022: Who is the head coach of FC Sion?,"FC Sion is a Swiss football club based in Sion, Switzerland. The club was founded in 19"
mistral-7b-v0.3,instruction,0,P286:Q321061:Q3894541->Q443937@2022-11-21,P286,Q3894541,Paolo Tramezzani,Q443937,Fabio Celestini,"Answer with the current, most up-to-date fact. Who is the head coach of FC Sion?",## Answer
mistral-7b-v0.3,tas,0,P286:Q321061:Q3894541->Q443937@2022-11-21,P286,Q3894541,Paolo Tramezzani,Q443937,Fabio Celestini,Who is the head coach of FC Sion?,"FC Sion is a Swiss football club based in Sion, Valais. The club was founded in 1"
mistral-7b-v0.3,iti,0,P286:Q321061:Q3894541->Q443937@2022-11-21,P286,Q3894541,Paolo Tramezzani,Q443937,Fabio Celestini,Who is the head coach of FC Sion?,"FC Sion is a Swiss football club based in Sion, Valais. The club was founded in 1"
mistral-7b-v0.3,standard,0,P286:Q319136:Q56544048->Q3178809@2019-06-27,P286,Q56544048,Oran Kearney,Q3178809,Jim Goodwin,Who is the head coach of St. Mirren F.C.?,"St. Mirren F.C. is a professional football club based in Paisley, Scotland. The club"
mistral-7b-v0.3,date_prefix,0,P286:Q319136:Q56544048->Q3178809@2019-06-27,P286,Q56544048,Oran Kearney,Q3178809,Jim Goodwin,In 2019: Who is the head coach of St. Mirren F.C.?,# St. Mirren F.C.
mistral-7b-v0.3,instruction,0,P286:Q319136:Q56544048->Q3178809@2019-06-27,P286,Q56544048,Oran Kearney,Q3178809,Jim Goodwin,"Answer with the current, most up-to-date fact. Who is the head coach of St. Mirren F.C.?",Answer: Jim Goodwin
mistral-7b-v0.3,tas,0,P286:Q319136:Q56544048->Q3178809@2019-06-27,P286,Q56544048,Oran Kearney,Q3178809,Jim Goodwin,Who is the head coach of St. Mirren F.C.?,"St. Mirren F.C. is a professional football club based in Paisley, Scotland. The club"
mistral-7b-v0.3,iti,0,P286:Q319136:Q56544048->Q3178809@2019-06-27,P286,Q56544048,Oran Kearney,Q3178809,Jim Goodwin,Who is the head coach of St. Mirren F.C.?,"St. Mirren F.C. is a professional football club based in Paisley, Scotland. The club"
mistral-7b-v0.3,standard,0,P286:Q190916:Q315992->Q381805@2017-01-01,P286,Q315992,Michel Preud'homme,Q381805,Ivan Leko,Who is the head coach of Club Brugge K.V.?,"Club Brugge K.V. is a Belgian professional football club based in Bruges, West F"
mistral-7b-v0.3,date_prefix,0,P286:Q190916:Q315992->Q381805@2017-01-01,P286,Q315992,Michel Preud'homme,Q381805,Ivan Leko,In 2017: Who is the head coach of Club Brugge K.V.?,Club Brugge K.V. is a Belgian football club based in Bruges. The club was
mistral-7b-v0.3,instruction,0,P286:Q190916:Q315992->Q381805@2017-01-01,P286,Q315992,Michel Preud'homme,Q381805,Ivan Leko,"Answer with the current, most up-to-date fact. Who is the head coach of Club Brugge K.V.?",## Answer
mistral-7b-v0.3,tas,0,P286:Q190916:Q315992->Q381805@2017-01-01,P286,Q315992,Michel Preud'homme,Q381805,Ivan Leko,Who is the head coach of Club Brugge K.V.?,"Club Brugge K.V. is a Belgian professional football club based in Bruges, West F"
mistral-7b-v0.3,iti,0,P286:Q190916:Q315992->Q381805@2017-01-01,P286,Q315992,Michel Preud'homme,Q381805,Ivan Leko,Who is the head coach of Club Brugge K.V.?,"Club Brugge K.V. is a Belgian professional football club based in Bruges, West F"
mistral-7b-v0.3,standard,0,P286:Q190916:Q1338480->Q348301@2022-01-03,P286,Q1338480,Philippe Clement,Q348301,Alfred Schreuder,Who is the head coach of Club Brugge K.V.?,"Club Brugge K.V. is a Belgian professional football club based in Bruges, West F"
mistral-7b-v0.3,date_prefix,0,P286:Q190916:Q1338480->Q348301@2022-01-03,P286,Q1338480,Philippe Clement,Q348301,Alfred Schreuder,In 2022: Who is the head coach of Club Brugge K.V.?,Club Brugge K.V. is a Belgian football club based in Bruges. The club was
mistral-7b-v0.3,instruction,0,P286:Q190916:Q1338480->Q348301@2022-01-03,P286,Q1338480,Philippe Clement,Q348301,Alfred Schreuder,"Answer with the current, most up-to-date fact. Who is the head coach of Club Brugge K.V.?",## Answer
mistral-7b-v0.3,tas,0,P286:Q190916:Q1338480->Q348301@2022-01-03,P286,Q1338480,Philippe Clement,Q348301,Alfred Schreuder,Who is the head coach of Club Brugge K.V.?,"Club Brugge K.V. is a Belgian professional football club based in Bruges, West F"
mistral-7b-v0.3,iti,0,P286:Q190916:Q1338480->Q348301@2022-01-03,P286,Q1338480,Philippe Clement,Q348301,Alfred Schreuder,Who is the head coach of Club Brugge K.V.?,"Club Brugge K.V. is a Belgian professional football club based in Bruges, West F"
mistral-7b-v0.3,standard,0,P286:Q190916:Q1784080->Q605304@2024-03-18,P286,Q1784080,Ronny Deila,Q605304,Nicky Hayen,Who is the head coach of Club Brugge K.V.?,"Club Brugge K.V. is a Belgian professional football club based in Bruges, West F"
mistral-7b-v0.3,date_prefix,0,P286:Q190916:Q1784080->Q605304@2024-03-18,P286,Q1784080,Ronny Deila,Q605304,Nicky Hayen,In 2024: Who is the head coach of Club Brugge K.V.?,Club Brugge K.V. is a Belgian football club based in Bruges. The club was
mistral-7b-v0.3,instruction,0,P286:Q190916:Q1784080->Q605304@2024-03-18,P286,Q1784080,Ronny Deila,Q605304,Nicky Hayen,"Answer with the current, most up-to-date fact. Who is the head coach of Club Brugge K.V.?",## Answer
mistral-7b-v0.3,tas,0,P286:Q190916:Q1784080->Q605304@2024-03-18,P286,Q1784080,Ronny Deila,Q605304,Nicky Hayen,Who is the head coach of Club Brugge K.V.?,"Club Brugge K.V. is a Belgian professional football club based in Bruges, West F"
mistral-7b-v0.3,iti,0,P286:Q190916:Q1784080->Q605304@2024-03-18,P286,Q1784080,Ronny Deila,Q605304,Nicky Hayen,Who is the head coach of Club Brugge K.V.?,"Club Brugge K.V. is a Belgian professional football club based in Bruges, West F"
mistral-7b-v0.3,standard,0,P286:Q8687:Q359118->Q704571@2017-07-01,P286,Q359118,Ernesto Valverde,Q704571,José Ángel Ziganda,Who is the head coach of Athletic Club?,"Athletic Club Bilbao is a Spanish professional football club based in Bilbao, in the autonomous"
mistral-7b-v0.3,date_prefix,0,P286:Q8687:Q359118->Q704571@2017-07-01,P286,Q359118,Ernesto Valverde,Q704571,José Ángel Ziganda,In 2017: Who is the head coach of Athletic Club?,"Athletic Club Bilbao is a Spanish football club based in Bilbao, Basque Country. The"
mistral-7b-v0.3,instruction,0,P286:Q8687:Q359118->Q704571@2017-07-01,P286,Q359118,Ernesto Valverde,Q704571,José Ángel Ziganda,"Answer with the current, most up-to-date fact. Who is the head coach of Athletic Club?",## Answer
mistral-7b-v0.3,tas,0,P286:Q8687:Q359118->Q704571@2017-07-01,P286,Q359118,Ernesto Valverde,Q704571,José Ángel Ziganda,Who is the head coach of Athletic Club?,"Athletic Club Bilbao is a Spanish professional football club based in Bilbao, in the autonomous"
mistral-7b-v0.3,iti,0,P286:Q8687:Q359118->Q704571@2017-07-01,P286,Q359118,Ernesto Valverde,Q704571,José Ángel Ziganda,Who is the head coach of Athletic Club?,"Athletic Club Bilbao is a Spanish professional football club based in Bilbao, in the autonomous"
mistral-7b-v0.3,standard,0,P286:Q8687:Q1339589->Q359118@2022-07-01,P286,Q1339589,Marcelino García Toral,Q359118,Ernesto Valverde,Who is the head coach of Athletic Club?,"Athletic Club Bilbao is a Spanish professional football club based in Bilbao, in the autonomous"
mistral-7b-v0.3,date_prefix,0,P286:Q8687:Q1339589->Q359118@2022-07-01,P286,Q1339589,Marcelino García Toral,Q359118,Ernesto Valverde,In 2022: Who is the head coach of Athletic Club?,"Athletic Club is a Spanish football club based in Bilbao, Basque Country. The club was founded"
mistral-7b-v0.3,instruction,0,P286:Q8687:Q1339589->Q359118@2022-07-01,P286,Q1339589,Marcelino García Toral,Q359118,Ernesto Valverde,"Answer with the current, most up-to-date fact. Who is the head coach of Athletic Club?",## Answer
mistral-7b-v0.3,tas,0,P286:Q8687:Q1339589->Q359118@2022-07-01,P286,Q1339589,Marcelino García Toral,Q359118,Ernesto Valverde,Who is the head coach of Athletic Club?,"Athletic Club Bilbao is a Spanish professional football club based in Bilbao, in the autonomous"
mistral-7b-v0.3,iti,0,P286:Q8687:Q1339589->Q359118@2022-07-01,P286,Q1339589,Marcelino García Toral,Q359118,Ernesto Valverde,Who is the head coach of Athletic Club?,"Athletic Club Bilbao is a Spanish professional football club based in Bilbao, in the autonomous"
mistral-7b-v0.3,standard,0,P286:Q13361030:Q1784080->Q42869048@2022-06-13,P286,Q1784080,Ronny Deila,Q42869048,Nick Cushing,Who is the head coach of New York City FC?,Ronny Deila is the head coach of New York City FC. He was appointed to the position on
mistral-7b-v0.3,date_prefix,0,P286:Q13361030:Q1784080->Q42869048@2022-06-13,P286,Q1784080,Ronny Deila,Q42869048,Nick Cushing,In 2022: Who is the head coach of New York City FC?,Ronny Deila is the head coach of New York City FC.
mistral-7b-v0.3,instruction,0,P286:Q13361030:Q1784080->Q42869048@2022-06-13,P286,Q1784080,Ronny Deila,Q42869048,Nick Cushing,"Answer with the current, most up-to-date fact. Who is the head coach of New York City FC?",## Answer
mistral-7b-v0.3,tas,0,P286:Q13361030:Q1784080->Q42869048@2022-06-13,P286,Q1784080,Ronny Deila,Q42869048,Nick Cushing,Who is the head coach of New York City FC?,Ronny Deila is the head coach of New York City FC. He was appointed to the position on
mistral-7b-v0.3,iti,0,P286:Q13361030:Q1784080->Q42869048@2022-06-13,P286,Q1784080,Ronny Deila,Q42869048,Nick Cushing,Who is the head coach of New York City FC?,Ronny Deila is the head coach of New York City FC. He was appointed to the position on
mistral-7b-v0.3,standard,0,P286:Q9617:Q295610->Q10560@2019-11-29,P286,Q295610,Unai Emery,Q10560,Freddie Ljungberg,Who is the head coach of Arsenal F.C.?,"Arsenal Football Club is an English professional football club based in Islington, London, that plays in the Premier League"
mistral-7b-v0.3,date_prefix,0,P286:Q9617:Q295610->Q10560@2019-11-29,P286,Q295610,Unai Emery,Q10560,Freddie Ljungberg,In 2019: Who is the head coach of Arsenal F.C.?,Answer:
mistral-7b-v0.3,instruction,0,P286:Q9617:Q295610->Q10560@2019-11-29,P286,Q295610,Unai Emery,Q10560,Freddie Ljungberg,"Answer with the current, most up-to-date fact. Who is the head coach of Arsenal F.C.?",Answer: Mikel Arteta
mistral-7b-v0.3,tas,0,P286:Q9617:Q295610->Q10560@2019-11-29,P286,Q295610,Unai Emery,Q10560,Freddie Ljungberg,Who is the head coach of Arsenal F.C.?,"Arsenal Football Club is an English professional football club based in Islington, London, that plays in the Premier League"
mistral-7b-v0.3,iti,0,P286:Q9617:Q295610->Q10560@2019-11-29,P286,Q295610,Unai Emery,Q10560,Freddie Ljungberg,Who is the head coach of Arsenal F.C.?,"Arsenal Football Club is an English professional football club based in Islington, London, that plays in the Premier League"
mistral-7b-v0.3,standard,0,P286:Q19500:Q372372->Q56434101@2021-07-01,P286,Q372372,Nuno Espírito Santo,Q56434101,Bruno Lage,Who is the head coach of Wolverhampton Wanderers F.C.?,Nuno Espírito Santo (born 25 July 1974) is a Portuguese professional
mistral-7b-v0.3,date_prefix,0,P286:Q19500:Q372372->Q56434101@2021-07-01,P286,Q372372,Nuno Espírito Santo,Q56434101,Bruno Lage,In 2021: Who is the head coach of Wolverhampton Wanderers F.C.?,"Wolverhampton Wanderers F.C. is a professional football club based in Wolverhampton,"
mistral-7b-v0.3,instruction,0,P286:Q19500:Q372372->Q56434101@2021-07-01,P286,Q372372,Nuno Espírito Santo,Q56434101,Bruno Lage,"Answer with the current, most up-to-date fact. Who is the head coach of Wolverhampton Wanderers F.C.?",## Answer
mistral-7b-v0.3,tas,0,P286:Q19500:Q372372->Q56434101@2021-07-01,P286,Q372372,Nuno Espírito Santo,Q56434101,Bruno Lage,Who is the head coach of Wolverhampton Wanderers F.C.?,Nuno Espírito Santo (born 25 July 1974) is a Portuguese professional
mistral-7b-v0.3,iti,0,P286:Q19500:Q372372->Q56434101@2021-07-01,P286,Q372372,Nuno Espírito Santo,Q56434101,Bruno Lage,Who is the head coach of Wolverhampton Wanderers F.C.?,Nuno Espírito Santo (born 25 July 1974) is a Portuguese professional
mistral-7b-v0.3,standard,0,P286:Q5424871:Q1336950->Q646652@2022-06-01,P286,Q1336950,Emil Săndoi,Q646652,Adrian Mihalcea,Who is the head coach of AFC Chindia Târgoviște?,AFC Chindia Târgoviște is a Romanian football club based in Târgovi
mistral-7b-v0.3,date_prefix,0,P286:Q5424871:Q1336950->Q646652@2022-06-01,P286,Q1336950,Emil Săndoi,Q646652,Adrian Mihalcea,In 2022: Who is the head coach of AFC Chindia Târgoviște?,AFC Chindia Târgoviște is a Romanian football club based in Târgovi
mistral-7b-v0.3,instruction,0,P286:Q5424871:Q1336950->Q646652@2022-06-01,P286,Q1336950,Emil Săndoi,Q646652,Adrian Mihalcea,"Answer with the current, most up-to-date fact. Who is the head coach of AFC Chindia Târgoviște?",## Answer
mistral-7b-v0.3,tas,0,P286:Q5424871:Q1336950->Q646652@2022-06-01,P286,Q1336950,Emil Săndoi,Q646652,Adrian Mihalcea,Who is the head coach of AFC Chindia Târgoviște?,AFC Chindia Târgoviște is a Romanian football club based in Târgovi
mistral-7b-v0.3,iti,0,P286:Q5424871:Q1336950->Q646652@2022-06-01,P286,Q1336950,Emil Săndoi,Q646652,Adrian Mihalcea,Who is the head coach of AFC Chindia Târgoviște?,AFC Chindia Târgoviște is a Romanian football club based in Târgovi
mistral-7b-v0.3,standard,0,P286:Q768253:Q603690->Q194311@2020-12-07,P286,Q603690,Antonio Mohamed,Q194311,Javier Aguirre,Who is the head coach of Club de Fútbol Monterrey?,Pedro Caixinha is the head coach of Club de Fútbol Monterrey.
mistral-7b-v0.3,date_prefix,0,P286:Q768253:Q603690->Q194311@2020-12-07,P286,Q603690,Antonio Mohamed,Q194311,Javier Aguirre,In 2020: Who is the head coach of Club de Fútbol Monterrey?,The head coach of Club de Fútbol Monterrey is Antonio Mohamed.
mistral-7b-v0.3,instruction,0,P286:Q768253:Q603690->Q194311@2020-12-07,P286,Q603690,Antonio Mohamed,Q194311,Javier Aguirre,"Answer with the current, most up-to-date fact. Who is the head coach of Club de Fútbol Monterrey?",## Answer
mistral-7b-v0.3,tas,0,P286:Q768253:Q603690->Q194311@2020-12-07,P286,Q603690,Antonio Mohamed,Q194311,Javier Aguirre,Who is the head coach of Club de Fútbol Monterrey?,The head coach of Club de Fútbol Monterrey is Antonio Mohamed.
mistral-7b-v0.3,iti,0,P286:Q768253:Q603690->Q194311@2020-12-07,P286,Q603690,Antonio Mohamed,Q194311,Javier Aguirre,Who is the head coach of Club de Fútbol Monterrey?,Pedro Caixinha is the head coach of Club de Fútbol Monterrey.
mistral-7b-v0.3,standard,0,P286:Q644157:Q932062->Q1606318@2021-01-01,P286,Q932062,Nanne Bergstrand,Q1606318,Henrik Rydström,Who is the head coach of Kalmar FF?,Kalmar FF is a Swedish football club based in Kalmar. The club was founded in 19
mistral-7b-v0.3,date_prefix,0,P286:Q644157:Q932062->Q1606318@2021-01-01,P286,Q932062,Nanne Bergstrand,Q1606318,Henrik Rydström,In 2021: Who is the head coach of Kalmar FF?,The head coach of Kalmar FF is Jens Gustafsson.
mistral-7b-v0.3,instruction,0,P286:Q644157:Q932062->Q1606318@2021-01-01,P286,Q932062,Nanne Bergstrand,Q1606318,Henrik Rydström,"Answer with the current, most up-to-date fact. Who is the head coach of Kalmar FF?",## Answer
mistral-7b-v0.3,tas,0,P286:Q644157:Q932062->Q1606318@2021-01-01,P286,Q932062,Nanne Bergstrand,Q1606318,Henrik Rydström,Who is the head coach of Kalmar FF?,Kalmar FF is a Swedish football club based in Kalmar. The club was founded in 19
mistral-7b-v0.3,iti,0,P286:Q644157:Q932062->Q1606318@2021-01-01,P286,Q932062,Nanne Bergstrand,Q1606318,Henrik Rydström,Who is the head coach of Kalmar FF?,Kalmar FF is a Swedish football club based in Kalmar. The club was founded in 19
mistral-7b-v0.3,standard,0,P286:Q19513:Q965558->Q2399059@2021-06-01,P286,Q965558,Michel Der Zakarian,Q2399059,Olivier Dall'Oglio,Who is the head coach of Montpellier Hérault Sport Club?,Montpellier Hérault Sport Club (French pronunciation: ​[mɔ̃pɛ
mistral-7b-v0.3,date_prefix,0,P286:Q19513:Q965558->Q2399059@2021-06-01,P286,Q965558,Michel Der Zakarian,Q2399059,Olivier Dall'Oglio,In 2021: Who is the head coach of Montpellier Hérault Sport Club?,The head coach of Montpellier Hérault Sport Club is Michel Der Zakarian.
mistral-7b-v0.3,instruction,0,P286:Q19513:Q965558->Q2399059@2021-06-01,P286,Q965558,Michel Der Zakarian,Q2399059,Olivier Dall'Oglio,"Answer with the current, most up-to-date fact. Who is the head coach of Montpellier Hérault Sport Club?",## Answer
mistral-7b-v0.3,tas,0,P286:Q19513:Q965558->Q2399059@2021-06-01,P286,Q965558,Michel Der Zakarian,Q2399059,Olivier Dall'Oglio,Who is the head coach of Montpellier Hérault Sport Club?,Montpellier Hérault Sport Club (French pronunciation: ​[mɔ̃pɛ
mistral-7b-v0.3,iti,0,P286:Q19513:Q965558->Q2399059@2021-06-01,P286,Q965558,Michel Der Zakarian,Q2399059,Olivier Dall'Oglio,Who is the head coach of Montpellier Hérault Sport Club?,Montpellier Hérault Sport Club (French pronunciation: ​[mɔ̃pɛ
mistral-7b-v0.3,standard,0,P286:Q301431:Q2361467->Q566127@2022-07-01,P286,Q2361467,David Nielsen,Q566127,Uwe Rösler,Who is the head coach of Aarhus Gymnastikforening?,Aarhus Gymnastikforening (AGF) is a Danish football club based in Aar
mistral-7b-v0.3,date_prefix,0,P286:Q301431:Q2361467->Q566127@2022-07-01,P286,Q2361467,David Nielsen,Q566127,Uwe Rösler,In 2022: Who is the head coach of Aarhus Gymnastikforening?,Aarhus Gymnastikforening is a Danish gymnastics club based in Aarhus
mistral-7b-v0.3,instruction,0,P286:Q301431:Q2361467->Q566127@2022-07-01,P286,Q2361467,David Nielsen,Q566127,Uwe Rösler,"Answer with the current, most up-to-date fact. Who is the head coach of Aarhus Gymnastikforening?",## Answer
mistral-7b-v0.3,tas,0,P286:Q301431:Q2361467->Q566127@2022-07-01,P286,Q2361467,David Nielsen,Q566127,Uwe Rösler,Who is the head coach of Aarhus Gymnastikforening?,Aarhus Gymnastikforening (AGF) is a Danish football club based in Aar
mistral-7b-v0.3,iti,0,P286:Q301431:Q2361467->Q566127@2022-07-01,P286,Q2361467,David Nielsen,Q566127,Uwe Rösler,Who is the head coach of Aarhus Gymnastikforening?,Aarhus Gymnastikforening (AGF) is a Danish football club based in Aar
mistral-7b-v0.3,standard,0,P286:Q239520:Q5481632->Q3157575@2020-10-15,P286,Q5481632,Francis Kimanzi,Q3157575,Jacob Mulee,Who is the head coach of Kenya men's national football team?,"The head coach of Kenya men's national football team is Englishman Jacob ""Ghost"" Mulee."
mistral-7b-v0.3,date_prefix,0,P286:Q239520:Q5481632->Q3157575@2020-10-15,P286,Q5481632,Francis Kimanzi,Q3157575,Jacob Mulee,In 2020: Who is the head coach of Kenya men's national football team?,# Who is the head coach of Kenya men's national football team?
mistral-7b-v0.3,instruction,0,P286:Q239520:Q5481632->Q3157575@2020-10-15,P286,Q5481632,Francis Kimanzi,Q3157575,Jacob Mulee,"Answer with the current, most up-to-date fact. Who is the head coach of Kenya men's national football team?",## Answer
mistral-7b-v0.3,tas,0,P286:Q239520:Q5481632->Q3157575@2020-10-15,P286,Q5481632,Francis Kimanzi,Q3157575,Jacob Mulee,Who is the head coach of Kenya men's national football team?,"The head coach of Kenya men's national football team is Englishman Jacob ""Ghost"" Mulee."
mistral-7b-v0.3,iti,0,P286:Q239520:Q5481632->Q3157575@2020-10-15,P286,Q5481632,Francis Kimanzi,Q3157575,Jacob Mulee,Who is the head coach of Kenya men's national football team?,Harambee Stars head coach Francis Kimanzi has named his 23-man squad for the upcoming
mistral-7b-v0.3,standard,0,P286:Q224164:Q5570448->Q105047674@2023-01-01,P286,Q5570448,Kliff Kingsbury,Q105047674,Jonathan Gannon,Who is the head coach of Arizona Cardinals?,Kliff Kingsbury
mistral-7b-v0.3,date_prefix,0,P286:Q224164:Q5570448->Q105047674@2023-01-01,P286,Q5570448,Kliff Kingsbury,Q105047674,Jonathan Gannon,In 2023: Who is the head coach of Arizona Cardinals?,The Arizona Cardinals are a professional American football team based in the Phoenix metropolitan area. The Cardinals compete in
mistral-7b-v0.3,instruction,0,P286:Q224164:Q5570448->Q105047674@2023-01-01,P286,Q5570448,Kliff Kingsbury,Q105047674,Jonathan Gannon,"Answer with the current, most up-to-date fact. Who is the head coach of Arizona Cardinals?",## Answer
mistral-7b-v0.3,tas,0,P286:Q224164:Q5570448->Q105047674@2023-01-01,P286,Q5570448,Kliff Kingsbury,Q105047674,Jonathan Gannon,Who is the head coach of Arizona Cardinals?,Kliff Kingsbury
mistral-7b-v0.3,iti,0,P286:Q224164:Q5570448->Q105047674@2023-01-01,P286,Q5570448,Kliff Kingsbury,Q105047674,Jonathan Gannon,Who is the head coach of Arizona Cardinals?,Kliff Kingsbury
mistral-7b-v0.3,standard,0,P286:Q172969:Q15896123->Q2032119@2021-07-01,P286,Q15896123,Luís Castro,Q2032119,Roberto De Zerbi,Who is the head coach of FC Shakhtar Donetsk?,FC Shakhtar Donetsk is a Ukrainian professional football club based in Donetsk. The club
mistral-7b-v0.3,date_prefix,0,P286:Q172969:Q15896123->Q2032119@2021-07-01,P286,Q15896123,Luís Castro,Q2032119,Roberto De Zerbi,In 2021: Who is the head coach of FC Shakhtar Donetsk?,The head coach of FC Shakhtar Donetsk is Roberto De Zerbi.
mistral-7b-v0.3,instruction,0,P286:Q172969:Q15896123->Q2032119@2021-07-01,P286,Q15896123,Luís Castro,Q2032119,Roberto De Zerbi,"Answer with the current, most up-to-date fact. Who is the head coach of FC Shakhtar Donetsk?",## Answer
mistral-7b-v0.3,tas,0,P286:Q172969:Q15896123->Q2032119@2021-07-01,P286,Q15896123,Luís Castro,Q2032119,Roberto De Zerbi,Who is the head coach of FC Shakhtar Donetsk?,FC Shakhtar Donetsk is a Ukrainian professional football club based in Donetsk. The club
mistral-7b-v0.3,iti,0,P286:Q172969:Q15896123->Q2032119@2021-07-01,P286,Q15896123,Luís Castro,Q2032119,Roberto De Zerbi,Who is the head coach of FC Shakhtar Donetsk?,FC Shakhtar Donetsk is a Ukrainian professional football club based in Donetsk. The club
mistral-7b-v0.3,standard,0,P286:Q19473:Q28925194->Q5220807@2020-07-20,P286,Q28925194,Danny Cowley,Q5220807,Danny Schofield,Who is the head coach of Huddersfield Town A.F.C.?,David Wagner is the head coach of Huddersfield Town A.F.C. He is a German football
mistral-7b-v0.3,date_prefix,0,P286:Q19473:Q28925194->Q5220807@2020-07-20,P286,Q28925194,Danny Cowley,Q5220807,Danny Schofield,In 2020: Who is the head coach of Huddersfield Town A.F.C.?,Carlos Corberan is the head coach of Huddersfield Town A.F.C.
mistral-7b-v0.3,instruction,0,P286:Q19473:Q28925194->Q5220807@2020-07-20,P286,Q28925194,Danny Cowley,Q5220807,Danny Schofield,"Answer with the current, most up-to-date fact. Who is the head coach of Huddersfield Town A.F.C.?",## Answer
mistral-7b-v0.3,tas,0,P286:Q19473:Q28925194->Q5220807@2020-07-20,P286,Q28925194,Danny Cowley,Q5220807,Danny Schofield,Who is the head coach of Huddersfield Town A.F.C.?,David Wagner is the head coach of Huddersfield Town A.F.C. He is a German football
mistral-7b-v0.3,iti,0,P286:Q19473:Q28925194->Q5220807@2020-07-20,P286,Q28925194,Danny Cowley,Q5220807,Danny Schofield,Who is the head coach of Huddersfield Town A.F.C.?,"Huddersfield Town A.F.C. is a professional football club based in Huddersfield, West"
mistral-7b-v0.3,standard,0,P286:Q19578:Q7611857->Q376816@2021-02-24,P286,Q7611857,Steve Ball,Q376816,Wayne Brown,Who is the head coach of Colchester United F.C.?,"Colchester United Football Club is a professional association football club based in Colchester, Essex, England. The team"
mistral-7b-v0.3,date_prefix,0,P286:Q19578:Q7611857->Q376816@2021-02-24,P286,Q7611857,Steve Ball,Q376816,Wayne Brown,In 2021: Who is the head coach of Colchester United F.C.?,## Who is the head coach of Colchester United F.C.?
mistral-7b-v0.3,instruction,0,P286:Q19578:Q7611857->Q376816@2021-02-24,P286,Q7611857,Steve Ball,Q376816,Wayne Brown,"Answer with the current, most up-to-date fact. Who is the head coach of Colchester United F.C.?",## Answer
mistral-7b-v0.3,tas,0,P286:Q19578:Q7611857->Q376816@2021-02-24,P286,Q7611857,Steve Ball,Q376816,Wayne Brown,Who is the head coach of Colchester United F.C.?,"Colchester United Football Club is a professional association football club based in Colchester, Essex, England. The team"
mistral-7b-v0.3,iti,0,P286:Q19578:Q7611857->Q376816@2021-02-24,P286,Q7611857,Steve Ball,Q376816,Wayne Brown,Who is the head coach of Colchester United F.C.?,"Colchester United Football Club is a professional association football club based in Colchester, Essex, England. The team"
mistral-7b-v0.3,standard,0,P488:Q9630:Q216594->Q234182@2015-05-08,P488,Q216594,Ed Miliband,Q234182,Harriet Harman,Who is the chairperson of Labour Party?,The Labour Party is a centre-left political party in the United Kingdom. It was founded in 190
mistral-7b-v0.3,date_prefix,0,P488:Q9630:Q216594->Q234182@2015-05-08,P488,Q216594,Ed Miliband,Q234182,Harriet Harman,In 2015: Who is the chairperson of Labour Party?,Answer:
mistral-7b-v0.3,instruction,0,P488:Q9630:Q216594->Q234182@2015-05-08,P488,Q216594,Ed Miliband,Q234182,Harriet Harman,"Answer with the current, most up-to-date fact. Who is the chairperson of Labour Party?",Answer:
mistral-7b-v0.3,tas,0,P488:Q9630:Q216594->Q234182@2015-05-08,P488,Q216594,Ed Miliband,Q234182,Harriet Harman,Who is the chairperson of Labour Party?,The Labour Party is a centre-left political party in the United Kingdom. It was founded in 190
mistral-7b-v0.3,iti,0,P488:Q9630:Q216594->Q234182@2015-05-08,P488,Q216594,Ed Miliband,Q234182,Harriet Harman,Who is the chairperson of Labour Party?,The Labour Party is a centre-left political party in the United Kingdom. It was founded in 190
mistral-7b-v0.3,standard,0,P488:Q684886:Q938224->Q37860840@2020-01-12,P488,Q938224,Joseph Muscat,Q37860840,Robert Abela,Who is the chairperson of Labour Party?,The Labour Party is a centre-left political party in the United Kingdom. It was founded in 190
mistral-7b-v0.3,date_prefix,0,P488:Q684886:Q938224->Q37860840@2020-01-12,P488,Q938224,Joseph Muscat,Q37860840,Robert Abela,In 2020: Who is the chairperson of Labour Party?,The chairperson of Labour Party is Iain McNicol.
mistral-7b-v0.3,instruction,0,P488:Q684886:Q938224->Q37860840@2020-01-12,P488,Q938224,Joseph Muscat,Q37860840,Robert Abela,"Answer with the current, most up-to-date fact. Who is the chairperson of Labour Party?",Answer:
mistral-7b-v0.3,tas,0,P488:Q684886:Q938224->Q37860840@2020-01-12,P488,Q938224,Joseph Muscat,Q37860840,Robert Abela,Who is the chairperson of Labour Party?,The Labour Party is a centre-left political party in the United Kingdom. It was founded in 190
mistral-7b-v0.3,iti,0,P488:Q684886:Q938224->Q37860840@2020-01-12,P488,Q938224,Joseph Muscat,Q37860840,Robert Abela,Who is the chairperson of Labour Party?,The Labour Party is a centre-left political party in the United Kingdom. It was founded in 190
mistral-7b-v0.3,standard,0,P488:Q72939903:Q17351008->Q33266357@2011-01-01,P488,Q17351008,Vincent Prolongeau,Q33266357,Denis Terrien,Who is the chairperson of Entreprise et Progrès?,The chairperson of Entreprise et Progrès is Mr. Jean-Pierre Bédat.
mistral-7b-v0.3,date_prefix,0,P488:Q72939903:Q17351008->Q33266357@2011-01-01,P488,Q17351008,Vincent Prolongeau,Q33266357,Denis Terrien,In 2011: Who is the chairperson of Entreprise et Progrès?,In 2011: Who is the chairperson of Entreprise et Progrès?
mistral-7b-v0.3,instruction,0,P488:Q72939903:Q17351008->Q33266357@2011-01-01,P488,Q17351008,Vincent Prolongeau,Q33266357,Denis Terrien,"Answer with the current, most up-to-date fact. Who is the chairperson of Entreprise et Progrès?",## Answer
mistral-7b-v0.3,tas,0,P488:Q72939903:Q17351008->Q33266357@2011-01-01,P488,Q17351008,Vincent Prolongeau,Q33266357,Denis Terrien,Who is the chairperson of Entreprise et Progrès?,The chairperson of Entreprise et Progrès is Mr. Jean-Pierre Bédat.
mistral-7b-v0.3,iti,0,P488:Q72939903:Q17351008->Q33266357@2011-01-01,P488,Q17351008,Vincent Prolongeau,Q33266357,Denis Terrien,Who is the chairperson of Entreprise et Progrès?,The chairperson of Entreprise et Progrès is Mr. Jean-Pierre Bédat.
mistral-7b-v0.3,standard,0,P488:Q10691:Q10694->Q3405033@2018-01-01,P488,Q10694,Leanne Wood,Q3405033,Adam Price,Who is the chairperson of Plaid Cymru?,The chairperson of Plaid Cymru is currently Dafydd Iwan.
mistral-7b-v0.3,date_prefix,0,P488:Q10691:Q10694->Q3405033@2018-01-01,P488,Q10694,Leanne Wood,Q3405033,Adam Price,In 2018: Who is the chairperson of Plaid Cymru?,The chairperson of Plaid Cymru is Dafydd Iwan.
mistral-7b-v0.3,instruction,0,P488:Q10691:Q10694->Q3405033@2018-01-01,P488,Q10694,Leanne Wood,Q3405033,Adam Price,"Answer with the current, most up-to-date fact. Who is the chairperson of Plaid Cymru?",The current leader of Plaid Cymru is Adam Price.
mistral-7b-v0.3,tas,0,P488:Q10691:Q10694->Q3405033@2018-01-01,P488,Q10694,Leanne Wood,Q3405033,Adam Price,Who is the chairperson of Plaid Cymru?,The chairperson of Plaid Cymru is currently Dafydd Iwan.
mistral-7b-v0.3,iti,0,P488:Q10691:Q10694->Q3405033@2018-01-01,P488,Q10694,Leanne Wood,Q3405033,Adam Price,Who is the chairperson of Plaid Cymru?,The chairperson of Plaid Cymru is currently Dafydd Iwan.
mistral-7b-v0.3,standard,0,P488:Q188822:Q5384551->Q73667919@2020-01-17,P488,Q5384551,Takehiko Nakao,Q73667919,Masatsugu Asakawa,Who is the chairperson of Asian Development Bank?,The Asian Development Bank (ADB) is a regional development bank established on 19 December 196
mistral-7b-v0.3,date_prefix,0,P488:Q188822:Q5384551->Q73667919@2020-01-17,P488,Q5384551,Takehiko Nakao,Q73667919,Masatsugu Asakawa,In 2020: Who is the chairperson of Asian Development Bank?,[UPS Solution]
mistral-7b-v0.3,instruction,0,P488:Q188822:Q5384551->Q73667919@2020-01-17,P488,Q5384551,Takehiko Nakao,Q73667919,Masatsugu Asakawa,"Answer with the current, most up-to-date fact. Who is the chairperson of Asian Development Bank?",## Answer
mistral-7b-v0.3,tas,0,P488:Q188822:Q5384551->Q73667919@2020-01-17,P488,Q5384551,Takehiko Nakao,Q73667919,Masatsugu Asakawa,Who is the chairperson of Asian Development Bank?,The Asian Development Bank (ADB) is a regional development bank established on 19 December 196
mistral-7b-v0.3,iti,0,P488:Q188822:Q5384551->Q73667919@2020-01-17,P488,Q5384551,Takehiko Nakao,Q73667919,Masatsugu Asakawa,Who is the chairperson of Asian Development Bank?,The Asian Development Bank (ADB) is a regional development bank established on 19 December 196
mistral-7b-v0.3,standard,0,P488:Q946040:Q4861362->Q6832641@2018-02-26,P488,Q4861362,Barnaby Joyce,Q6832641,Michael McCormack,Who is the chairperson of National Party of Australia?,The National Party of Australia is a conservative political party in Australia. It is the junior partner in the Coalition with
mistral-7b-v0.3,date_prefix,0,P488:Q946040:Q4861362->Q6832641@2018-02-26,P488,Q4861362,Barnaby Joyce,Q6832641,Michael McCormack,In 2018: Who is the chairperson of National Party of Australia?,Answer:
mistral-7b-v0.3,instruction,0,P488:Q946040:Q4861362->Q6832641@2018-02-26,P488,Q4861362,Barnaby Joyce,Q6832641,Michael McCormack,"Answer with the current, most up-to-date fact. Who is the chairperson of National Party of Australia?",## Answer
mistral-7b-v0.3,tas,0,P488:Q946040:Q4861362->Q6832641@2018-02-26,P488,Q4861362,Barnaby Joyce,Q6832641,Michael McCormack,Who is the chairperson of National Party of Australia?,The National Party of Australia is a conservative political party in Australia. It is the junior partner in the Coalition with
mistral-7b-v0.3,iti,0,P488:Q946040:Q4861362->Q6832641@2018-02-26,P488,Q4861362,Barnaby Joyce,Q6832641,Michael McCormack,Who is the chairperson of National Party of Australia?,The National Party of Australia is a conservative political party in Australia. It is the junior partner in the Coalition with
mistral-7b-v0.3,standard,0,P488:Q946040:Q4861362->Q25756209@2022-05-30,P488,Q4861362,Barnaby Joyce,Q25756209,David Littleproud,Who is the chairperson of National Party of Australia?,The National Party of Australia is a conservative political party in Australia. It is the junior partner in the Coalition with
mistral-7b-v0.3,date_prefix,0,P488:Q946040:Q4861362->Q25756209@2022-05-30,P488,Q4861362,Barnaby Joyce,Q25756209,David Littleproud,In 2022: Who is the chairperson of National Party of Australia?,The National Party of Australia is a conservative political party in Australia. It is the junior partner in the Coalition with
mistral-7b-v0.3,instruction,0,P488:Q946040:Q4861362->Q25756209@2022-05-30,P488,Q4861362,Barnaby Joyce,Q25756209,David Littleproud,"Answer with the current, most up-to-date fact. Who is the chairperson of National Party of Australia?",## Answer
mistral-7b-v0.3,tas,0,P488:Q946040:Q4861362->Q25756209@2022-05-30,P488,Q4861362,Barnaby Joyce,Q25756209,David Littleproud,Who is the chairperson of National Party of Australia?,The National Party of Australia is a conservative political party in Australia. It is the junior partner in the Coalition with
mistral-7b-v0.3,iti,0,P488:Q946040:Q4861362->Q25756209@2022-05-30,P488,Q4861362,Barnaby Joyce,Q25756209,David Littleproud,Who is the chairperson of National Party of Australia?,The National Party of Australia is a conservative political party in Australia. It is the junior partner in the Coalition with
mistral-7b-v0.3,standard,0,P488:Q320306:Q6659788->Q21179176@2019-05-29,P488,Q6659788,Liviu Dragnea,Q21179176,Marcel Ciolacu,Who is the chairperson of Chamber of Deputies of Romania?,The Chamber of Deputies of Romania is the lower house of the Romanian Parliament. The Chamber of Dep
mistral-7b-v0.3,date_prefix,0,P488:Q320306:Q6659788->Q21179176@2019-05-29,P488,Q6659788,Liviu Dragnea,Q21179176,Marcel Ciolacu,In 2019: Who is the chairperson of Chamber of Deputies of Romania?,The Chamber of Deputies of Romania is the lower house of the Romanian Parliament. The Chamber of Dep
mistral-7b-v0.3,instruction,0,P488:Q320306:Q6659788->Q21179176@2019-05-29,P488,Q6659788,Liviu Dragnea,Q21179176,Marcel Ciolacu,"Answer with the current, most up-to-date fact. Who is the chairperson of Chamber of Deputies of Romania?",## Answer
mistral-7b-v0.3,tas,0,P488:Q320306:Q6659788->Q21179176@2019-05-29,P488,Q6659788,Liviu Dragnea,Q21179176,Marcel Ciolacu,Who is the chairperson of Chamber of Deputies of Romania?,The Chamber of Deputies of Romania is the lower house of the Romanian Parliament. The Chamber of Dep
mistral-7b-v0.3,iti,0,P488:Q320306:Q6659788->Q21179176@2019-05-29,P488,Q6659788,Liviu Dragnea,Q21179176,Marcel Ciolacu,Who is the chairperson of Chamber of Deputies of Romania?,The Chamber of Deputies of Romania is the lower house of the Romanian Parliament. The Chamber of Dep
mistral-7b-v0.3,standard,0,P488:Q5255727:Q17580210->Q4886692@2019-07-01,P488,Q17580210,Martha Laning,Q4886692,Ben Wikler,Who is the chairperson of Democratic Party of Wisconsin?,The Democratic Party of Wisconsin (DPW) is the affiliate of the Democratic Party in the U.S. state
mistral-7b-v0.3,date_prefix,0,P488:Q5255727:Q17580210->Q4886692@2019-07-01,P488,Q17580210,Martha Laning,Q4886692,Ben Wikler,In 2019: Who is the chairperson of Democratic Party of Wisconsin?,The chairperson of the Democratic Party of Wisconsin is Martha Laning.
mistral-7b-v0.3,instruction,0,P488:Q5255727:Q17580210->Q4886692@2019-07-01,P488,Q17580210,Martha Laning,Q4886692,Ben Wikler,"Answer with the current, most up-to-date fact. Who is the chairperson of Democratic Party of Wisconsin?",The current chairperson of the Democratic Party of Wisconsin is Martha Laning.
mistral-7b-v0.3,tas,0,P488:Q5255727:Q17580210->Q4886692@2019-07-01,P488,Q17580210,Martha Laning,Q4886692,Ben Wikler,Who is the chairperson of Democratic Party of Wisconsin?,The Democratic Party of Wisconsin (DPW) is the affiliate of the Democratic Party in the U.S. state
mistral-7b-v0.3,iti,0,P488:Q5255727:Q17580210->Q4886692@2019-07-01,P488,Q17580210,Martha Laning,Q4886692,Ben Wikler,Who is the chairperson of Democratic Party of Wisconsin?,The Democratic Party of Wisconsin (DPW) is the affiliate of the Democratic Party in the U.S. state
mistral-7b-v0.3,standard,0,P488:Q2967472:Q112942139->Q98593052@2019-01-01,P488,Q112942139,Anne-Solveig de Servins,Q98593052,Baptiste Mekari,Who is the chairperson of Chrétiens en Grande École?,The chairperson of Chrétiens en Grande École is a student who is elected by the members of the
mistral-7b-v0.3,date_prefix,0,P488:Q2967472:Q112942139->Q98593052@2019-01-01,P488,Q112942139,Anne-Solveig de Servins,Q98593052,Baptiste Mekari,In 2019: Who is the chairperson of Chrétiens en Grande École?,The chairperson of Chrétiens en Grande École is Mr. Jean-Baptiste BERTR
mistral-7b-v0.3,instruction,0,P488:Q2967472:Q112942139->Q98593052@2019-01-01,P488,Q112942139,Anne-Solveig de Servins,Q98593052,Baptiste Mekari,"Answer with the current, most up-to-date fact. Who is the chairperson of Chrétiens en Grande École?",## Answer
mistral-7b-v0.3,tas,0,P488:Q2967472:Q112942139->Q98593052@2019-01-01,P488,Q112942139,Anne-Solveig de Servins,Q98593052,Baptiste Mekari,Who is the chairperson of Chrétiens en Grande École?,The chairperson of Chrétiens en Grande École is a student who is elected by the members of the
mistral-7b-v0.3,iti,0,P488:Q2967472:Q112942139->Q98593052@2019-01-01,P488,Q112942139,Anne-Solveig de Servins,Q98593052,Baptiste Mekari,Who is the chairperson of Chrétiens en Grande École?,The chairperson of Chrétiens en Grande École is a student who is elected by the members of the
mistral-7b-v0.3,standard,1,P6:Q794:Q34448->Q348144@2013-08-03,P6,Q34448,Mahmoud Ahmadinejad,Q348144,Hassan Rouhani,Who is the head of government of Iran?,"Iran's head of government is the President of Iran, who is elected by popular vote for a four-"
mistral-7b-v0.3,tas,1,P6:Q794:Q34448->Q348144@2013-08-03,P6,Q34448,Mahmoud Ahmadinejad,Q348144,Hassan Rouhani,Who is the head of government of Iran?,"Iran's head of government is the President of Iran, who is elected by popular vote for a four-"
mistral-7b-v0.3,iti,1,P6:Q794:Q34448->Q348144@2013-08-03,P6,Q34448,Mahmoud Ahmadinejad,Q348144,Hassan Rouhani,Who is the head of government of Iran?,"Iran's head of government is the President of Iran, who is elected by popular vote for a four-"
mistral-7b-v0.3,standard,1,P6:Q16:Q206->Q3099714@2015-11-04,P6,Q206,Stephen Harper,Q3099714,Justin Trudeau,Who is the head of government of Canada?,The Prime Minister of Canada is the head of government of Canada. The Prime Minister is the most powerful political figure in
mistral-7b-v0.3,tas,1,P6:Q16:Q206->Q3099714@2015-11-04,P6,Q206,Stephen Harper,Q3099714,Justin Trudeau,Who is the head of government of Canada?,The Prime Minister of Canada is the head of government of Canada. The Prime Minister is the most powerful political figure in
mistral-7b-v0.3,iti,1,P6:Q16:Q206->Q3099714@2015-11-04,P6,Q206,Stephen Harper,Q3099714,Justin Trudeau,Who is the head of government of Canada?,The Prime Minister of Canada is the head of government of Canada. The Prime Minister is the most powerful political figure in
mistral-7b-v0.3,standard,1,P6:Q183:Q567->Q61053@2021-12-08,P6,Q567,Angela Merkel,Q61053,Olaf Scholz,Who is the head of government of Germany?,The head of government of Germany is the Chancellor of Germany. The Chancellor is the head of the
mistral-7b-v0.3,tas,1,P6:Q183:Q567->Q61053@2021-12-08,P6,Q567,Angela Merkel,Q61053,Olaf Scholz,Who is the head of government of Germany?,Angela Merkel is the head of government of Germany.
mistral-7b-v0.3,iti,1,P6:Q183:Q567->Q61053@2021-12-08,P6,Q567,Angela Merkel,Q61053,Olaf Scholz,Who is the head of government of Germany?,The head of government of Germany is the Chancellor of Germany. The Chancellor is the head of the
mistral-7b-v0.3,standard,1,P6:Q980:Q44612->Q50664@2018-03-15,P6,Q44612,Horst Seehofer,Q50664,Markus Söder,Who is the head of government of Bavaria?,"The head of government of Bavaria is the Minister-President of Bavaria, who is elected by"
mistral-7b-v0.3,tas,1,P6:Q980:Q44612->Q50664@2018-03-15,P6,Q44612,Horst Seehofer,Q50664,Markus Söder,Who is the head of government of Bavaria?,Markus Söder is the head of government of Bavaria.
mistral-7b-v0.3,iti,1,P6:Q980:Q44612->Q50664@2018-03-15,P6,Q44612,Horst Seehofer,Q50664,Markus Söder,Who is the head of government of Bavaria?,"The head of government of Bavaria is the Minister-President of Bavaria, who is elected by"
mistral-7b-v0.3,standard,1,P6:Q778:Q57705->Q16732648@2017-05-11,P6,Q57705,Perry Christie,Q16732648,Hubert Minnis,Who is the head of government of The Bahamas?,The Prime Minister of The Bahamas is the head of government of The Bahamas. The Prime Minister is the leader
mistral-7b-v0.3,tas,1,P6:Q778:Q57705->Q16732648@2017-05-11,P6,Q57705,Perry Christie,Q16732648,Hubert Minnis,Who is the head of government of The Bahamas?,The Prime Minister of The Bahamas is the head of government of The Bahamas. The Prime Minister is the leader
mistral-7b-v0.3,iti,1,P6:Q778:Q57705->Q16732648@2017-05-11,P6,Q57705,Perry Christie,Q16732648,Hubert Minnis,Who is the head of government of The Bahamas?,The Prime Minister of The Bahamas is the head of government of The Bahamas. The Prime Minister is the leader
mistral-7b-v0.3,standard,1,P6:Q1770:Q16403144->Q4250802@2019-04-04,P6,Q16403144,Taavi Aas,Q4250802,Mihhail Kõlvart,Who is the head of government of Tallinn?,Tallinn is the capital and largest city of Estonia. It occupies an area of 159
mistral-7b-v0.3,tas,1,P6:Q1770:Q16403144->Q4250802@2019-04-04,P6,Q16403144,Taavi Aas,Q4250802,Mihhail Kõlvart,Who is the head of government of Tallinn?,Tallinn is the capital and largest city of Estonia. It occupies an area of 159
mistral-7b-v0.3,iti,1,P6:Q1770:Q16403144->Q4250802@2019-04-04,P6,Q16403144,Taavi Aas,Q4250802,Mihhail Kõlvart,Who is the head of government of Tallinn?,Tallinn is the capital and largest city of Estonia. It occupies an area of 159
mistral-7b-v0.3,standard,1,P6:Q236:Q200305->Q57746@2010-12-29,P6,Q200305,Milo Đukanović,Q57746,Igor Lukšić,Who is the head of government of Montenegro?,The President of Montenegro is the head of state and the commander-in-chief of the armed
mistral-7b-v0.3,tas,1,P6:Q236:Q200305->Q57746@2010-12-29,P6,Q200305,Milo Đukanović,Q57746,Igor Lukšić,Who is the head of government of Montenegro?,"Montenegro is a parliamentary republic. The head of government is the Prime Minister, who is appointed by"
mistral-7b-v0.3,iti,1,P6:Q236:Q200305->Q57746@2010-12-29,P6,Q200305,Milo Đukanović,Q57746,Igor Lukšić,Who is the head of government of Montenegro?,The President of Montenegro is the head of state and the commander-in-chief of the armed
mistral-7b-v0.3,standard,1,P6:Q236:Q57746->Q200305@2012-12-04,P6,Q57746,Igor Lukšić,Q200305,Milo Đukanović,Who is the head of government of Montenegro?,The President of Montenegro is the head of state and the commander-in-chief of the armed
mistral-7b-v0.3,tas,1,P6:Q236:Q57746->Q200305@2012-12-04,P6,Q57746,Igor Lukšić,Q200305,Milo Đukanović,Who is the head of government of Montenegro?,"Montenegro is a parliamentary republic. The head of government is the Prime Minister, who is appointed by"
mistral-7b-v0.3,iti,1,P6:Q236:Q57746->Q200305@2012-12-04,P6,Q57746,Igor Lukšić,Q200305,Milo Đukanović,Who is the head of government of Montenegro?,The President of Montenegro is the head of state and the commander-in-chief of the armed
mistral-7b-v0.3,standard,1,P6:Q236:Q200305->Q27941657@2016-11-28,P6,Q200305,Milo Đukanović,Q27941657,Duško Marković,Who is the head of government of Montenegro?,The President of Montenegro is the head of state and the commander-in-chief of the armed
mistral-7b-v0.3,tas,1,P6:Q236:Q200305->Q27941657@2016-11-28,P6,Q200305,Milo Đukanović,Q27941657,Duško Marković,Who is the head of government of Montenegro?,"Montenegro is a parliamentary republic. The head of government is the Prime Minister, who is appointed by"
mistral-7b-v0.3,iti,1,P6:Q236:Q200305->Q27941657@2016-11-28,P6,Q200305,Milo Đukanović,Q27941657,Duško Marković,Who is the head of government of Montenegro?,The President of Montenegro is the head of state and the commander-in-chief of the armed
mistral-7b-v0.3,standard,1,P6:Q236:Q27941657->Q97999161@2020-12-04,P6,Q27941657,Duško Marković,Q97999161,Zdravko Krivokapić,Who is the head of government of Montenegro?,The President of Montenegro is the head of state and the commander-in-chief of the armed
mistral-7b-v0.3,tas,1,P6:Q236:Q27941657->Q97999161@2020-12-04,P6,Q27941657,Duško Marković,Q97999161,Zdravko Krivokapić,Who is the head of government of Montenegro?,"Montenegro is a parliamentary republic. The head of government is the Prime Minister, who is appointed by"
mistral-7b-v0.3,iti,1,P6:Q236:Q27941657->Q97999161@2020-12-04,P6,Q27941657,Duško Marković,Q97999161,Zdravko Krivokapić,Who is the head of government of Montenegro?,The President of Montenegro is the head of state and the commander-in-chief of the armed
mistral-7b-v0.3,standard,1,P6:Q45761:Q8294022->Q9010448@2020-11-01,P6,Q8294022,Xu Dazhe,Q9010448,Mao Weiming,Who is the head of government of Hunan?,The Governor of Hunan (Chinese: 湖南省 省长; pinyin: Hún
mistral-7b-v0.3,tas,1,P6:Q45761:Q8294022->Q9010448@2020-11-01,P6,Q8294022,Xu Dazhe,Q9010448,Mao Weiming,Who is the head of government of Hunan?,Hunan is a province of the People's Republic of China. It is located in central China and is
mistral-7b-v0.3,iti,1,P6:Q45761:Q8294022->Q9010448@2020-11-01,P6,Q8294022,Xu Dazhe,Q9010448,Mao Weiming,Who is the head of government of Hunan?,The Governor of Hunan (Chinese: 湖南省 省长; pinyin: Hún
mistral-7b-v0.3,standard,1,P6:Q14424:Q871892->Q62084068@2014-10-12,P6,Q871892,Péter Cseresnyés,Q62084068,Sándor Dénes,Who is the head of government of Nagykanizsa?,The head of government of Nagykanizsa is the mayor. The current mayor is László K
mistral-7b-v0.3,tas,1,P6:Q14424:Q871892->Q62084068@2014-10-12,P6,Q871892,Péter Cseresnyés,Q62084068,Sándor Dénes,Who is the head of government of Nagykanizsa?,The head of government of Nagykanizsa is the mayor. The current mayor is László K
mistral-7b-v0.3,iti,1,P6:Q14424:Q871892->Q62084068@2014-10-12,P6,Q871892,Péter Cseresnyés,Q62084068,Sándor Dénes,Who is the head of government of Nagykanizsa?,The head of government of Nagykanizsa is the mayor. The current mayor is László K
mistral-7b-v0.3,standard,1,P6:Q23681:Q332476->Q57886@2010-05-17,P6,Q332476,Derviş Eroğlu,Q57886,İrsen Küçük,Who is the head of government of Northern Cyprus?,The President of the Turkish Republic of Northern Cyprus is the head of state and the head of government of Northern
mistral-7b-v0.3,tas,1,P6:Q23681:Q332476->Q57886@2010-05-17,P6,Q332476,Derviş Eroğlu,Q57886,İrsen Küçük,Who is the head of government of Northern Cyprus?,The President of the Turkish Republic of Northern Cyprus is the head of state and the head of government of Northern
mistral-7b-v0.3,iti,1,P6:Q23681:Q332476->Q57886@2010-05-17,P6,Q332476,Derviş Eroğlu,Q57886,İrsen Küçük,Who is the head of government of Northern Cyprus?,The President of the Turkish Republic of Northern Cyprus is the head of state and the head of government of Northern
mistral-7b-v0.3,standard,1,P6:Q23681:Q57886->Q14330482@2013-06-13,P6,Q57886,İrsen Küçük,Q14330482,Sibel Siber,Who is the head of government of Northern Cyprus?,The President of the Turkish Republic of Northern Cyprus is the head of state and the head of government of Northern
mistral-7b-v0.3,tas,1,P6:Q23681:Q57886->Q14330482@2013-06-13,P6,Q57886,İrsen Küçük,Q14330482,Sibel Siber,Who is the head of government of Northern Cyprus?,The President of the Turkish Republic of Northern Cyprus is the head of state and the head of government of Northern
mistral-7b-v0.3,iti,1,P6:Q23681:Q57886->Q14330482@2013-06-13,P6,Q57886,İrsen Küçük,Q14330482,Sibel Siber,Who is the head of government of Northern Cyprus?,The President of the Turkish Republic of Northern Cyprus is the head of state and the head of government of Northern
mistral-7b-v0.3,standard,1,P6:Q23681:Q6065323->Q20669153@2015-07-16,P6,Q6065323,Özkan Yorgancıoğlu,Q20669153,Ömer Kalyoncu,Who is the head of government of Northern Cyprus?,The President of the Turkish Republic of Northern Cyprus is the head of state and the head of government of Northern
mistral-7b-v0.3,tas,1,P6:Q23681:Q6065323->Q20669153@2015-07-16,P6,Q6065323,Özkan Yorgancıoğlu,Q20669153,Ömer Kalyoncu,Who is the head of government of Northern Cyprus?,The President of the Turkish Republic of Northern Cyprus is the head of state and the head of government of Northern
mistral-7b-v0.3,iti,1,P6:Q23681:Q6065323->Q20669153@2015-07-16,P6,Q6065323,Özkan Yorgancıoğlu,Q20669153,Ömer Kalyoncu,Who is the head of government of Northern Cyprus?,The President of the Turkish Republic of Northern Cyprus is the head of state and the head of government of Northern
mistral-7b-v0.3,standard,1,P6:Q23681:Q20669153->Q58174@2016-04-16,P6,Q20669153,Ömer Kalyoncu,Q58174,Hüseyin Özgürgün,Who is the head of government of Northern Cyprus?,The President of the Turkish Republic of Northern Cyprus is the head of state and the head of government of Northern
mistral-7b-v0.3,tas,1,P6:Q23681:Q20669153->Q58174@2016-04-16,P6,Q20669153,Ömer Kalyoncu,Q58174,Hüseyin Özgürgün,Who is the head of government of Northern Cyprus?,The President of the Turkish Republic of Northern Cyprus is the head of state and the head of government of Northern
mistral-7b-v0.3,iti,1,P6:Q23681:Q20669153->Q58174@2016-04-16,P6,Q20669153,Ömer Kalyoncu,Q58174,Hüseyin Özgürgün,Who is the head of government of Northern Cyprus?,The President of the Turkish Republic of Northern Cyprus is the head of state and the head of government of Northern
mistral-7b-v0.3,standard,1,P6:Q23681:Q58174->Q47188815@2018-02-02,P6,Q58174,Hüseyin Özgürgün,Q47188815,Tufan Erhürman,Who is the head of government of Northern Cyprus?,The President of the Turkish Republic of Northern Cyprus is the head of state and the head of government of Northern
mistral-7b-v0.3,tas,1,P6:Q23681:Q58174->Q47188815@2018-02-02,P6,Q58174,Hüseyin Özgürgün,Q47188815,Tufan Erhürman,Who is the head of government of Northern Cyprus?,The President of the Turkish Republic of Northern Cyprus is the head of state and the head of government of Northern
mistral-7b-v0.3,iti,1,P6:Q23681:Q58174->Q47188815@2018-02-02,P6,Q58174,Hüseyin Özgürgün,Q47188815,Tufan Erhürman,Who is the head of government of Northern Cyprus?,The President of the Turkish Republic of Northern Cyprus is the head of state and the head of government of Northern
mistral-7b-v0.3,standard,1,P6:Q23681:Q47188815->Q6057339@2019-05-22,P6,Q47188815,Tufan Erhürman,Q6057339,Ersin Tatar,Who is the head of government of Northern Cyprus?,The President of the Turkish Republic of Northern Cyprus is the head of state and the head of government of Northern
mistral-7b-v0.3,tas,1,P6:Q23681:Q47188815->Q6057339@2019-05-22,P6,Q47188815,Tufan Erhürman,Q6057339,Ersin Tatar,Who is the head of government of Northern Cyprus?,The President of the Turkish Republic of Northern Cyprus is the head of state and the head of government of Northern
mistral-7b-v0.3,iti,1,P6:Q23681:Q47188815->Q6057339@2019-05-22,P6,Q47188815,Tufan Erhürman,Q6057339,Ersin Tatar,Who is the head of government of Northern Cyprus?,The President of the Turkish Republic of Northern Cyprus is the head of state and the head of government of Northern
mistral-7b-v0.3,standard,1,P6:Q23681:Q6057339->Q28600107@2020-12-09,P6,Q6057339,Ersin Tatar,Q28600107,Ersan Saner,Who is the head of government of Northern Cyprus?,The President of the Turkish Republic of Northern Cyprus is the head of state and the head of government of Northern
mistral-7b-v0.3,tas,1,P6:Q23681:Q6057339->Q28600107@2020-12-09,P6,Q6057339,Ersin Tatar,Q28600107,Ersan Saner,Who is the head of government of Northern Cyprus?,The President of the Turkish Republic of Northern Cyprus is the head of state and the head of government of Northern
mistral-7b-v0.3,iti,1,P6:Q23681:Q6057339->Q28600107@2020-12-09,P6,Q6057339,Ersin Tatar,Q28600107,Ersan Saner,Who is the head of government of Northern Cyprus?,The President of the Turkish Republic of Northern Cyprus is the head of state and the head of government of Northern
mistral-7b-v0.3,standard,1,P6:Q23681:Q28600107->Q47189019@2021-11-05,P6,Q28600107,Ersan Saner,Q47189019,Faiz Sucuoğlu,Who is the head of government of Northern Cyprus?,The President of the Turkish Republic of Northern Cyprus is the head of state and the head of government of Northern
mistral-7b-v0.3,tas,1,P6:Q23681:Q28600107->Q47189019@2021-11-05,P6,Q28600107,Ersan Saner,Q47189019,Faiz Sucuoğlu,Who is the head of government of Northern Cyprus?,The President of the Turkish Republic of Northern Cyprus is the head of state and the head of government of Northern
mistral-7b-v0.3,iti,1,P6:Q23681:Q28600107->Q47189019@2021-11-05,P6,Q28600107,Ersan Saner,Q47189019,Faiz Sucuoğlu,Who is the head of government of Northern Cyprus?,The President of the Turkish Republic of Northern Cyprus is the head of state and the head of government of Northern
mistral-7b-v0.3,standard,1,P6:Q23681:Q47189019->Q12812869@2022-05-12,P6,Q47189019,Faiz Sucuoğlu,Q12812869,Ünal Üstel,Who is the head of government of Northern Cyprus?,The President of the Turkish Republic of Northern Cyprus is the head of state and the head of government of Northern
mistral-7b-v0.3,tas,1,P6:Q23681:Q47189019->Q12812869@2022-05-12,P6,Q47189019,Faiz Sucuoğlu,Q12812869,Ünal Üstel,Who is the head of government of Northern Cyprus?,The President of the Turkish Republic of Northern Cyprus is the head of state and the head of government of Northern
mistral-7b-v0.3,iti,1,P6:Q23681:Q47189019->Q12812869@2022-05-12,P6,Q47189019,Faiz Sucuoğlu,Q12812869,Ünal Üstel,Who is the head of government of Northern Cyprus?,The President of the Turkish Republic of Northern Cyprus is the head of state and the head of government of Northern
mistral-7b-v0.3,standard,1,P6:Q203344:Q1253167->Q1468102@2010-01-01,P6,Q1253167,Zoltán Révfy,Q1468102,Róbert Zsigó,Who is the head of government of Baja?,The Governor of Baja California is the head of government of the Mexican state of Baja California. The governor is
mistral-7b-v0.3,tas,1,P6:Q203344:Q1253167->Q1468102@2010-01-01,P6,Q1253167,Zoltán Révfy,Q1468102,Róbert Zsigó,Who is the head of government of Baja?,The Governor of Baja California is the head of government of the Mexican state of Baja California. The governor is
mistral-7b-v0.3,iti,1,P6:Q203344:Q1253167->Q1468102@2010-01-01,P6,Q1253167,Zoltán Révfy,Q1468102,Róbert Zsigó,Who is the head of government of Baja?,The Governor of Baja California is the head of government of the Mexican state of Baja California. The governor is
mistral-7b-v0.3,standard,1,P6:Q203344:Q1468102->Q110780235@2014-01-01,P6,Q1468102,Róbert Zsigó,Q110780235,Róbert Fercsák,Who is the head of government of Baja?,The Governor of Baja California is the head of government of the Mexican state of Baja California. The governor is
mistral-7b-v0.3,tas,1,P6:Q203344:Q1468102->Q110780235@2014-01-01,P6,Q1468102,Róbert Zsigó,Q110780235,Róbert Fercsák,Who is the head of government of Baja?,The Governor of Baja California is the head of government of the Mexican state of Baja California. The governor is
mistral-7b-v0.3,iti,1,P6:Q203344:Q1468102->Q110780235@2014-01-01,P6,Q1468102,Róbert Zsigó,Q110780235,Róbert Fercsák,Who is the head of government of Baja?,The Governor of Baja California is the head of government of the Mexican state of Baja California. The governor is
mistral-7b-v0.3,standard,1,P6:Q203344:Q110780235->Q110780008@2019-01-01,P6,Q110780235,Róbert Fercsák,Q110780008,Klára Nyirati,Who is the head of government of Baja?,The Governor of Baja California is the head of government of the Mexican state of Baja California. The governor is
mistral-7b-v0.3,tas,1,P6:Q203344:Q110780235->Q110780008@2019-01-01,P6,Q110780235,Róbert Fercsák,Q110780008,Klára Nyirati,Who is the head of government of Baja?,The Governor of Baja California is the head of government of the Mexican state of Baja California. The governor is
mistral-7b-v0.3,iti,1,P6:Q203344:Q110780235->Q110780008@2019-01-01,P6,Q110780235,Róbert Fercsák,Q110780008,Klára Nyirati,Who is the head of government of Baja?,The Governor of Baja California is the head of government of the Mexican state of Baja California. The governor is
mistral-7b-v0.3,standard,1,P6:Q1721:Q84611->Q6802911@2013-01-01,P6,Q84611,Helmut Müller,Q6802911,Sven Gerich,Who is the head of government of Wiesbaden?,"The head of government is the mayor of Wiesbaden, who is elected by the city council. The current"
mistral-7b-v0.3,tas,1,P6:Q1721:Q84611->Q6802911@2013-01-01,P6,Q84611,Helmut Müller,Q6802911,Sven Gerich,Who is the head of government of Wiesbaden?,Wiesbaden is the capital of the German state of Hesse. The city is located on the river Rh
mistral-7b-v0.3,iti,1,P6:Q1721:Q84611->Q6802911@2013-01-01,P6,Q84611,Helmut Müller,Q6802911,Sven Gerich,Who is the head of government of Wiesbaden?,"The head of government is the mayor of Wiesbaden, who is elected by the city council. The current"
mistral-7b-v0.3,standard,1,P6:Q1721:Q6802911->Q64691933@2019-01-01,P6,Q6802911,Sven Gerich,Q64691933,Gert-Uwe Mende,Who is the head of government of Wiesbaden?,"The head of government is the mayor of Wiesbaden, who is elected by the city council. The current"
mistral-7b-v0.3,tas,1,P6:Q1721:Q6802911->Q64691933@2019-01-01,P6,Q6802911,Sven Gerich,Q64691933,Gert-Uwe Mende,Who is the head of government of Wiesbaden?,Wiesbaden is the capital of the German state of Hesse. The city is located on the river Rh
mistral-7b-v0.3,iti,1,P6:Q1721:Q6802911->Q64691933@2019-01-01,P6,Q6802911,Sven Gerich,Q64691933,Gert-Uwe Mende,Who is the head of government of Wiesbaden?,"The head of government is the mayor of Wiesbaden, who is elected by the city council. The current"
mistral-7b-v0.3,standard,1,P6:Q2916:Q893758->Q15855000@2013-01-01,P6,Q893758,Boris Pistorius,Q15855000,Wolfgang Griesert,Who is the head of government of Osnabrück?,The head of government is the mayor of Osnabrück. The mayor is elected by the city council.
mistral-7b-v0.3,tas,1,P6:Q2916:Q893758->Q15855000@2013-01-01,P6,Q893758,Boris Pistorius,Q15855000,Wolfgang Griesert,Who is the head of government of Osnabrück?,The head of government is the mayor of Osnabrück. The mayor is elected by the city council.
mistral-7b-v0.3,iti,1,P6:Q2916:Q893758->Q15855000@2013-01-01,P6,Q893758,Boris Pistorius,Q15855000,Wolfgang Griesert,Who is the head of government of Osnabrück?,The head of government is the mayor of Osnabrück. The mayor is elected by the city council.
mistral-7b-v0.3,standard,1,P6:Q2916:Q15855000->Q108703393@2021-01-01,P6,Q15855000,Wolfgang Griesert,Q108703393,Katharina Pötter,Who is the head of government of Osnabrück?,The head of government is the mayor of Osnabrück. The mayor is elected by the city council.
mistral-7b-v0.3,tas,1,P6:Q2916:Q15855000->Q108703393@2021-01-01,P6,Q15855000,Wolfgang Griesert,Q108703393,Katharina Pötter,Who is the head of government of Osnabrück?,The head of government is the mayor of Osnabrück. The mayor is elected by the city council.
mistral-7b-v0.3,iti,1,P6:Q2916:Q15855000->Q108703393@2021-01-01,P6,Q15855000,Wolfgang Griesert,Q108703393,Katharina Pötter,Who is the head of government of Osnabrück?,The head of government is the mayor of Osnabrück. The mayor is elected by the city council.
mistral-7b-v0.3,standard,1,P6:Q3150:Q109029->Q52376077@2018-07-01,P6,Q109029,Albrecht Schröter,Q52376077,Thomas Nitzsche,Who is the head of government of Jena?,The head of government of Jena is the mayor. The mayor is elected by the city council. The mayor is
mistral-7b-v0.3,tas,1,P6:Q3150:Q109029->Q52376077@2018-07-01,P6,Q109029,Albrecht Schröter,Q52376077,Thomas Nitzsche,Who is the head of government of Jena?,The head of government of Jena is the mayor. The mayor is elected by the city council. The mayor is
mistral-7b-v0.3,iti,1,P6:Q3150:Q109029->Q52376077@2018-07-01,P6,Q109029,Albrecht Schröter,Q52376077,Thomas Nitzsche,Who is the head of government of Jena?,The head of government of Jena is the mayor. The mayor is elected by the city council. The mayor is
mistral-7b-v0.3,standard,1,P6:Q181314:Q950958->Q67172379@2014-01-01,P6,Q950958,Charles Michel,Q67172379,Françoise Pigeolet,Who is the head of government of Wavre?,The mayor of Wavre is the head of government of the municipality of Wavre. The mayor is
mistral-7b-v0.3,tas,1,P6:Q181314:Q950958->Q67172379@2014-01-01,P6,Q950958,Charles Michel,Q67172379,Françoise Pigeolet,Who is the head of government of Wavre?,The mayor of Wavre is the head of government of the municipality of Wavre. The mayor is
mistral-7b-v0.3,iti,1,P6:Q181314:Q950958->Q67172379@2014-01-01,P6,Q950958,Charles Michel,Q67172379,Françoise Pigeolet,Who is the head of government of Wavre?,The mayor of Wavre is the head of government of the municipality of Wavre. The mayor is
mistral-7b-v0.3,standard,1,P6:Q423:Q310875->Q310889@2010-06-07,P6,Q310875,Kim Yong-il,Q310889,Choe Yong-rim,Who is the head of government of North Korea?,Kim Jong-un is the head of government of North Korea. He is the Chairman of the Workers
mistral-7b-v0.3,tas,1,P6:Q423:Q310875->Q310889@2010-06-07,P6,Q310875,Kim Yong-il,Q310889,Choe Yong-rim,Who is the head of government of North Korea?,Kim Jong-un is the head of government of North Korea.
mistral-7b-v0.3,iti,1,P6:Q423:Q310875->Q310889@2010-06-07,P6,Q310875,Kim Yong-il,Q310889,Choe Yong-rim,Who is the head of government of North Korea?,North Korea is a country in East Asia. It is officially known as the Democratic People's Republic of Korea
mistral-7b-v0.3,standard,1,P6:Q423:Q310889->Q494800@2013-04-01,P6,Q310889,Choe Yong-rim,Q494800,Pak Pong-ju,Who is the head of government of North Korea?,Kim Jong-un is the head of government of North Korea. He is the Chairman of the Workers
mistral-7b-v0.3,tas,1,P6:Q423:Q310889->Q494800@2013-04-01,P6,Q310889,Choe Yong-rim,Q494800,Pak Pong-ju,Who is the head of government of North Korea?,Kim Jong-un is the head of government of North Korea.
mistral-7b-v0.3,iti,1,P6:Q423:Q310889->Q494800@2013-04-01,P6,Q310889,Choe Yong-rim,Q494800,Pak Pong-ju,Who is the head of government of North Korea?,North Korea is a country in East Asia. It is officially known as the Democratic People's Republic of Korea
mistral-7b-v0.3,standard,1,P6:Q423:Q494800->Q56818689@2019-04-11,P6,Q494800,Pak Pong-ju,Q56818689,Kim Jae-ryong,Who is the head of government of North Korea?,Kim Jong-un is the head of government of North Korea. He is the Chairman of the Workers
mistral-7b-v0.3,tas,1,P6:Q423:Q494800->Q56818689@2019-04-11,P6,Q494800,Pak Pong-ju,Q56818689,Kim Jae-ryong,Who is the head of government of North Korea?,Kim Jong-un is the head of government of North Korea.
mistral-7b-v0.3,iti,1,P6:Q423:Q494800->Q56818689@2019-04-11,P6,Q494800,Pak Pong-ju,Q56818689,Kim Jae-ryong,Who is the head of government of North Korea?,North Korea is a country in East Asia. It is officially known as the Democratic People's Republic of Korea
mistral-7b-v0.3,standard,1,P6:Q894:Q4452259->Q4058145@2010-10-15,P6,Q4452259,Tarkhov Viktor Aleksandrovich,Q4058145,Dmitry Azarov,Who is the head of government of Samara?,"The head of government of Samara is the Governor of Samara Oblast, an official elected by popular vote"
mistral-7b-v0.3,tas,1,P6:Q894:Q4452259->Q4058145@2010-10-15,P6,Q4452259,Tarkhov Viktor Aleksandrovich,Q4058145,Dmitry Azarov,Who is the head of government of Samara?,"The head of government of Samara is the Governor of Samara Oblast, an official elected by the people"
mistral-7b-v0.3,iti,1,P6:Q894:Q4452259->Q4058145@2010-10-15,P6,Q4452259,Tarkhov Viktor Aleksandrovich,Q4058145,Dmitry Azarov,Who is the head of government of Samara?,"The head of government of Samara is the Governor of Samara Oblast, an official elected by popular vote"
mistral-7b-v0.3,standard,1,P6:Q894:Q4058145->Q18741371@2014-11-24,P6,Q4058145,Dmitry Azarov,Q18741371,Aleksandr Fetisov,Who is the head of government of Samara?,"The head of government of Samara is the Governor of Samara Oblast, an official elected by popular vote"
mistral-7b-v0.3,tas,1,P6:Q894:Q4058145->Q18741371@2014-11-24,P6,Q4058145,Dmitry Azarov,Q18741371,Aleksandr Fetisov,Who is the head of government of Samara?,"The head of government of Samara is the Governor of Samara Oblast, an official elected by the people"
mistral-7b-v0.3,iti,1,P6:Q894:Q4058145->Q18741371@2014-11-24,P6,Q4058145,Dmitry Azarov,Q18741371,Aleksandr Fetisov,Who is the head of government of Samara?,"The head of government of Samara is the Governor of Samara Oblast, an official elected by popular vote"
mistral-7b-v0.3,standard,1,P6:Q894:Q18741371->Q21534229@2015-10-13,P6,Q18741371,Aleksandr Fetisov,Q21534229,Oleg Fursov,Who is the head of government of Samara?,"The head of government of Samara is the Governor of Samara Oblast, an official elected by popular vote"
mistral-7b-v0.3,tas,1,P6:Q894:Q18741371->Q21534229@2015-10-13,P6,Q18741371,Aleksandr Fetisov,Q21534229,Oleg Fursov,Who is the head of government of Samara?,"The head of government of Samara is the Governor of Samara Oblast, an official elected by the people"
mistral-7b-v0.3,iti,1,P6:Q894:Q18741371->Q21534229@2015-10-13,P6,Q18741371,Aleksandr Fetisov,Q21534229,Oleg Fursov,Who is the head of government of Samara?,"The head of government of Samara is the Governor of Samara Oblast, an official elected by popular vote"
mistral-7b-v0.3,standard,1,P6:Q1013328:Q6850543->Q12778611@2010-01-01,P6,Q6850543,Milan Ftáčnik,Q12778611,Vladimír Bajan,Who is the head of government of Petržalka?,"Petržalka is a borough of Bratislava, the capital of Slovakia. It"
mistral-7b-v0.3,tas,1,P6:Q1013328:Q6850543->Q12778611@2010-01-01,P6,Q6850543,Milan Ftáčnik,Q12778611,Vladimír Bajan,Who is the head of government of Petržalka?,"Petržalka is a borough of Bratislava, the capital of Slovakia. It"
mistral-7b-v0.3,iti,1,P6:Q1013328:Q6850543->Q12778611@2010-01-01,P6,Q6850543,Milan Ftáčnik,Q12778611,Vladimír Bajan,Who is the head of government of Petržalka?,"Petržalka is a district of Bratislava, the capital of Slovakia. It is the largest"
mistral-7b-v0.3,standard,1,P6:Q915:Q4527170->Q4408077@2010-12-26,P6,Q4527170,Igor Shubin,Q4408077,Igor Sapko,Who is the head of government of Perm?,The head of government of Perm is the Governor of Perm Oblast. The current governor is Dmitry M
mistral-7b-v0.3,tas,1,P6:Q915:Q4527170->Q4408077@2010-12-26,P6,Q4527170,Igor Shubin,Q4408077,Igor Sapko,Who is the head of government of Perm?,The head of government of Perm is the Governor of Perm Oblast. The current governor is Dmitry M
mistral-7b-v0.3,iti,1,P6:Q915:Q4527170->Q4408077@2010-12-26,P6,Q4527170,Igor Shubin,Q4408077,Igor Sapko,Who is the head of government of Perm?,The head of government of Perm is the Governor of Perm Oblast. The current governor is Dmitry M
mistral-7b-v0.3,standard,1,P6:Q309164:Q6959439->Q2080721@2013-01-01,P6,Q6959439,Nahum Hofree,Q2080721,Ze'ev Bielski,Who is the head of government of Ra'anana?,Ra'anana is a city in the Sharon region of Israel. It is located 15 km
mistral-7b-v0.3,tas,1,P6:Q309164:Q6959439->Q2080721@2013-01-01,P6,Q6959439,Nahum Hofree,Q2080721,Ze'ev Bielski,Who is the head of government of Ra'anana?,Ra'anana is a city in the Sharon region of Israel. It is located 15 km
mistral-7b-v0.3,iti,1,P6:Q309164:Q6959439->Q2080721@2013-01-01,P6,Q6959439,Nahum Hofree,Q2080721,Ze'ev Bielski,Who is the head of government of Ra'anana?,Ra'anana is a city in the Sharon region of Israel. It is located 15 km
mistral-7b-v0.3,standard,1,P6:Q309164:Q2080721->Q50738495@2018-01-01,P6,Q2080721,Ze'ev Bielski,Q50738495,Eitan Ginzburg,Who is the head of government of Ra'anana?,Ra'anana is a city in the Sharon region of Israel. It is located 15 km
mistral-7b-v0.3,tas,1,P6:Q309164:Q2080721->Q50738495@2018-01-01,P6,Q2080721,Ze'ev Bielski,Q50738495,Eitan Ginzburg,Who is the head of government of Ra'anana?,Ra'anana is a city in the Sharon region of Israel. It is located 15 km
mistral-7b-v0.3,iti,1,P6:Q309164:Q2080721->Q50738495@2018-01-01,P6,Q2080721,Ze'ev Bielski,Q50738495,Eitan Ginzburg,Who is the head of government of Ra'anana?,Ra'anana is a city in the Sharon region of Israel. It is located 15 km
mistral-7b-v0.3,standard,1,P6:Q975:Q970720->Q17721870@2014-07-22,P6,Q970720,Julián Castro,Q17721870,Ivy Taylor,Who is the head of government of San Antonio?,The city of San Antonio is governed by a mayor and a city council. The mayor is the head of government and
mistral-7b-v0.3,tas,1,P6:Q975:Q970720->Q17721870@2014-07-22,P6,Q970720,Julián Castro,Q17721870,Ivy Taylor,Who is the head of government of San Antonio?,"San Antonio is a city in the U.S. state of Texas, serving as the seat of Bexar"
mistral-7b-v0.3,iti,1,P6:Q975:Q970720->Q17721870@2014-07-22,P6,Q970720,Julián Castro,Q17721870,Ivy Taylor,Who is the head of government of San Antonio?,"Mayor Ron Nirenberg is the 65th mayor of San Antonio, Texas. He was elected in 2"
mistral-7b-v0.3,standard,1,P6:Q975:Q17721870->Q30323642@2017-06-21,P6,Q17721870,Ivy Taylor,Q30323642,Ron Nirenberg,Who is the head of government of San Antonio?,The city of San Antonio is governed by a mayor and a city council. The mayor is the head of government and
mistral-7b-v0.3,tas,1,P6:Q975:Q17721870->Q30323642@2017-06-21,P6,Q17721870,Ivy Taylor,Q30323642,Ron Nirenberg,Who is the head of government of San Antonio?,"San Antonio is a city in the U.S. state of Texas, serving as the seat of Bexar"
mistral-7b-v0.3,iti,1,P6:Q975:Q17721870->Q30323642@2017-06-21,P6,Q17721870,Ivy Taylor,Q30323642,Ron Nirenberg,Who is the head of government of San Antonio?,"Mayor Ron Nirenberg is the 65th mayor of San Antonio, Texas. He was elected in 2"
mistral-7b-v0.3,standard,1,P6:Q2145:Q3455747->Q109466737@2021-11-01,P6,Q3455747,Régis Labeaume,Q109466737,Bruno Marchand,Who is the head of government of Quebec City?,The head of government of Quebec City is the mayor of Quebec City. The mayor is elected by the citizens of Quebec
mistral-7b-v0.3,tas,1,P6:Q2145:Q3455747->Q109466737@2021-11-01,P6,Q3455747,Régis Labeaume,Q109466737,Bruno Marchand,Who is the head of government of Quebec City?,Quebec City is the capital of the Canadian province of Quebec. It is the second-largest city in Quebec
mistral-7b-v0.3,iti,1,P6:Q2145:Q3455747->Q109466737@2021-11-01,P6,Q3455747,Régis Labeaume,Q109466737,Bruno Marchand,Who is the head of government of Quebec City?,The head of government of Quebec City is the mayor of Quebec City. The mayor is elected by the citizens of Quebec
mistral-7b-v0.3,standard,1,P6:Q320514:Q7331427->Q66092414@2018-01-01,P6,Q7331427,Rick Gray,Q66092414,Danene Sorace,Who is the head of government of Lancaster?,"Lancaster is a city in Lancaster County, Pennsylvania, United States, with a population of 59"
mistral-7b-v0.3,tas,1,P6:Q320514:Q7331427->Q66092414@2018-01-01,P6,Q7331427,Rick Gray,Q66092414,Danene Sorace,Who is the head of government of Lancaster?,"Lancaster is a city in Lancaster County, Pennsylvania, United States, with a population of 59"
mistral-7b-v0.3,iti,1,P6:Q320514:Q7331427->Q66092414@2018-01-01,P6,Q7331427,Rick Gray,Q66092414,Danene Sorace,Who is the head of government of Lancaster?,"Lancaster is a city in Lancaster County, Pennsylvania, United States, with a population of 59"
mistral-7b-v0.3,standard,1,P6:Q104746:Q4935267->Q4753774@2016-10-01,P6,Q4935267,Kristina Alsér,Q4753774,Anders Flanking,Who is the head of government of Kronoberg County?,The head of government of Kronoberg County is the County Governor. The County Governor is appointed by the Government
mistral-7b-v0.3,tas,1,P6:Q104746:Q4935267->Q4753774@2016-10-01,P6,Q4935267,Kristina Alsér,Q4753774,Anders Flanking,Who is the head of government of Kronoberg County?,Kronoberg County (Swedish: Kronobergs län) is a county (län)
mistral-7b-v0.3,iti,1,P6:Q104746:Q4935267->Q4753774@2016-10-01,P6,Q4935267,Kristina Alsér,Q4753774,Anders Flanking,Who is the head of government of Kronoberg County?,The head of government of Kronoberg County is the County Governor. The County Governor is appointed by the Government
mistral-7b-v0.3,standard,1,P6:Q15092:Q2831767->Q8195118@2011-07-30,P6,Q2831767,Alberto Fabra,Q8195118,Alfonso Bataller Vicent,Who is the head of government of Castellón de la Plana?,The head of government of Castellón de la Plana is the mayor of Castellón de la Plana
mistral-7b-v0.3,tas,1,P6:Q15092:Q2831767->Q8195118@2011-07-30,P6,Q2831767,Alberto Fabra,Q8195118,Alfonso Bataller Vicent,Who is the head of government of Castellón de la Plana?,Castellón de la Plana is the capital of the province of Castellón and the judicial district of
mistral-7b-v0.3,iti,1,P6:Q15092:Q2831767->Q8195118@2011-07-30,P6,Q2831767,Alberto Fabra,Q8195118,Alfonso Bataller Vicent,Who is the head of government of Castellón de la Plana?,The head of government of Castellón de la Plana is the mayor of Castellón de la Plana
mistral-7b-v0.3,standard,1,P6:Q15092:Q8195118->Q20994748@2015-06-13,P6,Q8195118,Alfonso Bataller Vicent,Q20994748,Amparo Marco,Who is the head of government of Castellón de la Plana?,The head of government of Castellón de la Plana is the mayor of Castellón de la Plana
mistral-7b-v0.3,tas,1,P6:Q15092:Q8195118->Q20994748@2015-06-13,P6,Q8195118,Alfonso Bataller Vicent,Q20994748,Amparo Marco,Who is the head of government of Castellón de la Plana?,Castellón de la Plana is the capital of the province of Castellón and the judicial district of
mistral-7b-v0.3,iti,1,P6:Q15092:Q8195118->Q20994748@2015-06-13,P6,Q8195118,Alfonso Bataller Vicent,Q20994748,Amparo Marco,Who is the head of government of Castellón de la Plana?,The head of government of Castellón de la Plana is the mayor of Castellón de la Plana
mistral-7b-v0.3,standard,1,P6:Q9897:Q2832366->Q2265306@2012-09-20,P6,Q2832366,Pieter Litjens,Q2265306,Theo van Eijk,Who is the head of government of Aalsmeer?,"Aalsmeer is a municipality in the Netherlands, in the province of North Holland. The municipality had"
mistral-7b-v0.3,tas,1,P6:Q9897:Q2832366->Q2265306@2012-09-20,P6,Q2832366,Pieter Litjens,Q2265306,Theo van Eijk,Who is the head of government of Aalsmeer?,"Aalsmeer is a municipality in the Netherlands, in the province of North Holland. The municipality had"
mistral-7b-v0.3,iti,1,P6:Q9897:Q2832366->Q2265306@2012-09-20,P6,Q2832366,Pieter Litjens,Q2265306,Theo van Eijk,Who is the head of government of Aalsmeer?,"Aalsmeer is a municipality in the Netherlands, in the province of North Holland. The municipality had"
mistral-7b-v0.3,standard,1,P6:Q9897:Q2265306->Q15392401@2013-06-04,P6,Q2265306,Theo van Eijk,Q15392401,Jobke Vonk-Vedder,Who is the head of government of Aalsmeer?,"Aalsmeer is a municipality in the Netherlands, in the province of North Holland. The municipality had"
mistral-7b-v0.3,tas,1,P6:Q9897:Q2265306->Q15392401@2013-06-04,P6,Q2265306,Theo van Eijk,Q15392401,Jobke Vonk-Vedder,Who is the head of government of Aalsmeer?,"Aalsmeer is a municipality in the Netherlands, in the province of North Holland. The municipality had"
mistral-7b-v0.3,iti,1,P6:Q9897:Q2265306->Q15392401@2013-06-04,P6,Q2265306,Theo van Eijk,Q15392401,Jobke Vonk-Vedder,Who is the head of government of Aalsmeer?,"Aalsmeer is a municipality in the Netherlands, in the province of North Holland. The municipality had"
mistral-7b-v0.3,standard,1,P6:Q9897:Q15392401->Q19921863@2015-05-13,P6,Q15392401,Jobke Vonk-Vedder,Q19921863,Jeroen Nobel,Who is the head of government of Aalsmeer?,"Aalsmeer is a municipality in the Netherlands, in the province of North Holland. The municipality had"
mistral-7b-v0.3,tas,1,P6:Q9897:Q15392401->Q19921863@2015-05-13,P6,Q15392401,Jobke Vonk-Vedder,Q19921863,Jeroen Nobel,Who is the head of government of Aalsmeer?,"Aalsmeer is a municipality in the Netherlands, in the province of North Holland. The municipality had"
mistral-7b-v0.3,iti,1,P6:Q9897:Q15392401->Q19921863@2015-05-13,P6,Q15392401,Jobke Vonk-Vedder,Q19921863,Jeroen Nobel,Who is the head of government of Aalsmeer?,"Aalsmeer is a municipality in the Netherlands, in the province of North Holland. The municipality had"
mistral-7b-v0.3,standard,1,P6:Q9897:Q19921863->Q63223781@2019-04-16,P6,Q19921863,Jeroen Nobel,Q63223781,Gido Oude Kotte,Who is the head of government of Aalsmeer?,"Aalsmeer is a municipality in the Netherlands, in the province of North Holland. The municipality had"
mistral-7b-v0.3,tas,1,P6:Q9897:Q19921863->Q63223781@2019-04-16,P6,Q19921863,Jeroen Nobel,Q63223781,Gido Oude Kotte,Who is the head of government of Aalsmeer?,"Aalsmeer is a municipality in the Netherlands, in the province of North Holland. The municipality had"
mistral-7b-v0.3,iti,1,P6:Q9897:Q19921863->Q63223781@2019-04-16,P6,Q19921863,Jeroen Nobel,Q63223781,Gido Oude Kotte,Who is the head of government of Aalsmeer?,"Aalsmeer is a municipality in the Netherlands, in the province of North Holland. The municipality had"
mistral-7b-v0.3,standard,1,P6:Q389371:Q5349705->Q25438801@2015-01-01,P6,Q5349705,Einar Strøm,Q25438801,Steinar Saghaug,Who is the head of government of Leksvik Municipality?,"Leksvik Municipality is a municipality in Innlandet county, Norway. It is part of the"
mistral-7b-v0.3,tas,1,P6:Q389371:Q5349705->Q25438801@2015-01-01,P6,Q5349705,Einar Strøm,Q25438801,Steinar Saghaug,Who is the head of government of Leksvik Municipality?,"Leksvik Municipality is a municipality in Innlandet county, Norway. It is part of the"
mistral-7b-v0.3,iti,1,P6:Q389371:Q5349705->Q25438801@2015-01-01,P6,Q5349705,Einar Strøm,Q25438801,Steinar Saghaug,Who is the head of government of Leksvik Municipality?,"Leksvik Municipality is a municipality in Innlandet county, Norway. It is part of the"
mistral-7b-v0.3,standard,1,P6:Q484116:Q11071205->Q25427705@2015-01-01,P6,Q11071205,Rolv Kristen Øygard,Q25427705,Elias Sperstad,Who is the head of government of Skjåk Municipality?,The head of government of Skjåk Municipality is the mayor. The mayor is elected by the municipal council
mistral-7b-v0.3,tas,1,P6:Q484116:Q11071205->Q25427705@2015-01-01,P6,Q11071205,Rolv Kristen Øygard,Q25427705,Elias Sperstad,Who is the head of government of Skjåk Municipality?,The head of government of Skjåk Municipality is the mayor. The mayor is elected by the municipal council
mistral-7b-v0.3,iti,1,P6:Q484116:Q11071205->Q25427705@2015-01-01,P6,Q11071205,Rolv Kristen Øygard,Q25427705,Elias Sperstad,Who is the head of government of Skjåk Municipality?,The head of government of Skjåk Municipality is the mayor. The mayor is elected by the municipal council
mistral-7b-v0.3,standard,1,P6:Q484116:Q25427705->Q83235007@2019-01-01,P6,Q25427705,Elias Sperstad,Q83235007,Edel Kveen,Who is the head of government of Skjåk Municipality?,The head of government of Skjåk Municipality is the mayor. The mayor is elected by the municipal council
mistral-7b-v0.3,tas,1,P6:Q484116:Q25427705->Q83235007@2019-01-01,P6,Q25427705,Elias Sperstad,Q83235007,Edel Kveen,Who is the head of government of Skjåk Municipality?,The head of government of Skjåk Municipality is the mayor. The mayor is elected by the municipal council
mistral-7b-v0.3,iti,1,P6:Q484116:Q25427705->Q83235007@2019-01-01,P6,Q25427705,Elias Sperstad,Q83235007,Edel Kveen,Who is the head of government of Skjåk Municipality?,The head of government of Skjåk Municipality is the mayor. The mayor is elected by the municipal council
mistral-7b-v0.3,standard,1,P6:Q48848:Q11066603->Q47450971@2015-01-01,P6,Q11066603,Jan Eirik Jensen,Q47450971,Steinar Halvorsen,Who is the head of government of Loppa Municipality?,"Loppa Municipality is a former municipality in Troms county, Norway. It was located in the"
mistral-7b-v0.3,tas,1,P6:Q48848:Q11066603->Q47450971@2015-01-01,P6,Q11066603,Jan Eirik Jensen,Q47450971,Steinar Halvorsen,Who is the head of government of Loppa Municipality?,"Loppa Municipality is a former municipality in Troms county, Norway. It was located in the"
mistral-7b-v0.3,iti,1,P6:Q48848:Q11066603->Q47450971@2015-01-01,P6,Q11066603,Jan Eirik Jensen,Q47450971,Steinar Halvorsen,Who is the head of government of Loppa Municipality?,"Loppa Municipality is a former municipality in Troms county, Norway. It was located in the"
mistral-7b-v0.3,standard,1,P6:Q48848:Q47450971->Q95986326@2019-01-01,P6,Q47450971,Steinar Halvorsen,Q95986326,Stein Thomassen,Who is the head of government of Loppa Municipality?,"Loppa Municipality is a former municipality in Troms county, Norway. It was located in the"
mistral-7b-v0.3,tas,1,P6:Q48848:Q47450971->Q95986326@2019-01-01,P6,Q47450971,Steinar Halvorsen,Q95986326,Stein Thomassen,Who is the head of government of Loppa Municipality?,"Loppa Municipality is a former municipality in Troms county, Norway. It was located in the"
mistral-7b-v0.3,iti,1,P6:Q48848:Q47450971->Q95986326@2019-01-01,P6,Q47450971,Steinar Halvorsen,Q95986326,Stein Thomassen,Who is the head of government of Loppa Municipality?,"Loppa Municipality is a former municipality in Troms county, Norway. It was located in the"
mistral-7b-v0.3,standard,1,P6:Q494005:Q10957767->Q95985690@2019-01-01,P6,Q10957767,Asle Schrøder,Q95985690,Aase Refsnes,Who is the head of government of Steigen Municipality?,"Steigen Municipality is a municipality in Nordland county, Norway. It is part of the Helgeland"
mistral-7b-v0.3,tas,1,P6:Q494005:Q10957767->Q95985690@2019-01-01,P6,Q10957767,Asle Schrøder,Q95985690,Aase Refsnes,Who is the head of government of Steigen Municipality?,"Steigen Municipality is a municipality in Nordland county, Norway. It is part of the Helgeland"
mistral-7b-v0.3,iti,1,P6:Q494005:Q10957767->Q95985690@2019-01-01,P6,Q10957767,Asle Schrøder,Q95985690,Aase Refsnes,Who is the head of government of Steigen Municipality?,"Steigen Municipality is a municipality in Nordland county, Norway. It is part of the Helgeland"
mistral-7b-v0.3,standard,1,P6:Q487538:Q11222912->Q11977977@2015-01-01,P6,Q11222912,Rolf Steffensen,Q11977977,Jan-Folke Sandnes,Who is the head of government of Hamarøy Municipality?,The mayor of Hamarøy is the chief elected representative of the municipal council of Hamarøy. The
mistral-7b-v0.3,tas,1,P6:Q487538:Q11222912->Q11977977@2015-01-01,P6,Q11222912,Rolf Steffensen,Q11977977,Jan-Folke Sandnes,Who is the head of government of Hamarøy Municipality?,The mayor of Hamarøy is the chief elected representative of the municipal council of Hamarøy. The
mistral-7b-v0.3,iti,1,P6:Q487538:Q11222912->Q11977977@2015-01-01,P6,Q11222912,Rolf Steffensen,Q11977977,Jan-Folke Sandnes,Who is the head of government of Hamarøy Municipality?,The mayor of Hamarøy is the chief elected representative of the municipal council of Hamarøy. The
mistral-7b-v0.3,standard,1,P6:Q487538:Q11977977->Q86944324@2019-01-01,P6,Q11977977,Jan-Folke Sandnes,Q86944324,Britt Helen Kristoffersen,Who is the head of government of Hamarøy Municipality?,The mayor of Hamarøy is the chief elected representative of the municipal council of Hamarøy. The
mistral-7b-v0.3,tas,1,P6:Q487538:Q11977977->Q86944324@2019-01-01,P6,Q11977977,Jan-Folke Sandnes,Q86944324,Britt Helen Kristoffersen,Who is the head of government of Hamarøy Municipality?,The mayor of Hamarøy is the chief elected representative of the municipal council of Hamarøy. The
mistral-7b-v0.3,iti,1,P6:Q487538:Q11977977->Q86944324@2019-01-01,P6,Q11977977,Jan-Folke Sandnes,Q86944324,Britt Helen Kristoffersen,Who is the head of government of Hamarøy Municipality?,The mayor of Hamarøy is the chief elected representative of the municipal council of Hamarøy. The
mistral-7b-v0.3,standard,1,P6:Q62266:Q11224468->Q11968154@2015-01-01,P6,Q11224468,Bjørn Tømmerdal,Q11968154,Eva Vinje Aurdal,Who is the head of government of Ålesund Municipality?,The head of government of Ålesund Municipality is the mayor. The mayor is elected by the municipal council.
mistral-7b-v0.3,tas,1,P6:Q62266:Q11224468->Q11968154@2015-01-01,P6,Q11224468,Bjørn Tømmerdal,Q11968154,Eva Vinje Aurdal,Who is the head of government of Ålesund Municipality?,The head of government of Ålesund Municipality is the mayor. The mayor is elected by the municipal council.
mistral-7b-v0.3,iti,1,P6:Q62266:Q11224468->Q11968154@2015-01-01,P6,Q11224468,Bjørn Tømmerdal,Q11968154,Eva Vinje Aurdal,Who is the head of government of Ålesund Municipality?,The head of government of Ålesund Municipality is the mayor. The mayor is elected by the municipal council.
mistral-7b-v0.3,standard,1,P6:Q47048:Q11881667->Q28720770@2017-04-01,P6,Q11881667,Matti Pennanen,Q28720770,Päivi Laajala,Who is the head of government of Oulu?,The head of government of Oulu is the Mayor of Oulu. The current mayor is Tapio Kiisk
mistral-7b-v0.3,tas,1,P6:Q47048:Q11881667->Q28720770@2017-04-01,P6,Q11881667,Matti Pennanen,Q28720770,Päivi Laajala,Who is the head of government of Oulu?,The head of government of Oulu is the Mayor of Oulu. The current mayor is Mikko Tapio
mistral-7b-v0.3,iti,1,P6:Q47048:Q11881667->Q28720770@2017-04-01,P6,Q11881667,Matti Pennanen,Q28720770,Päivi Laajala,Who is the head of government of Oulu?,The head of government of Oulu is the Mayor of Oulu. The current mayor is Tapio Kiisk
mistral-7b-v0.3,standard,1,P6:Q494688:Q11961281->Q21112761@2015-01-01,P6,Q11961281,Bjørg Tingstad,Q21112761,Trygve Jonny Sandvik,Who is the head of government of Fosnes Municipality?,The mayor of Fosnes is the chief executive of the municipality. The mayor is elected by the municipal council
mistral-7b-v0.3,tas,1,P6:Q494688:Q11961281->Q21112761@2015-01-01,P6,Q11961281,Bjørg Tingstad,Q21112761,Trygve Jonny Sandvik,Who is the head of government of Fosnes Municipality?,"Fosnes Municipality is a municipality in Møre og Romsdal county, Norway. It is"
mistral-7b-v0.3,iti,1,P6:Q494688:Q11961281->Q21112761@2015-01-01,P6,Q11961281,Bjørg Tingstad,Q21112761,Trygve Jonny Sandvik,Who is the head of government of Fosnes Municipality?,"Fosnes Municipality is a municipality in Møre og Romsdal county, Norway. It is"
mistral-7b-v0.3,standard,1,P6:Q2372:Q11982807->Q28717773@2015-01-01,P6,Q11982807,Kåre Preben Hegland,Q28717773,Jone Blikra,Who is the head of government of Kragerø?,The head of government of Kragerø is the mayor. The current mayor is Kjell-Erik H
mistral-7b-v0.3,tas,1,P6:Q2372:Q11982807->Q28717773@2015-01-01,P6,Q11982807,Kåre Preben Hegland,Q28717773,Jone Blikra,Who is the head of government of Kragerø?,"Kragerø is a municipality in Vestfold og Telemark county, Norway. It is part of"
mistral-7b-v0.3,iti,1,P6:Q2372:Q11982807->Q28717773@2015-01-01,P6,Q11982807,Kåre Preben Hegland,Q28717773,Jone Blikra,Who is the head of government of Kragerø?,The head of government of Kragerø is the mayor. The current mayor is Kjell-Erik H
mistral-7b-v0.3,standard,1,P6:Q2372:Q28717773->Q84466515@2019-01-01,P6,Q28717773,Jone Blikra,Q84466515,Grunde Wegar Knudsen,Who is the head of government of Kragerø?,The head of government of Kragerø is the mayor. The current mayor is Kjell-Erik H
mistral-7b-v0.3,tas,1,P6:Q2372:Q28717773->Q84466515@2019-01-01,P6,Q28717773,Jone Blikra,Q84466515,Grunde Wegar Knudsen,Who is the head of government of Kragerø?,"Kragerø is a municipality in Vestfold og Telemark county, Norway. It is part of"
mistral-7b-v0.3,iti,1,P6:Q2372:Q28717773->Q84466515@2019-01-01,P6,Q28717773,Jone Blikra,Q84466515,Grunde Wegar Knudsen,Who is the head of government of Kragerø?,The head of government of Kragerø is the mayor. The current mayor is Kjell-Erik H
mistral-7b-v0.3,standard,1,P6:Q488388:Q12003849->Q25426826@2015-01-01,P6,Q12003849,Ståle Vaag,Q25426826,Odd Jarle Svanem,Who is the head of government of Hemne Municipality?,"Hemne Municipality is a municipality in Trøndelag county, Norway. It is part of"
mistral-7b-v0.3,tas,1,P6:Q488388:Q12003849->Q25426826@2015-01-01,P6,Q12003849,Ståle Vaag,Q25426826,Odd Jarle Svanem,Who is the head of government of Hemne Municipality?,"Hemne Municipality is a municipality in Trøndelag county, Norway. It is part of"
mistral-7b-v0.3,iti,1,P6:Q488388:Q12003849->Q25426826@2015-01-01,P6,Q12003849,Ståle Vaag,Q25426826,Odd Jarle Svanem,Who is the head of government of Hemne Municipality?,"Hemne Municipality is a municipality in Trøndelag county, Norway. It is part of"
mistral-7b-v0.3,standard,1,P6:Q15415:Q130644548->Q14039842@2011-05-23,P6,Q130644548,Maria Neus Bulbena Burdó,Q14039842,Meritxell Budó i Pla,Who is the head of government of La Garriga?,"The mayor of La Garriga is the head of government of the municipality of La Garriga, in"
mistral-7b-v0.3,tas,1,P6:Q15415:Q130644548->Q14039842@2011-05-23,P6,Q130644548,Maria Neus Bulbena Burdó,Q14039842,Meritxell Budó i Pla,Who is the head of government of La Garriga?,"The mayor of La Garriga is the head of government of the municipality of La Garriga, in"
mistral-7b-v0.3,iti,1,P6:Q15415:Q130644548->Q14039842@2011-05-23,P6,Q130644548,Maria Neus Bulbena Burdó,Q14039842,Meritxell Budó i Pla,Who is the head of government of La Garriga?,"The mayor of La Garriga is the head of government of the municipality of La Garriga, in"
mistral-7b-v0.3,standard,1,P6:Q15415:Q14039842->Q88869549@2019-05-26,P6,Q14039842,Meritxell Budó i Pla,Q88869549,Dolors Castellà Puig,Who is the head of government of La Garriga?,"The mayor of La Garriga is the head of government of the municipality of La Garriga, in"
mistral-7b-v0.3,tas,1,P6:Q15415:Q14039842->Q88869549@2019-05-26,P6,Q14039842,Meritxell Budó i Pla,Q88869549,Dolors Castellà Puig,Who is the head of government of La Garriga?,"The mayor of La Garriga is the head of government of the municipality of La Garriga, in"
mistral-7b-v0.3,iti,1,P6:Q15415:Q14039842->Q88869549@2019-05-26,P6,Q14039842,Meritxell Budó i Pla,Q88869549,Dolors Castellà Puig,Who is the head of government of La Garriga?,"The mayor of La Garriga is the head of government of the municipality of La Garriga, in"
mistral-7b-v0.3,standard,1,P6:Q985390:Q16439392->Q60175871@2018-12-13,P6,Q16439392,Cécile Hemmen,Q60175871,Vincent Reding,Who is the head of government of Weiler-la-Tour?,The mayor of Weiler-la-Tour is the head of government of the municipality. The mayor is
mistral-7b-v0.3,tas,1,P6:Q985390:Q16439392->Q60175871@2018-12-13,P6,Q16439392,Cécile Hemmen,Q60175871,Vincent Reding,Who is the head of government of Weiler-la-Tour?,The mayor of Weiler-la-Tour is the head of government of the municipality. The mayor is
mistral-7b-v0.3,iti,1,P6:Q985390:Q16439392->Q60175871@2018-12-13,P6,Q16439392,Cécile Hemmen,Q60175871,Vincent Reding,Who is the head of government of Weiler-la-Tour?,The mayor of Weiler-la-Tour is the head of government of the municipality. The mayor is
mistral-7b-v0.3,standard,1,P6:Q14960:Q12049704->Q17541652@2014-11-25,P6,Q12049704,Roman Onderka,Q17541652,Petr Vokřál,Who is the head of government of Brno?,"The head of government of Brno is the mayor of Brno, who is elected by the city council. The"
mistral-7b-v0.3,tas,1,P6:Q14960:Q12049704->Q17541652@2014-11-25,P6,Q12049704,Roman Onderka,Q17541652,Petr Vokřál,Who is the head of government of Brno?,"The head of government of Brno is the mayor of Brno, who is elected by the city council. The"
mistral-7b-v0.3,iti,1,P6:Q14960:Q12049704->Q17541652@2014-11-25,P6,Q12049704,Roman Onderka,Q17541652,Petr Vokřál,Who is the head of government of Brno?,"The head of government of Brno is the mayor of Brno, who is elected by the city council. The"
mistral-7b-v0.3,standard,1,P6:Q14960:Q17541652->Q52276807@2018-11-20,P6,Q17541652,Petr Vokřál,Q52276807,Markéta Vaňková,Who is the head of government of Brno?,"The head of government of Brno is the mayor of Brno, who is elected by the city council. The"
mistral-7b-v0.3,tas,1,P6:Q14960:Q17541652->Q52276807@2018-11-20,P6,Q17541652,Petr Vokřál,Q52276807,Markéta Vaňková,Who is the head of government of Brno?,"The head of government of Brno is the mayor of Brno, who is elected by the city council. The"
mistral-7b-v0.3,iti,1,P6:Q14960:Q17541652->Q52276807@2018-11-20,P6,Q17541652,Petr Vokřál,Q52276807,Markéta Vaňková,Who is the head of government of Brno?,"The head of government of Brno is the mayor of Brno, who is elected by the city council. The"
mistral-7b-v0.3,standard,1,P6:Q158239:Q12037571->Q24708176@2010-11-11,P6,Q12037571,Miloš Malý,Q24708176,Daniela Hebnarová,Who is the head of government of Kroměříž?,The head of government of Kroměříž is the mayor. The mayor is elected by the citizens of K
mistral-7b-v0.3,tas,1,P6:Q158239:Q12037571->Q24708176@2010-11-11,P6,Q12037571,Miloš Malý,Q24708176,Daniela Hebnarová,Who is the head of government of Kroměříž?,Kroměříž is a city in the Zlín Region of the Czech Republic. It has about
mistral-7b-v0.3,iti,1,P6:Q158239:Q12037571->Q24708176@2010-11-11,P6,Q12037571,Miloš Malý,Q24708176,Daniela Hebnarová,Who is the head of government of Kroměříž?,The head of government of Kroměříž is the mayor. The mayor is elected by the citizens of K
mistral-7b-v0.3,standard,1,P6:Q158239:Q24708176->Q54179972@2014-11-06,P6,Q24708176,Daniela Hebnarová,Q54179972,Jaroslav Němec,Who is the head of government of Kroměříž?,The head of government of Kroměříž is the mayor. The mayor is elected by the citizens of K
mistral-7b-v0.3,tas,1,P6:Q158239:Q24708176->Q54179972@2014-11-06,P6,Q24708176,Daniela Hebnarová,Q54179972,Jaroslav Němec,Who is the head of government of Kroměříž?,Kroměříž is a city in the Zlín Region of the Czech Republic. It has about
mistral-7b-v0.3,iti,1,P6:Q158239:Q24708176->Q54179972@2014-11-06,P6,Q24708176,Daniela Hebnarová,Q54179972,Jaroslav Němec,Who is the head of government of Kroměříž?,The head of government of Kroměříž is the mayor. The mayor is elected by the citizens of K
mistral-7b-v0.3,standard,1,P6:Q158239:Q54179972->Q123347931@2022-10-20,P6,Q54179972,Jaroslav Němec,Q123347931,Tomáš Opatrný,Who is the head of government of Kroměříž?,The head of government of Kroměříž is the mayor. The mayor is elected by the citizens of K
mistral-7b-v0.3,tas,1,P6:Q158239:Q54179972->Q123347931@2022-10-20,P6,Q54179972,Jaroslav Němec,Q123347931,Tomáš Opatrný,Who is the head of government of Kroměříž?,Kroměříž is a city in the Zlín Region of the Czech Republic. It has about
mistral-7b-v0.3,iti,1,P6:Q158239:Q54179972->Q123347931@2022-10-20,P6,Q54179972,Jaroslav Němec,Q123347931,Tomáš Opatrný,Who is the head of government of Kroměříž?,The head of government of Kroměříž is the mayor. The mayor is elected by the citizens of K
mistral-7b-v0.3,standard,1,P6:Q16733:Q14043165->Q66759171@2019-01-01,P6,Q14043165,Albert Miralda Sellarés,Q66759171,Georgina Mercadal Viñals,Who is the head of government of Sant Salvador de Guardiola?,"The head of government of Sant Salvador de Guardiola is the mayor, elected by universal suffrage. The current"
mistral-7b-v0.3,tas,1,P6:Q16733:Q14043165->Q66759171@2019-01-01,P6,Q14043165,Albert Miralda Sellarés,Q66759171,Georgina Mercadal Viñals,Who is the head of government of Sant Salvador de Guardiola?,Sant Salvador de Guardiola is a municipality in the province of Barcelona and autonomous community of Catalonia
mistral-7b-v0.3,iti,1,P6:Q16733:Q14043165->Q66759171@2019-01-01,P6,Q14043165,Albert Miralda Sellarés,Q66759171,Georgina Mercadal Viñals,Who is the head of government of Sant Salvador de Guardiola?,"The head of government of Sant Salvador de Guardiola is the mayor, elected by universal suffrage. The current"
mistral-7b-v0.3,standard,1,P6:Q1425064:Q12311391->Q12339190@2010-01-01,P6,Q12311391,Finn Madsen,Q12339190,Thomas Adelskov,Who is the head of government of Odsherred Municipality?,The head of government of Odsherred Municipality is the mayor. The mayor is elected by the municipal council
mistral-7b-v0.3,tas,1,P6:Q1425064:Q12311391->Q12339190@2010-01-01,P6,Q12311391,Finn Madsen,Q12339190,Thomas Adelskov,Who is the head of government of Odsherred Municipality?,The head of government of Odsherred Municipality is the mayor. The mayor is elected by the municipal council
mistral-7b-v0.3,iti,1,P6:Q1425064:Q12311391->Q12339190@2010-01-01,P6,Q12311391,Finn Madsen,Q12339190,Thomas Adelskov,Who is the head of government of Odsherred Municipality?,The head of government of Odsherred Municipality is the mayor. The mayor is elected by the municipal council
mistral-7b-v0.3,standard,1,P6:Q1425064:Q12339190->Q110359532@2022-01-01,P6,Q12339190,Thomas Adelskov,Q110359532,Karina Vincentz Andersen,Who is the head of government of Odsherred Municipality?,The head of government of Odsherred Municipality is the mayor. The mayor is elected by the municipal council
mistral-7b-v0.3,tas,1,P6:Q1425064:Q12339190->Q110359532@2022-01-01,P6,Q12339190,Thomas Adelskov,Q110359532,Karina Vincentz Andersen,Who is the head of government of Odsherred Municipality?,The head of government of Odsherred Municipality is the mayor. The mayor is elected by the municipal council
mistral-7b-v0.3,iti,1,P6:Q1425064:Q12339190->Q110359532@2022-01-01,P6,Q12339190,Thomas Adelskov,Q110359532,Karina Vincentz Andersen,Who is the head of government of Odsherred Municipality?,The head of government of Odsherred Municipality is the mayor. The mayor is elected by the municipal council
mistral-7b-v0.3,standard,1,P6:Q21150:Q12309495->Q110359525@2022-01-01,P6,Q12309495,Egon Fræhr,Q110359525,Frank Schmidt-Hansen,Who is the head of government of Vejen Municipality?,The head of government of Vejen Municipality is the mayor. The mayor is elected by the municipal council. The
mistral-7b-v0.3,tas,1,P6:Q21150:Q12309495->Q110359525@2022-01-01,P6,Q12309495,Egon Fræhr,Q110359525,Frank Schmidt-Hansen,Who is the head of government of Vejen Municipality?,"Vejen Municipality is a municipality (Danish, kommune) in the Region of Southern Denmark"
mistral-7b-v0.3,iti,1,P6:Q21150:Q12309495->Q110359525@2022-01-01,P6,Q12309495,Egon Fræhr,Q110359525,Frank Schmidt-Hansen,Who is the head of government of Vejen Municipality?,"Vejen Municipality is a municipality (Danish, kommune) in the Region of Southern Denmark"
mistral-7b-v0.3,standard,1,P6:Q26586:Q12303168->Q12301429@2018-01-01,P6,Q12303168,Bent Hansen,Q12301429,Anders Kühnau,Who is the head of government of Central Denmark?,The head of government of Central Denmark Region is the regional council chairman. The current chairman is Lars Syvret (
mistral-7b-v0.3,tas,1,P6:Q26586:Q12303168->Q12301429@2018-01-01,P6,Q12303168,Bent Hansen,Q12301429,Anders Kühnau,Who is the head of government of Central Denmark?,The head of government of Central Denmark Region is the regional council chairman. The current chairman is Lars Pedersen (
mistral-7b-v0.3,iti,1,P6:Q26586:Q12303168->Q12301429@2018-01-01,P6,Q12303168,Bent Hansen,Q12301429,Anders Kühnau,Who is the head of government of Central Denmark?,The head of government of Central Denmark Region is the regional council chairman. The current chairman is Lars Pedersen (
mistral-7b-v0.3,standard,1,P6:Q27967:Q12311360->Q15551215@2014-01-01,P6,Q12311360,Finn Brunse,Q15551215,Søren Steen Andersen,Who is the head of government of Assens Municipality?,The head of government of Assens Municipality is the mayor. The mayor is elected by the municipal council. The
mistral-7b-v0.3,tas,1,P6:Q27967:Q12311360->Q15551215@2014-01-01,P6,Q12311360,Finn Brunse,Q15551215,Søren Steen Andersen,Who is the head of government of Assens Municipality?,The head of government of Assens Municipality is the mayor. The mayor is elected by the municipal council. The
mistral-7b-v0.3,iti,1,P6:Q27967:Q12311360->Q15551215@2014-01-01,P6,Q12311360,Finn Brunse,Q15551215,Søren Steen Andersen,Who is the head of government of Assens Municipality?,The head of government of Assens Municipality is the mayor. The mayor is elected by the municipal council. The
mistral-7b-v0.3,standard,1,P6:Q493285:Q12310400->Q46996609@2018-01-01,P6,Q12310400,Erik Nørreby,Q46996609,Sofie Valbjørn,Who is the head of government of Fanø Municipality?,The head of government of Fanø Municipality is the mayor. The mayor is elected by the municipal council.
mistral-7b-v0.3,tas,1,P6:Q493285:Q12310400->Q46996609@2018-01-01,P6,Q12310400,Erik Nørreby,Q46996609,Sofie Valbjørn,Who is the head of government of Fanø Municipality?,The head of government of Fanø Municipality is the mayor. The mayor is elected by the municipal council.
mistral-7b-v0.3,iti,1,P6:Q493285:Q12310400->Q46996609@2018-01-01,P6,Q12310400,Erik Nørreby,Q46996609,Sofie Valbjørn,Who is the head of government of Fanø Municipality?,The head of government of Fanø Municipality is the mayor. The mayor is elected by the municipal council.
mistral-7b-v0.3,standard,1,P6:Q493285:Q46996609->Q110359524@2022-01-01,P6,Q46996609,Sofie Valbjørn,Q110359524,Frank Jensen,Who is the head of government of Fanø Municipality?,The head of government of Fanø Municipality is the mayor. The mayor is elected by the municipal council.
mistral-7b-v0.3,tas,1,P6:Q493285:Q46996609->Q110359524@2022-01-01,P6,Q46996609,Sofie Valbjørn,Q110359524,Frank Jensen,Who is the head of government of Fanø Municipality?,The head of government of Fanø Municipality is the mayor. The mayor is elected by the municipal council.
mistral-7b-v0.3,iti,1,P6:Q493285:Q46996609->Q110359524@2022-01-01,P6,Q46996609,Sofie Valbjørn,Q110359524,Frank Jensen,Who is the head of government of Fanø Municipality?,The head of government of Fanø Municipality is the mayor. The mayor is elected by the municipal council.
mistral-7b-v0.3,standard,1,P6:Q504977:Q12315240->Q28759753@2014-01-01,P6,Q12315240,Hans Barlach,Q28759753,Pernille Beckmann,Who is the head of government of Greve Municipality?,The head of government of Greve Municipality is the mayor. The mayor is elected by the municipal council. The
mistral-7b-v0.3,tas,1,P6:Q504977:Q12315240->Q28759753@2014-01-01,P6,Q12315240,Hans Barlach,Q28759753,Pernille Beckmann,Who is the head of government of Greve Municipality?,The head of government of Greve Municipality is the mayor. The mayor is elected by the municipal council. The
mistral-7b-v0.3,iti,1,P6:Q504977:Q12315240->Q28759753@2014-01-01,P6,Q12315240,Hans Barlach,Q28759753,Pernille Beckmann,Who is the head of government of Greve Municipality?,The head of government of Greve Municipality is the mayor. The mayor is elected by the municipal council. The
mistral-7b-v0.3,standard,1,P6:Q512595:Q12305482->Q46996677@2018-01-01,P6,Q12305482,Carsten Kissmeyer,Q46996677,Ib Boye Lauritsen,Who is the head of government of Ikast-Brande Municipality?,The head of government of Ikast-Brande Municipality is the mayor. The mayor is elected by the
mistral-7b-v0.3,tas,1,P6:Q512595:Q12305482->Q46996677@2018-01-01,P6,Q12305482,Carsten Kissmeyer,Q46996677,Ib Boye Lauritsen,Who is the head of government of Ikast-Brande Municipality?,The mayor of Ikast-Brande Municipality is the head of the municipality. The mayor is elected
mistral-7b-v0.3,iti,1,P6:Q512595:Q12305482->Q46996677@2018-01-01,P6,Q12305482,Carsten Kissmeyer,Q46996677,Ib Boye Lauritsen,Who is the head of government of Ikast-Brande Municipality?,The head of government of Ikast-Brande Municipality is the mayor. The mayor is elected by the
mistral-7b-v0.3,standard,1,P6:Q21151:Q12318688->Q30083243@2014-01-01,P6,Q12318688,Ivan Hansen,Q30083243,Gert Jørgensen,Who is the head of government of Sorø Municipality?,Sorø Municipality is a municipality in Region Sjælland on the island of Sjæ
mistral-7b-v0.3,tas,1,P6:Q21151:Q12318688->Q30083243@2014-01-01,P6,Q12318688,Ivan Hansen,Q30083243,Gert Jørgensen,Who is the head of government of Sorø Municipality?,"Sorø Municipality is a municipality (Danish, kommune) in Region Sjæll"
mistral-7b-v0.3,iti,1,P6:Q21151:Q12318688->Q30083243@2014-01-01,P6,Q12318688,Ivan Hansen,Q30083243,Gert Jørgensen,Who is the head of government of Sorø Municipality?,Sorø Municipality is a municipality in Region Sjælland on the island of Sjæ
mistral-7b-v0.3,standard,1,P6:Q505130:Q12316024->Q21014530@2014-01-01,P6,Q12316024,Helge Friis,Q21014530,Steen Hasselriis,Who is the head of government of Halsnæs Municipality?,The head of government of Halsnæs Municipality is the mayor. The mayor is elected by the municipal
mistral-7b-v0.3,tas,1,P6:Q505130:Q12316024->Q21014530@2014-01-01,P6,Q12316024,Helge Friis,Q21014530,Steen Hasselriis,Who is the head of government of Halsnæs Municipality?,The head of government of Halsnæs Municipality is the mayor. The mayor is elected by the municipal
mistral-7b-v0.3,iti,1,P6:Q505130:Q12316024->Q21014530@2014-01-01,P6,Q12316024,Helge Friis,Q21014530,Steen Hasselriis,Who is the head of government of Halsnæs Municipality?,The head of government of Halsnæs Municipality is the mayor. The mayor is elected by the municipal
mistral-7b-v0.3,standard,1,P6:Q505130:Q21014530->Q46996640@2018-01-01,P6,Q21014530,Steen Hasselriis,Q46996640,Steffen Jensen,Who is the head of government of Halsnæs Municipality?,The head of government of Halsnæs Municipality is the mayor. The mayor is elected by the municipal
mistral-7b-v0.3,tas,1,P6:Q505130:Q21014530->Q46996640@2018-01-01,P6,Q21014530,Steen Hasselriis,Q46996640,Steffen Jensen,Who is the head of government of Halsnæs Municipality?,The head of government of Halsnæs Municipality is the mayor. The mayor is elected by the municipal
mistral-7b-v0.3,iti,1,P6:Q505130:Q21014530->Q46996640@2018-01-01,P6,Q21014530,Steen Hasselriis,Q46996640,Steffen Jensen,Who is the head of government of Halsnæs Municipality?,The head of government of Halsnæs Municipality is the mayor. The mayor is elected by the municipal
mistral-7b-v0.3,standard,1,P6:Q503045:Q12329990->Q12339232@2010-01-01,P6,Q12329990,Olav Aaen,Q12339232,Thomas Lykke Pedersen,Who is the head of government of Fredensborg Municipality?,"Fredensborg Municipality is a municipality in North Zealand, Denmark. The municipality covers an area of"
mistral-7b-v0.3,tas,1,P6:Q503045:Q12329990->Q12339232@2010-01-01,P6,Q12329990,Olav Aaen,Q12339232,Thomas Lykke Pedersen,Who is the head of government of Fredensborg Municipality?,"Fredensborg Municipality is a municipality in North Zealand, Denmark. The municipality covers an area of"
mistral-7b-v0.3,iti,1,P6:Q503045:Q12329990->Q12339232@2010-01-01,P6,Q12329990,Olav Aaen,Q12339232,Thomas Lykke Pedersen,Who is the head of government of Fredensborg Municipality?,"Fredensborg Municipality is a municipality in North Zealand, Denmark. The municipality covers an area of"
mistral-7b-v0.3,standard,1,P6:Q506877:Q12323862->Q104502499@2021-08-01,P6,Q12323862,Lars Krarup,Q104502499,Dorte West,Who is the head of government of Herning Municipality?,The head of government of Herning Municipality is the mayor. The mayor is elected by the municipal council. The
mistral-7b-v0.3,tas,1,P6:Q506877:Q12323862->Q104502499@2021-08-01,P6,Q12323862,Lars Krarup,Q104502499,Dorte West,Who is the head of government of Herning Municipality?,The head of government of Herning Municipality is the mayor. The mayor is elected by the municipal council. The
mistral-7b-v0.3,iti,1,P6:Q506877:Q12323862->Q104502499@2021-08-01,P6,Q12323862,Lars Krarup,Q104502499,Dorte West,Who is the head of government of Herning Municipality?,The head of government of Herning Municipality is the mayor. The mayor is elected by the municipal council. The
mistral-7b-v0.3,standard,1,P6:Q512562:Q12327254->Q12316076@2012-12-01,P6,Q12327254,Milton Graff Pedersen,Q12316076,Helle Moesgaard Adelborg,Who is the head of government of Hvidovre Municipality?,The head of government of Hvidovre Municipality is the mayor. The mayor is elected by the municipal council
mistral-7b-v0.3,tas,1,P6:Q512562:Q12327254->Q12316076@2012-12-01,P6,Q12327254,Milton Graff Pedersen,Q12316076,Helle Moesgaard Adelborg,Who is the head of government of Hvidovre Municipality?,Hvidovre Municipality is a municipality in the northern part of the island of Zealand in the eastern part
mistral-7b-v0.3,iti,1,P6:Q512562:Q12327254->Q12316076@2012-12-01,P6,Q12327254,Milton Graff Pedersen,Q12316076,Helle Moesgaard Adelborg,Who is the head of government of Hvidovre Municipality?,The head of government of Hvidovre Municipality is the mayor. The mayor is elected by the municipal council
mistral-7b-v0.3,standard,1,P6:Q512562:Q12316076->Q109906272@2022-01-01,P6,Q12316076,Helle Moesgaard Adelborg,Q109906272,Anders Wolf Andresen,Who is the head of government of Hvidovre Municipality?,The head of government of Hvidovre Municipality is the mayor. The mayor is elected by the municipal council
mistral-7b-v0.3,tas,1,P6:Q512562:Q12316076->Q109906272@2022-01-01,P6,Q12316076,Helle Moesgaard Adelborg,Q109906272,Anders Wolf Andresen,Who is the head of government of Hvidovre Municipality?,Hvidovre Municipality is a municipality in the northern part of the island of Zealand in the eastern part
mistral-7b-v0.3,iti,1,P6:Q512562:Q12316076->Q109906272@2022-01-01,P6,Q12316076,Helle Moesgaard Adelborg,Q109906272,Anders Wolf Andresen,Who is the head of government of Hvidovre Municipality?,The head of government of Hvidovre Municipality is the mayor. The mayor is elected by the municipal council
mistral-7b-v0.3,standard,1,P6:Q612488:Q12330871->Q12336428@2010-01-01,P6,Q12330871,Palle Hansborg-Sørensen,Q12336428,Sonja Rasmussen,Who is the head of government of Kerteminde Municipality?,The head of government of Kerteminde Municipality is the mayor. The mayor is elected by the municipal council
mistral-7b-v0.3,tas,1,P6:Q612488:Q12330871->Q12336428@2010-01-01,P6,Q12330871,Palle Hansborg-Sørensen,Q12336428,Sonja Rasmussen,Who is the head of government of Kerteminde Municipality?,The head of government of Kerteminde Municipality is the mayor. The mayor is elected by the municipal council
mistral-7b-v0.3,iti,1,P6:Q612488:Q12330871->Q12336428@2010-01-01,P6,Q12330871,Palle Hansborg-Sørensen,Q12336428,Sonja Rasmussen,Who is the head of government of Kerteminde Municipality?,The head of government of Kerteminde Municipality is the mayor. The mayor is elected by the municipal council
mistral-7b-v0.3,standard,1,P6:Q612488:Q12336428->Q19798424@2014-01-01,P6,Q12336428,Sonja Rasmussen,Q19798424,Hans Luunbjerg,Who is the head of government of Kerteminde Municipality?,The head of government of Kerteminde Municipality is the mayor. The mayor is elected by the municipal council
mistral-7b-v0.3,tas,1,P6:Q612488:Q12336428->Q19798424@2014-01-01,P6,Q12336428,Sonja Rasmussen,Q19798424,Hans Luunbjerg,Who is the head of government of Kerteminde Municipality?,The head of government of Kerteminde Municipality is the mayor. The mayor is elected by the municipal council
mistral-7b-v0.3,iti,1,P6:Q612488:Q12336428->Q19798424@2014-01-01,P6,Q12336428,Sonja Rasmussen,Q19798424,Hans Luunbjerg,Who is the head of government of Kerteminde Municipality?,The head of government of Kerteminde Municipality is the mayor. The mayor is elected by the municipal council
mistral-7b-v0.3,standard,1,P6:Q612488:Q19798424->Q46996693@2018-01-01,P6,Q19798424,Hans Luunbjerg,Q46996693,Kasper Ejsing Olesen,Who is the head of government of Kerteminde Municipality?,The head of government of Kerteminde Municipality is the mayor. The mayor is elected by the municipal council
mistral-7b-v0.3,tas,1,P6:Q612488:Q19798424->Q46996693@2018-01-01,P6,Q19798424,Hans Luunbjerg,Q46996693,Kasper Ejsing Olesen,Who is the head of government of Kerteminde Municipality?,The head of government of Kerteminde Municipality is the mayor. The mayor is elected by the municipal council
mistral-7b-v0.3,iti,1,P6:Q612488:Q19798424->Q46996693@2018-01-01,P6,Q19798424,Hans Luunbjerg,Q46996693,Kasper Ejsing Olesen,Who is the head of government of Kerteminde Municipality?,The head of government of Kerteminde Municipality is the mayor. The mayor is elected by the municipal council
mistral-7b-v0.3,standard,1,P6:Q656781:Q14089827->Q98818898@2015-01-01,P6,Q14089827,Antonio Gila Gila,Q98818898,Ander Oroz,Who is the head of government of Ansoáin-Antsoain?,The head of government of Ansoáin-Antsoain is the mayor of Ansoáin-Ant
mistral-7b-v0.3,tas,1,P6:Q656781:Q14089827->Q98818898@2015-01-01,P6,Q14089827,Antonio Gila Gila,Q98818898,Ander Oroz,Who is the head of government of Ansoáin-Antsoain?,The head of government of Ansoáin-Antsoain is the mayor of Ansoáin-Ant
mistral-7b-v0.3,iti,1,P6:Q656781:Q14089827->Q98818898@2015-01-01,P6,Q14089827,Antonio Gila Gila,Q98818898,Ander Oroz,Who is the head of government of Ansoáin-Antsoain?,The head of government of Ansoáin-Antsoain is the mayor of Ansoáin-Ant
mistral-7b-v0.3,standard,1,P6:Q64032:Q15018599->Q18648730@2014-01-01,P6,Q15018599,Martin Bornhauser,Q18648730,Werner Egli,Who is the head of government of Uster?,Uster is a municipality in the district of Uster in the canton of Zürich in Switzerland.
mistral-7b-v0.3,tas,1,P6:Q64032:Q15018599->Q18648730@2014-01-01,P6,Q15018599,Martin Bornhauser,Q18648730,Werner Egli,Who is the head of government of Uster?,Uster is a municipality in the district of Uster in the canton of Zürich in Switzerland.
mistral-7b-v0.3,iti,1,P6:Q64032:Q15018599->Q18648730@2014-01-01,P6,Q15018599,Martin Bornhauser,Q18648730,Werner Egli,Who is the head of government of Uster?,Uster is a municipality in the district of Uster in the canton of Zürich in Switzerland.
mistral-7b-v0.3,standard,1,P6:Q505156:Q16060926->Q12319064@2010-01-01,P6,Q16060926,Torben Jensen,Q12319064,Jan Petersen,Who is the head of government of Norddjurs Municipality?,"Norddjurs Municipality is a municipality (Danish, kommune) in Region Midt"
mistral-7b-v0.3,tas,1,P6:Q505156:Q16060926->Q12319064@2010-01-01,P6,Q16060926,Torben Jensen,Q12319064,Jan Petersen,Who is the head of government of Norddjurs Municipality?,"Norddjurs Municipality is a municipality (Danish, kommune) in Region Midt"
mistral-7b-v0.3,iti,1,P6:Q505156:Q16060926->Q12319064@2010-01-01,P6,Q16060926,Torben Jensen,Q12319064,Jan Petersen,Who is the head of government of Norddjurs Municipality?,"Norddjurs Municipality is a municipality (Danish, kommune) in Region Midt"
mistral-7b-v0.3,standard,1,P6:Q505156:Q12319064->Q110359533@2022-01-01,P6,Q12319064,Jan Petersen,Q110359533,Kasper Bjerregaard,Who is the head of government of Norddjurs Municipality?,"Norddjurs Municipality is a municipality (Danish, kommune) in Region Midt"
mistral-7b-v0.3,tas,1,P6:Q505156:Q12319064->Q110359533@2022-01-01,P6,Q12319064,Jan Petersen,Q110359533,Kasper Bjerregaard,Who is the head of government of Norddjurs Municipality?,"Norddjurs Municipality is a municipality (Danish, kommune) in Region Midt"
mistral-7b-v0.3,iti,1,P6:Q505156:Q12319064->Q110359533@2022-01-01,P6,Q12319064,Jan Petersen,Q110359533,Kasper Bjerregaard,Who is the head of government of Norddjurs Municipality?,"Norddjurs Municipality is a municipality (Danish, kommune) in Region Midt"
mistral-7b-v0.3,standard,1,P6:Q243325:Q22279264->Q54094562@2018-09-26,P6,Q22279264,Md. Moniruzzaman Moni,Q54094562,Talukder Abdul Khaleque,Who is the head of government of Khulna?,Khulna Division is a division of Bangladesh. It is located in the south-western part of the
mistral-7b-v0.3,tas,1,P6:Q243325:Q22279264->Q54094562@2018-09-26,P6,Q22279264,Md. Moniruzzaman Moni,Q54094562,Talukder Abdul Khaleque,Who is the head of government of Khulna?,Khulna Division is a division of Bangladesh. It is located in the south-western part of the
mistral-7b-v0.3,iti,1,P6:Q243325:Q22279264->Q54094562@2018-09-26,P6,Q22279264,Md. Moniruzzaman Moni,Q54094562,Talukder Abdul Khaleque,Who is the head of government of Khulna?,Khulna Division is a division of Bangladesh. It is located in the south-western part of the
mistral-7b-v0.3,standard,1,P6:Q983635:Q20877122->Q20877118@2011-12-07,P6,Q20877122,Josep Marí Ribas,Q20877118,Neus Marí Marí,Who is the head of government of Sant Josep de sa Talaia?,The head of government of Sant Josep de sa Talaia is the president of the Consell Insular de
mistral-7b-v0.3,tas,1,P6:Q983635:Q20877122->Q20877118@2011-12-07,P6,Q20877122,Josep Marí Ribas,Q20877118,Neus Marí Marí,Who is the head of government of Sant Josep de sa Talaia?,"Sant Josep de sa Talaia is a municipality in the Balearic Islands, Spain. It"
mistral-7b-v0.3,iti,1,P6:Q983635:Q20877122->Q20877118@2011-12-07,P6,Q20877122,Josep Marí Ribas,Q20877118,Neus Marí Marí,Who is the head of government of Sant Josep de sa Talaia?,"Sant Josep de sa Talaia is a municipality in the Balearic Islands, Spain. It"
mistral-7b-v0.3,standard,1,P6:Q983635:Q20877118->Q20877122@2015-06-13,P6,Q20877118,Neus Marí Marí,Q20877122,Josep Marí Ribas,Who is the head of government of Sant Josep de sa Talaia?,The head of government of Sant Josep de sa Talaia is the president of the Consell Insular de
mistral-7b-v0.3,tas,1,P6:Q983635:Q20877118->Q20877122@2015-06-13,P6,Q20877118,Neus Marí Marí,Q20877122,Josep Marí Ribas,Who is the head of government of Sant Josep de sa Talaia?,"Sant Josep de sa Talaia is a municipality in the Balearic Islands, Spain. It"
mistral-7b-v0.3,iti,1,P6:Q983635:Q20877118->Q20877122@2015-06-13,P6,Q20877118,Neus Marí Marí,Q20877122,Josep Marí Ribas,Who is the head of government of Sant Josep de sa Talaia?,"Sant Josep de sa Talaia is a municipality in the Balearic Islands, Spain. It"
mistral-7b-v0.3,standard,1,P6:Q6157:Q18633627->Q20251906@2020-09-01,P6,Q18633627,Jorma Rasinmäki,Q20251906,Jaakko Kiiskilä,Who is the head of government of Seinäjoki?,The head of government of Seinäjoki is the Mayor of Seinäjoki. The current mayor
mistral-7b-v0.3,tas,1,P6:Q6157:Q18633627->Q20251906@2020-09-01,P6,Q18633627,Jorma Rasinmäki,Q20251906,Jaakko Kiiskilä,Who is the head of government of Seinäjoki?,The head of government of Seinäjoki is the mayor of Seinäjoki. The current mayor
mistral-7b-v0.3,iti,1,P6:Q6157:Q18633627->Q20251906@2020-09-01,P6,Q18633627,Jorma Rasinmäki,Q20251906,Jaakko Kiiskilä,Who is the head of government of Seinäjoki?,The head of government of Seinäjoki is the Mayor of Seinäjoki. The current mayor
mistral-7b-v0.3,standard,1,P6:Q503159:Q51757051->Q12342848@2010-01-01,P6,Q51757051,Bo Siesjö,Q12342848,Søren Kjærsgaard,Who is the head of government of Holbæk Municipality?,The head of government of Holbæk Municipality is the mayor. The mayor is elected by the municipal council
mistral-7b-v0.3,tas,1,P6:Q503159:Q51757051->Q12342848@2010-01-01,P6,Q51757051,Bo Siesjö,Q12342848,Søren Kjærsgaard,Who is the head of government of Holbæk Municipality?,The head of government of Holbæk Municipality is the mayor. The mayor is elected by the municipal council
mistral-7b-v0.3,iti,1,P6:Q503159:Q51757051->Q12342848@2010-01-01,P6,Q51757051,Bo Siesjö,Q12342848,Søren Kjærsgaard,Who is the head of government of Holbæk Municipality?,The head of government of Holbæk Municipality is the mayor. The mayor is elected by the municipal council
mistral-7b-v0.3,standard,1,P6:Q503159:Q12342848->Q43397758@2018-01-01,P6,Q12342848,Søren Kjærsgaard,Q43397758,Christina Krzyrosiak Hansen,Who is the head of government of Holbæk Municipality?,The head of government of Holbæk Municipality is the mayor. The mayor is elected by the municipal council
mistral-7b-v0.3,tas,1,P6:Q503159:Q12342848->Q43397758@2018-01-01,P6,Q12342848,Søren Kjærsgaard,Q43397758,Christina Krzyrosiak Hansen,Who is the head of government of Holbæk Municipality?,The head of government of Holbæk Municipality is the mayor. The mayor is elected by the municipal council
mistral-7b-v0.3,iti,1,P6:Q503159:Q12342848->Q43397758@2018-01-01,P6,Q12342848,Søren Kjærsgaard,Q43397758,Christina Krzyrosiak Hansen,Who is the head of government of Holbæk Municipality?,The head of government of Holbæk Municipality is the mayor. The mayor is elected by the municipal council
mistral-7b-v0.3,standard,1,P6:Q659355:Q55230095->Q98259018@2020-07-05,P6,Q55230095,Michel Dewitte,Q98259018,Véronique Leroy,Who is the head of government of Bousignies?,Bousignies is a commune in the Nord department in northern France. It is located in the arrondissement
mistral-7b-v0.3,tas,1,P6:Q659355:Q55230095->Q98259018@2020-07-05,P6,Q55230095,Michel Dewitte,Q98259018,Véronique Leroy,Who is the head of government of Bousignies?,Bousignies is a commune in the Nord department in northern France. It is located in the arrondissement
mistral-7b-v0.3,iti,1,P6:Q659355:Q55230095->Q98259018@2020-07-05,P6,Q55230095,Michel Dewitte,Q98259018,Véronique Leroy,Who is the head of government of Bousignies?,Bousignies is a commune in the Nord department in northern France. It is located in the arrondissement
mistral-7b-v0.3,standard,1,P6:Q836075:Q72719972->Q16439120@2011-11-24,P6,Q72719972,Yves Arend,Q16439120,Emile Eicher,Who is the head of government of Clervaux?,"The head of government is the Prime Minister of Luxembourg, who is appointed by the Grand Duke. The Prime Minister"
mistral-7b-v0.3,tas,1,P6:Q836075:Q72719972->Q16439120@2011-11-24,P6,Q72719972,Yves Arend,Q16439120,Emile Eicher,Who is the head of government of Clervaux?,Clervaux is a municipality in the canton of Luxembourg in central Luxembourg. It is bordered
mistral-7b-v0.3,iti,1,P6:Q836075:Q72719972->Q16439120@2011-11-24,P6,Q72719972,Yves Arend,Q16439120,Emile Eicher,Who is the head of government of Clervaux?,"The head of government is the Prime Minister of Luxembourg, who is appointed by the Grand Duke. The Prime Minister"
mistral-7b-v0.3,standard,1,P6:Q1064628:Q65603063->Q98246051@2020-05-25,P6,Q65603063,Gérard Taisne,Q98246051,Marie-Jo Déprez,Who is the head of government of Clary?,Clary is a fictional character in the novel series The Mortal Instruments by Cassandra Clare.
mistral-7b-v0.3,tas,1,P6:Q1064628:Q65603063->Q98246051@2020-05-25,P6,Q65603063,Gérard Taisne,Q98246051,Marie-Jo Déprez,Who is the head of government of Clary?,Clary is a fictional character in the novel series The Mortal Instruments by Cassandra Clare.
mistral-7b-v0.3,iti,1,P6:Q1064628:Q65603063->Q98246051@2020-05-25,P6,Q65603063,Gérard Taisne,Q98246051,Marie-Jo Déprez,Who is the head of government of Clary?,Clary is a fictional character in the novel series The Mortal Instruments by Cassandra Clare.
mistral-7b-v0.3,standard,1,P6:Q950923:Q66030656->Q66029714@2011-04-15,P6,Q66030656,Ivan Mahier,Q66029714,Anatol Antypienka,Who is the head of government of Lahojsk District?,"Lahojsk District is a district of Belarus, in the Minsk Region. The administrative center"
mistral-7b-v0.3,tas,1,P6:Q950923:Q66030656->Q66029714@2011-04-15,P6,Q66030656,Ivan Mahier,Q66029714,Anatol Antypienka,Who is the head of government of Lahojsk District?,"Lahojsk District is a district of Belarus, in the Minsk Region. The administrative center"
mistral-7b-v0.3,iti,1,P6:Q950923:Q66030656->Q66029714@2011-04-15,P6,Q66030656,Ivan Mahier,Q66029714,Anatol Antypienka,Who is the head of government of Lahojsk District?,"Lahojsk District is a district of Belarus, in the Minsk Region. The administrative center"
mistral-7b-v0.3,standard,1,P6:Q950923:Q66029714->Q66025078@2014-07-01,P6,Q66029714,Anatol Antypienka,Q66025078,Viktar Kaliada,Who is the head of government of Lahojsk District?,"Lahojsk District is a district of Belarus, in the Minsk Region. The administrative center"
mistral-7b-v0.3,tas,1,P6:Q950923:Q66029714->Q66025078@2014-07-01,P6,Q66029714,Anatol Antypienka,Q66025078,Viktar Kaliada,Who is the head of government of Lahojsk District?,"Lahojsk District is a district of Belarus, in the Minsk Region. The administrative center"
mistral-7b-v0.3,iti,1,P6:Q950923:Q66029714->Q66025078@2014-07-01,P6,Q66029714,Anatol Antypienka,Q66025078,Viktar Kaliada,Who is the head of government of Lahojsk District?,"Lahojsk District is a district of Belarus, in the Minsk Region. The administrative center"
mistral-7b-v0.3,standard,1,P6:Q950923:Q66025078->Q66024986@2019-03-01,P6,Q66025078,Viktar Kaliada,Q66024986,Aliaksandar Lasevich,Who is the head of government of Lahojsk District?,"Lahojsk District is a district of Belarus, in the Minsk Region. The administrative center"
mistral-7b-v0.3,tas,1,P6:Q950923:Q66025078->Q66024986@2019-03-01,P6,Q66025078,Viktar Kaliada,Q66024986,Aliaksandar Lasevich,Who is the head of government of Lahojsk District?,"Lahojsk District is a district of Belarus, in the Minsk Region. The administrative center"
mistral-7b-v0.3,iti,1,P6:Q950923:Q66025078->Q66024986@2019-03-01,P6,Q66025078,Viktar Kaliada,Q66024986,Aliaksandar Lasevich,Who is the head of government of Lahojsk District?,"Lahojsk District is a district of Belarus, in the Minsk Region. The administrative center"
mistral-7b-v0.3,standard,1,P6:Q986403:Q96053708->Q13101525@2011-11-21,P6,Q96053708,François Dahm,Q13101525,André Bauler,Who is the head of government of Erpeldange-sur-Sûre?,The mayor of Erpeldange-sur-Sûre is the head of government of the municipality.
mistral-7b-v0.3,tas,1,P6:Q986403:Q96053708->Q13101525@2011-11-21,P6,Q96053708,François Dahm,Q13101525,André Bauler,Who is the head of government of Erpeldange-sur-Sûre?,The mayor of Erpeldange-sur-Sûre is the head of government of the municipality.
mistral-7b-v0.3,iti,1,P6:Q986403:Q96053708->Q13101525@2011-11-21,P6,Q96053708,François Dahm,Q13101525,André Bauler,Who is the head of government of Erpeldange-sur-Sûre?,The head of government of Erpeldange-sur-Sûre is the mayor of Erpeldange
mistral-7b-v0.3,standard,1,P6:Q986403:Q13101525->Q96053362@2014-01-17,P6,Q13101525,André Bauler,Q96053362,Claude Gleis,Who is the head of government of Erpeldange-sur-Sûre?,The mayor of Erpeldange-sur-Sûre is the head of government of the municipality.
mistral-7b-v0.3,tas,1,P6:Q986403:Q13101525->Q96053362@2014-01-17,P6,Q13101525,André Bauler,Q96053362,Claude Gleis,Who is the head of government of Erpeldange-sur-Sûre?,The mayor of Erpeldange-sur-Sûre is the head of government of the municipality.
mistral-7b-v0.3,iti,1,P6:Q986403:Q13101525->Q96053362@2014-01-17,P6,Q13101525,André Bauler,Q96053362,Claude Gleis,Who is the head of government of Erpeldange-sur-Sûre?,The head of government of Erpeldange-sur-Sûre is the mayor of Erpeldange
mistral-7b-v0.3,standard,1,P6:Q21159:Q70844762->Q64151954@2011-09-01,P6,Q70844762,Rainer Maaß,Q64151954,Uwe Schmitz,Who is the head of government of Husum?,The head of government of Husum is the mayor. The mayor is elected by the city council. The mayor is
mistral-7b-v0.3,tas,1,P6:Q21159:Q70844762->Q64151954@2011-09-01,P6,Q70844762,Rainer Maaß,Q64151954,Uwe Schmitz,Who is the head of government of Husum?,"Husum is a town in the district of Nordfriesland, in Schleswig-Holstein,"
mistral-7b-v0.3,iti,1,P6:Q21159:Q70844762->Q64151954@2011-09-01,P6,Q70844762,Rainer Maaß,Q64151954,Uwe Schmitz,Who is the head of government of Husum?,The head of government of Husum is the mayor. The mayor is elected by the city council. The mayor is
mistral-7b-v0.3,standard,1,P6:Q854987:Q110812773->Q110812756@2019-01-01,P6,Q110812773,Ferenc Sándor Lehoczki,Q110812756,Ferenc Temerini,Who is the head of government of Soltvadkert?,"Soltvadkert is a town in Pest County, Hungary. It is the seat of the"
mistral-7b-v0.3,tas,1,P6:Q854987:Q110812773->Q110812756@2019-01-01,P6,Q110812773,Ferenc Sándor Lehoczki,Q110812756,Ferenc Temerini,Who is the head of government of Soltvadkert?,"Soltvadkert is a town in Pest County, Hungary. It is the seat of the"
mistral-7b-v0.3,iti,1,P6:Q854987:Q110812773->Q110812756@2019-01-01,P6,Q110812773,Ferenc Sándor Lehoczki,Q110812756,Ferenc Temerini,Who is the head of government of Soltvadkert?,"Soltvadkert is a town in Pest County, Hungary. It is the seat of the"
mistral-7b-v0.3,standard,1,P6:Q154540:Q110845248->Q110845216@2014-01-01,P6,Q110845248,Szilárd Székely,Q110845216,Győzőné Rabb,Who is the head of government of Sásd?,The head of government of Sásd is the Prime Minister of Sásd. The Prime Minister is the head
mistral-7b-v0.3,tas,1,P6:Q154540:Q110845248->Q110845216@2014-01-01,P6,Q110845248,Szilárd Székely,Q110845216,Győzőné Rabb,Who is the head of government of Sásd?,The head of government of Sásd is the Prime Minister of Sásd. The Prime Minister is the head
mistral-7b-v0.3,iti,1,P6:Q154540:Q110845248->Q110845216@2014-01-01,P6,Q110845248,Szilárd Székely,Q110845216,Győzőné Rabb,Who is the head of government of Sásd?,The head of government of Sásd is the Prime Minister of Sásd. The Prime Minister is the head
mistral-7b-v0.3,standard,1,P6:Q154540:Q110845216->Q110844936@2019-01-01,P6,Q110845216,Győzőné Rabb,Q110844936,János Jusztinger,Who is the head of government of Sásd?,The head of government of Sásd is the Prime Minister of Sásd. The Prime Minister is the head
mistral-7b-v0.3,tas,1,P6:Q154540:Q110845216->Q110844936@2019-01-01,P6,Q110845216,Győzőné Rabb,Q110844936,János Jusztinger,Who is the head of government of Sásd?,The head of government of Sásd is the Prime Minister of Sásd. The Prime Minister is the head
mistral-7b-v0.3,iti,1,P6:Q154540:Q110845216->Q110844936@2019-01-01,P6,Q110845216,Győzőné Rabb,Q110844936,János Jusztinger,Who is the head of government of Sásd?,The head of government of Sásd is the Prime Minister of Sásd. The Prime Minister is the head
mistral-7b-v0.3,standard,1,P6:Q431271:Q110622837->Q106782895@2020-12-01,P6,Q110622837,Anders Röhfors,Q106782895,Jonna Lindman,Who is the head of government of Arboga Municipality?,The head of government of Arboga Municipality is the mayor. The current mayor is Lars-Erik Erik
mistral-7b-v0.3,tas,1,P6:Q431271:Q110622837->Q106782895@2020-12-01,P6,Q110622837,Anders Röhfors,Q106782895,Jonna Lindman,Who is the head of government of Arboga Municipality?,The head of government of Arboga Municipality is the mayor. The current mayor is Lars-Erik Erik
mistral-7b-v0.3,iti,1,P6:Q431271:Q110622837->Q106782895@2020-12-01,P6,Q110622837,Anders Röhfors,Q106782895,Jonna Lindman,Who is the head of government of Arboga Municipality?,The head of government of Arboga Municipality is the mayor. The current mayor is Lars-Erik Erik
mistral-7b-v0.3,standard,1,P6:Q4418748:Q114686868->Q124050751@2012-01-01,P6,Q114686868,Mohamed Hosni Al-Saisy,Q124050751,Abde Rahim Bouabid,Who is the head of government of Sidi Bennour?,Sidi Bennour is a city in Morocco. The mayor of Sidi Bennour is Moh
mistral-7b-v0.3,tas,1,P6:Q4418748:Q114686868->Q124050751@2012-01-01,P6,Q114686868,Mohamed Hosni Al-Saisy,Q124050751,Abde Rahim Bouabid,Who is the head of government of Sidi Bennour?,Sidi Bennour is a city in Morocco. The mayor of Sidi Bennour is Moh
mistral-7b-v0.3,iti,1,P6:Q4418748:Q114686868->Q124050751@2012-01-01,P6,Q114686868,Mohamed Hosni Al-Saisy,Q124050751,Abde Rahim Bouabid,Who is the head of government of Sidi Bennour?,Sidi Bennour is a city in Morocco. The mayor of Sidi Bennour is Moh
mistral-7b-v0.3,standard,1,P6:Q4418748:Q124050751->Q124049979@2017-01-01,P6,Q124050751,Abde Rahim Bouabid,Q124049979,Abdul Latif Belbir,Who is the head of government of Sidi Bennour?,Sidi Bennour is a city in Morocco. The mayor of Sidi Bennour is Moh
mistral-7b-v0.3,tas,1,P6:Q4418748:Q124050751->Q124049979@2017-01-01,P6,Q124050751,Abde Rahim Bouabid,Q124049979,Abdul Latif Belbir,Who is the head of government of Sidi Bennour?,Sidi Bennour is a city in Morocco. The mayor of Sidi Bennour is Moh
mistral-7b-v0.3,iti,1,P6:Q4418748:Q124050751->Q124049979@2017-01-01,P6,Q124050751,Abde Rahim Bouabid,Q124049979,Abdul Latif Belbir,Who is the head of government of Sidi Bennour?,Sidi Bennour is a city in Morocco. The mayor of Sidi Bennour is Moh
mistral-7b-v0.3,standard,1,P6:Q7730:Q21104120->Q4142768@2019-12-12,P6,Q21104120,Alexander Levintal,Q4142768,Rostislav Goldstein,Who is the head of government of Jewish Autonomous Oblast?,The head of government of Jewish Autonomous Oblast is the Chairman of the Government of Jewish Autonomous
mistral-7b-v0.3,tas,1,P6:Q7730:Q21104120->Q4142768@2019-12-12,P6,Q21104120,Alexander Levintal,Q4142768,Rostislav Goldstein,Who is the head of government of Jewish Autonomous Oblast?,The head of government of Jewish Autonomous Oblast is the Chairman of the Government of Jewish Autonomous
mistral-7b-v0.3,iti,1,P6:Q7730:Q21104120->Q4142768@2019-12-12,P6,Q21104120,Alexander Levintal,Q4142768,Rostislav Goldstein,Who is the head of government of Jewish Autonomous Oblast?,The head of government of Jewish Autonomous Oblast is the Chairman of the Government of Jewish Autonomous
mistral-7b-v0.3,standard,1,P6:Q1948:Q178944->Q2924976@2016-05-03,P6,Q178944,Greg Selinger,Q2924976,Brian Pallister,Who is the head of government of Manitoba?,The Premier of Manitoba is the head of government of the Canadian province of Manitoba. The premier is
mistral-7b-v0.3,tas,1,P6:Q1948:Q178944->Q2924976@2016-05-03,P6,Q178944,Greg Selinger,Q2924976,Brian Pallister,Who is the head of government of Manitoba?,The Premier of Manitoba is the head of government of the Canadian province of Manitoba. The premier is
mistral-7b-v0.3,iti,1,P6:Q1948:Q178944->Q2924976@2016-05-03,P6,Q178944,Greg Selinger,Q2924976,Brian Pallister,Who is the head of government of Manitoba?,The Premier of Manitoba is the head of government of the Canadian province of Manitoba. The premier is
mistral-7b-v0.3,standard,1,P6:Q1948:Q2924976->Q6386656@2021-09-01,P6,Q2924976,Brian Pallister,Q6386656,Kelvin Goertzen,Who is the head of government of Manitoba?,The Premier of Manitoba is the head of government of the Canadian province of Manitoba. The premier is
mistral-7b-v0.3,tas,1,P6:Q1948:Q2924976->Q6386656@2021-09-01,P6,Q2924976,Brian Pallister,Q6386656,Kelvin Goertzen,Who is the head of government of Manitoba?,The Premier of Manitoba is the head of government of the Canadian province of Manitoba. The premier is
mistral-7b-v0.3,iti,1,P6:Q1948:Q2924976->Q6386656@2021-09-01,P6,Q2924976,Brian Pallister,Q6386656,Kelvin Goertzen,Who is the head of government of Manitoba?,The Premier of Manitoba is the head of government of the Canadian province of Manitoba. The premier is
mistral-7b-v0.3,standard,1,P6:Q365:Q54678->Q19285371@2015-10-02,P6,Q54678,Jürgen Roters,Q19285371,Henriette Reker,Who is the head of government of Cologne?,The Lord Mayor of Cologne (German: Oberbürgermeister der Stadt Köln) is
mistral-7b-v0.3,tas,1,P6:Q365:Q54678->Q19285371@2015-10-02,P6,Q54678,Jürgen Roters,Q19285371,Henriette Reker,Who is the head of government of Cologne?,The Lord Mayor of Cologne (German: Oberbürgermeister der Stadt Köln) is
mistral-7b-v0.3,iti,1,P6:Q365:Q54678->Q19285371@2015-10-02,P6,Q54678,Jürgen Roters,Q19285371,Henriette Reker,Who is the head of government of Cologne?,Mayor Henriette Reker is the head of government of Cologne.
mistral-7b-v0.3,standard,1,P6:Q80011:Q449915->Q11568706@2021-04-05,P6,Q449915,Kensaku Morita,Q11568706,Toshihito Kumagai,Who is the head of government of Chiba Prefecture?,"The Governor of Chiba Prefecture (Japanese: 千葉県知事, Chiba"
mistral-7b-v0.3,tas,1,P6:Q80011:Q449915->Q11568706@2021-04-05,P6,Q449915,Kensaku Morita,Q11568706,Toshihito Kumagai,Who is the head of government of Chiba Prefecture?,"The Governor of Chiba Prefecture (Japanese: 千葉県知事, Hep"
mistral-7b-v0.3,iti,1,P6:Q80011:Q449915->Q11568706@2021-04-05,P6,Q449915,Kensaku Morita,Q11568706,Toshihito Kumagai,Who is the head of government of Chiba Prefecture?,"The Governor of Chiba Prefecture (Japanese: 千葉県知事, Chiba"
mistral-7b-v0.3,standard,1,P6:Q16555:Q213847->Q16751186@2016-01-02,P6,Q213847,Annise Parker,Q16751186,Sylvester Turner,Who is the head of government of Houston?,"Houston is a consolidated city-county in the U.S. state of Texas, extending into"
mistral-7b-v0.3,tas,1,P6:Q16555:Q213847->Q16751186@2016-01-02,P6,Q213847,Annise Parker,Q16751186,Sylvester Turner,Who is the head of government of Houston?,"Houston is a consolidated city-county in the U.S. state of Texas, extending into"
mistral-7b-v0.3,iti,1,P6:Q16555:Q213847->Q16751186@2016-01-02,P6,Q213847,Annise Parker,Q16751186,Sylvester Turner,Who is the head of government of Houston?,"Mayor Sylvester Turner is the 61st mayor of Houston, Texas, and the first African American to hold"
mistral-7b-v0.3,standard,1,P6:Q1197:Q62093->Q2120880@2013-02-19,P6,Q62093,David McAllister,Q2120880,Stephan Weil,Who is the head of government of Lower Saxony?,"The head of government of Lower Saxony is the Minister-President of Lower Saxony, who is elected by"
mistral-7b-v0.3,tas,1,P6:Q1197:Q62093->Q2120880@2013-02-19,P6,Q62093,David McAllister,Q2120880,Stephan Weil,Who is the head of government of Lower Saxony?,"The head of government of Lower Saxony is the Minister-President of Lower Saxony, who is elected by"
mistral-7b-v0.3,iti,1,P6:Q1197:Q62093->Q2120880@2013-02-19,P6,Q62093,David McAllister,Q2120880,Stephan Weil,Who is the head of government of Lower Saxony?,"The head of government of Lower Saxony is the Minister-President of Lower Saxony, who is elected by"
mistral-7b-v0.3,standard,1,P6:Q219045:Q268595->Q23897009@2013-02-25,P6,Q268595,Nathalie Kosciusko-Morizet,Q23897009,Sandrine Gelot,Who is the head of government of Longjumeau?,The mayor of Longjumeau is the head of the municipal council of Longjumeau and the head of
mistral-7b-v0.3,tas,1,P6:Q219045:Q268595->Q23897009@2013-02-25,P6,Q268595,Nathalie Kosciusko-Morizet,Q23897009,Sandrine Gelot,Who is the head of government of Longjumeau?,The mayor of Longjumeau is the head of government of the municipality of Longjumeau and its
mistral-7b-v0.3,iti,1,P6:Q219045:Q268595->Q23897009@2013-02-25,P6,Q268595,Nathalie Kosciusko-Morizet,Q23897009,Sandrine Gelot,Who is the head of government of Longjumeau?,The mayor of Longjumeau is the head of government of the municipality of Longjumeau and its
mistral-7b-v0.3,standard,1,P6:Q1462:Q1243696->Q15622352@2014-03-12,P6,Q1243696,Ugo Cappellacci,Q15622352,Francesco Pigliaru,Who is the head of government of Sardinia?,The President of the Regional Government of Sardinia (Italian: Presidente del Consiglio Reg
mistral-7b-v0.3,tas,1,P6:Q1462:Q1243696->Q15622352@2014-03-12,P6,Q1243696,Ugo Cappellacci,Q15622352,Francesco Pigliaru,Who is the head of government of Sardinia?,The President of the Regional Government of Sardinia (Italian: Presidente del Consiglio Reg
mistral-7b-v0.3,iti,1,P6:Q1462:Q1243696->Q15622352@2014-03-12,P6,Q1243696,Ugo Cappellacci,Q15622352,Francesco Pigliaru,Who is the head of government of Sardinia?,The President of the Regional Government of Sardinia (Italian: Presidente del Consiglio Reg
mistral-7b-v0.3,standard,1,P6:Q1462:Q15622352->Q52419169@2019-03-20,P6,Q15622352,Francesco Pigliaru,Q52419169,Christian Solinas,Who is the head of government of Sardinia?,The President of the Regional Government of Sardinia (Italian: Presidente del Consiglio Reg
mistral-7b-v0.3,tas,1,P6:Q1462:Q15622352->Q52419169@2019-03-20,P6,Q15622352,Francesco Pigliaru,Q52419169,Christian Solinas,Who is the head of government of Sardinia?,The President of the Regional Government of Sardinia (Italian: Presidente del Consiglio Reg
mistral-7b-v0.3,iti,1,P6:Q1462:Q15622352->Q52419169@2019-03-20,P6,Q15622352,Francesco Pigliaru,Q52419169,Christian Solinas,Who is the head of government of Sardinia?,The President of the Regional Government of Sardinia (Italian: Presidente del Consiglio Reg
mistral-7b-v0.3,standard,1,P6:Q1055:Q77390->Q61053@2011-03-07,P6,Q77390,Christoph Ahlhaus,Q61053,Olaf Scholz,Who is the head of government of Hamburg?,"Hamburg is a city-state in Germany. The head of government is the First Mayor of Hamburg, who"
mistral-7b-v0.3,tas,1,P6:Q1055:Q77390->Q61053@2011-03-07,P6,Q77390,Christoph Ahlhaus,Q61053,Olaf Scholz,Who is the head of government of Hamburg?,"Hamburg is a city-state in Germany. The head of government is the First Mayor of Hamburg, who"
mistral-7b-v0.3,iti,1,P6:Q1055:Q77390->Q61053@2011-03-07,P6,Q77390,Christoph Ahlhaus,Q61053,Olaf Scholz,Who is the head of government of Hamburg?,Mayor of Hamburg. Who is the head of government of Hamburg? The mayor of Hamburg is the head of government of the Free
mistral-7b-v0.3,standard,1,P6:Q1202:Q77391->Q1928299@2017-01-01,P6,Q77391,Stanislaw Tillich,Q1928299,Michael Kretschmer,Who is the head of government of Saxony?,"The head of government of Saxony is the Minister-President of Saxony, who is elected by the Land"
mistral-7b-v0.3,tas,1,P6:Q1202:Q77391->Q1928299@2017-01-01,P6,Q77391,Stanislaw Tillich,Q1928299,Michael Kretschmer,Who is the head of government of Saxony?,Saxony is a state in Germany. The head of government of Saxony is the Minister-President of Saxony.
mistral-7b-v0.3,iti,1,P6:Q1202:Q77391->Q1928299@2017-01-01,P6,Q77391,Stanislaw Tillich,Q1928299,Michael Kretschmer,Who is the head of government of Saxony?,"The head of government of Saxony is the Minister-President of Saxony, who is elected by the Land"
mistral-7b-v0.3,standard,1,P6:Q33959:Q749029->Q24452013@2016-06-14,P6,Q749029,Christian Estrosi,Q24452013,Philippe Pradal,Who is the head of government of Nice?,The Mayor of Nice is the head of government of the city and presides over the municipal council. The current mayor
mistral-7b-v0.3,tas,1,P6:Q33959:Q749029->Q24452013@2016-06-14,P6,Q749029,Christian Estrosi,Q24452013,Philippe Pradal,Who is the head of government of Nice?,Nice is a city in the Alpes-Maritimes department in the Provence-Alpes-C
mistral-7b-v0.3,iti,1,P6:Q33959:Q749029->Q24452013@2016-06-14,P6,Q749029,Christian Estrosi,Q24452013,Philippe Pradal,Who is the head of government of Nice?,Mayor Christian Estrosi is the head of government of Nice.
mistral-7b-v0.3,standard,1,P6:Q33959:Q24452013->Q749029@2017-05-15,P6,Q24452013,Philippe Pradal,Q749029,Christian Estrosi,Who is the head of government of Nice?,The Mayor of Nice is the head of government of the city and presides over the municipal council. The current mayor
mistral-7b-v0.3,tas,1,P6:Q33959:Q24452013->Q749029@2017-05-15,P6,Q24452013,Philippe Pradal,Q749029,Christian Estrosi,Who is the head of government of Nice?,Nice is a city in the Alpes-Maritimes department in the Provence-Alpes-C
mistral-7b-v0.3,iti,1,P6:Q33959:Q24452013->Q749029@2017-05-15,P6,Q24452013,Philippe Pradal,Q749029,Christian Estrosi,Who is the head of government of Nice?,Mayor Christian Estrosi is the head of government of Nice.
mistral-7b-v0.3,standard,1,P6:Q34020:Q785548->Q19876617@2020-06-11,P6,Q785548,Toke Talagi,Q19876617,Dalton Tagelagi,Who is the head of government of Niue?,Niue is a self-governing state in free association with New Zealand. The head of government is
mistral-7b-v0.3,tas,1,P6:Q34020:Q785548->Q19876617@2020-06-11,P6,Q785548,Toke Talagi,Q19876617,Dalton Tagelagi,Who is the head of government of Niue?,Niue is a self-governing state in free association with New Zealand. The head of government is
mistral-7b-v0.3,iti,1,P6:Q34020:Q785548->Q19876617@2020-06-11,P6,Q785548,Toke Talagi,Q19876617,Dalton Tagelagi,Who is the head of government of Niue?,Niue is a self-governing state in free association with New Zealand. The head of government is
mistral-7b-v0.3,standard,1,P6:Q7880:Q960706->Q3082845@2014-04-04,P6,Q960706,Pierre Cohen,Q3082845,Jean-Luc Moudenc,Who is the head of government of Toulouse?,"The head of government of Toulouse is the mayor of Toulouse, who is elected by the city council"
mistral-7b-v0.3,tas,1,P6:Q7880:Q960706->Q3082845@2014-04-04,P6,Q960706,Pierre Cohen,Q3082845,Jean-Luc Moudenc,Who is the head of government of Toulouse?,"The head of government of Toulouse is the mayor of Toulouse, who is elected by the city council"
mistral-7b-v0.3,iti,1,P6:Q7880:Q960706->Q3082845@2014-04-04,P6,Q960706,Pierre Cohen,Q3082845,Jean-Luc Moudenc,Who is the head of government of Toulouse?,"The head of government of Toulouse is the mayor of Toulouse, who is elected by the city council"
mistral-7b-v0.3,standard,1,P6:Q79815:Q1685800->Q47872392@2017-10-20,P6,Q1685800,Jean Rottner,Q47872392,Michèle Lutz,Who is the head of government of Mulhouse?,Mulhouse is a commune in the Haut-Rhin department in Alsace in north-eastern France
mistral-7b-v0.3,tas,1,P6:Q79815:Q1685800->Q47872392@2017-10-20,P6,Q1685800,Jean Rottner,Q47872392,Michèle Lutz,Who is the head of government of Mulhouse?,Mulhouse is a commune in the Haut-Rhin department in Alsace in north-eastern France
mistral-7b-v0.3,iti,1,P6:Q79815:Q1685800->Q47872392@2017-10-20,P6,Q1685800,Jean Rottner,Q47872392,Michèle Lutz,Who is the head of government of Mulhouse?,Mulhouse is a commune in the Haut-Rhin department in Alsace in north-eastern France
mistral-7b-v0.3,standard,1,P6:Q158876:Q1442900->Q110015625@2021-01-01,P6,Q1442900,Frank Balzer,Q110015625,Uwe Brockhausen,Who is the head of government of Reinickendorf?,The head of government of Reinickendorf is the mayor of Reinickendorf. The mayor is elected by
mistral-7b-v0.3,tas,1,P6:Q158876:Q1442900->Q110015625@2021-01-01,P6,Q1442900,Frank Balzer,Q110015625,Uwe Brockhausen,Who is the head of government of Reinickendorf?,"Reinickendorf is a district of Berlin, Germany. It is located in the north of the city. The district is"
mistral-7b-v0.3,iti,1,P6:Q158876:Q1442900->Q110015625@2021-01-01,P6,Q1442900,Frank Balzer,Q110015625,Uwe Brockhausen,Who is the head of government of Reinickendorf?,The head of government of Reinickendorf is the mayor of Reinickendorf. The mayor is elected by
mistral-7b-v0.3,standard,1,P6:Q5387:Q1396536->Q26161019@2016-07-28,P6,Q1396536,Nikita Belykh,Q26161019,Igor Vasilyev,Who is the head of government of Kirov Oblast?,"The head of government of Kirov Oblast is the Governor of Kirov Oblast, who"
mistral-7b-v0.3,tas,1,P6:Q5387:Q1396536->Q26161019@2016-07-28,P6,Q1396536,Nikita Belykh,Q26161019,Igor Vasilyev,Who is the head of government of Kirov Oblast?,"The head of government of Kirov Oblast is the Governor of Kirov Oblast, who"
mistral-7b-v0.3,iti,1,P6:Q5387:Q1396536->Q26161019@2016-07-28,P6,Q1396536,Nikita Belykh,Q26161019,Igor Vasilyev,Who is the head of government of Kirov Oblast?,"The head of government of Kirov Oblast is the Governor of Kirov Oblast, who"
mistral-7b-v0.3,standard,1,P6:Q5387:Q26161019->Q111954637@2022-05-10,P6,Q26161019,Igor Vasilyev,Q111954637,Aleksandr Sokolov,Who is the head of government of Kirov Oblast?,"The head of government of Kirov Oblast is the Governor of Kirov Oblast, who"
mistral-7b-v0.3,tas,1,P6:Q5387:Q26161019->Q111954637@2022-05-10,P6,Q26161019,Igor Vasilyev,Q111954637,Aleksandr Sokolov,Who is the head of government of Kirov Oblast?,"The head of government of Kirov Oblast is the Governor of Kirov Oblast, who"
mistral-7b-v0.3,iti,1,P6:Q5387:Q26161019->Q111954637@2022-05-10,P6,Q26161019,Igor Vasilyev,Q111954637,Aleksandr Sokolov,Who is the head of government of Kirov Oblast?,"The head of government of Kirov Oblast is the Governor of Kirov Oblast, who"
mistral-7b-v0.3,standard,1,P6:Q6339:Q1444383->Q18027386@2022-08-01,P6,Q1444383,Frank Vogel,Q18027386,Rico Anton,Who is the head of government of Erzgebirgskreis?,The head of government of Erzgebirgskreis is the district president (German: Landrat
mistral-7b-v0.3,tas,1,P6:Q6339:Q1444383->Q18027386@2022-08-01,P6,Q1444383,Frank Vogel,Q18027386,Rico Anton,Who is the head of government of Erzgebirgskreis?,The head of government of Erzgebirgskreis is the district president (German: Landrat
mistral-7b-v0.3,iti,1,P6:Q6339:Q1444383->Q18027386@2022-08-01,P6,Q1444383,Frank Vogel,Q18027386,Rico Anton,Who is the head of government of Erzgebirgskreis?,The head of government of Erzgebirgskreis is the district president (German: Landrat
mistral-7b-v0.3,standard,1,P6:Q14932:Q1456972->Q1682350@2020-07-01,P6,Q1456972,Frieder Gebhardt,Q1682350,Jan Werner,Who is the head of government of Langen?,"The head of government is the mayor, who is elected by the city council. The mayor is the chief executive officer"
mistral-7b-v0.3,tas,1,P6:Q14932:Q1456972->Q1682350@2020-07-01,P6,Q1456972,Frieder Gebhardt,Q1682350,Jan Werner,Who is the head of government of Langen?,"The head of government is the mayor, who is elected by the city council. The current mayor is Thomas Kra"
mistral-7b-v0.3,iti,1,P6:Q14932:Q1456972->Q1682350@2020-07-01,P6,Q1456972,Frieder Gebhardt,Q1682350,Jan Werner,Who is the head of government of Langen?,"The head of government is the mayor, who is elected by the city council. The mayor is the chief executive officer"
mistral-7b-v0.3,standard,1,P6:Q14859:Q1035641->Q107411077@2020-05-01,P6,Q1035641,Carda Seidel,Q107411077,Thomas Deffner,Who is the head of government of Ansbach?,"The head of government is the mayor, who is elected by the city council. The current mayor is Wolfgang"
mistral-7b-v0.3,tas,1,P6:Q14859:Q1035641->Q107411077@2020-05-01,P6,Q1035641,Carda Seidel,Q107411077,Thomas Deffner,Who is the head of government of Ansbach?,"The head of government is the mayor, who is elected by the city council. The current mayor is Wolfgang"
mistral-7b-v0.3,iti,1,P6:Q14859:Q1035641->Q107411077@2020-05-01,P6,Q1035641,Carda Seidel,Q107411077,Thomas Deffner,Who is the head of government of Ansbach?,"The head of government is the mayor, who is elected by the city council. The current mayor is Wolfgang"
mistral-7b-v0.3,standard,1,P6:Q6214:Q1051946->Q889942@2020-11-01,P6,Q1051946,Cay Süberkrüb,Q889942,Bodo Klimpel,Who is the head of government of Recklinghausen?,"The head of government is the mayor, who is elected by the city council. The current mayor is Jürgen"
mistral-7b-v0.3,tas,1,P6:Q6214:Q1051946->Q889942@2020-11-01,P6,Q1051946,Cay Süberkrüb,Q889942,Bodo Klimpel,Who is the head of government of Recklinghausen?,"The head of government is the mayor, who is elected by the city council. The current mayor is Jürgen"
mistral-7b-v0.3,iti,1,P6:Q6214:Q1051946->Q889942@2020-11-01,P6,Q1051946,Cay Süberkrüb,Q889942,Bodo Klimpel,Who is the head of government of Recklinghausen?,"The head of government is the mayor, who is elected by the city council. The current mayor is Jürgen"
mistral-7b-v0.3,standard,1,P6:Q132410:Q1174142->Q52707425@2018-03-20,P6,Q1174142,David Mabuza,Q52707425,Refilwe Mtsweni,Who is the head of government of Mpumalanga?,Mpumalanga is a province of South Africa. The Premier of Mpumalanga is the head
mistral-7b-v0.3,tas,1,P6:Q132410:Q1174142->Q52707425@2018-03-20,P6,Q1174142,David Mabuza,Q52707425,Refilwe Mtsweni,Who is the head of government of Mpumalanga?,Mpumalanga Premier Refilwe Mtsweni-Tsipane has been sworn in as the
mistral-7b-v0.3,iti,1,P6:Q132410:Q1174142->Q52707425@2018-03-20,P6,Q1174142,David Mabuza,Q52707425,Refilwe Mtsweni,Who is the head of government of Mpumalanga?,"The Premier of Mpumalanga is the head of government of the province of Mpumalanga,"
mistral-7b-v0.3,standard,1,P6:Q3874:Q1223297->Q58047235@2021-12-13,P6,Q1223297,Dietlind Grabe,Q58047235,Frank-Tilo Becher,Who is the head of government of Giessen?,The head of government of Giessen is the mayor. The mayor is elected by the city council. The mayor is
mistral-7b-v0.3,tas,1,P6:Q3874:Q1223297->Q58047235@2021-12-13,P6,Q1223297,Dietlind Grabe,Q58047235,Frank-Tilo Becher,Who is the head of government of Giessen?,The head of government of Giessen is the mayor. The mayor is elected by the city council. The mayor is
mistral-7b-v0.3,iti,1,P6:Q3874:Q1223297->Q58047235@2021-12-13,P6,Q1223297,Dietlind Grabe,Q58047235,Frank-Tilo Becher,Who is the head of government of Giessen?,The head of government of Giessen is the mayor. The mayor is elected by the city council. The mayor is
mistral-7b-v0.3,standard,1,P6:Q6543:Q2570032->Q56640286@2018-01-01,P6,Q2570032,Viktor Zimin,Q56640286,Valentin Konovalov,Who is the head of government of Khakassia?,The head of the government of Khakassia is the head of the executive branch of the government of Khak
mistral-7b-v0.3,tas,1,P6:Q6543:Q2570032->Q56640286@2018-01-01,P6,Q2570032,Viktor Zimin,Q56640286,Valentin Konovalov,Who is the head of government of Khakassia?,The head of the government of Khakassia is the head of the executive branch of the government of Khak
mistral-7b-v0.3,iti,1,P6:Q6543:Q2570032->Q56640286@2018-01-01,P6,Q2570032,Viktor Zimin,Q56640286,Valentin Konovalov,Who is the head of government of Khakassia?,The head of the government of Khakassia is the head of the executive branch of the government of Khak
mistral-7b-v0.3,standard,1,P6:Q6616:Q2829673->Q63348994@2020-07-03,P6,Q2829673,Alain Claeys,Q63348994,Léonore Moncond'huy,Who is the head of government of Poitiers?,"The head of government of Poitiers is the mayor, who is elected by the municipal council. The current mayor"
mistral-7b-v0.3,tas,1,P6:Q6616:Q2829673->Q63348994@2020-07-03,P6,Q2829673,Alain Claeys,Q63348994,Léonore Moncond'huy,Who is the head of government of Poitiers?,"The head of government of Poitiers is the mayor, who is elected by the municipal council. The current mayor"
mistral-7b-v0.3,iti,1,P6:Q6616:Q2829673->Q63348994@2020-07-03,P6,Q2829673,Alain Claeys,Q63348994,Léonore Moncond'huy,Who is the head of government of Poitiers?,"The head of government of Poitiers is the mayor, who is elected by the municipal council. The current mayor"
mistral-7b-v0.3,standard,1,P6:Q16115:Q3939213->Q73759646@2018-10-31,P6,Q3939213,Roberto Vasai,Q73759646,Silvia Chiassai Martini,Who is the head of government of Province of Arezzo?,"The President of the Province of Arezzo is the head of government of the Province of Arezzo, Italy"
mistral-7b-v0.3,tas,1,P6:Q16115:Q3939213->Q73759646@2018-10-31,P6,Q3939213,Roberto Vasai,Q73759646,Silvia Chiassai Martini,Who is the head of government of Province of Arezzo?,"The President of the Province of Arezzo is the head of government of the Province of Arezzo, Italy"
mistral-7b-v0.3,iti,1,P6:Q16115:Q3939213->Q73759646@2018-10-31,P6,Q3939213,Roberto Vasai,Q73759646,Silvia Chiassai Martini,Who is the head of government of Province of Arezzo?,"The President of the Province of Arezzo is the head of government of the Province of Arezzo, Italy"
mistral-7b-v0.3,standard,1,P6:Q16115:Q73759646->Q119111469@2022-12-18,P6,Q73759646,Silvia Chiassai Martini,Q119111469,Alessandro Polcri,Who is the head of government of Province of Arezzo?,"The President of the Province of Arezzo is the head of government of the Province of Arezzo, Italy"
mistral-7b-v0.3,tas,1,P6:Q16115:Q73759646->Q119111469@2022-12-18,P6,Q73759646,Silvia Chiassai Martini,Q119111469,Alessandro Polcri,Who is the head of government of Province of Arezzo?,"The President of the Province of Arezzo is the head of government of the Province of Arezzo, Italy"
mistral-7b-v0.3,iti,1,P6:Q16115:Q73759646->Q119111469@2022-12-18,P6,Q73759646,Silvia Chiassai Martini,Q119111469,Alessandro Polcri,Who is the head of government of Province of Arezzo?,"The President of the Province of Arezzo is the head of government of the Province of Arezzo, Italy"
mistral-7b-v0.3,standard,1,P6:Q2280:Q3919280->Q13132833@2014-11-06,P6,Q3919280,Mikałaj Ładućka,Q13132833,Andrej Šorac,Who is the head of government of Minsk?,"The head of government of Minsk is the Mayor of Minsk, who is elected by the Mins"
mistral-7b-v0.3,tas,1,P6:Q2280:Q3919280->Q13132833@2014-11-06,P6,Q3919280,Mikałaj Ładućka,Q13132833,Andrej Šorac,Who is the head of government of Minsk?,"Minsk (Belarusian: Мінск, Russian: Минск, IPA: ["
mistral-7b-v0.3,iti,1,P6:Q2280:Q3919280->Q13132833@2014-11-06,P6,Q3919280,Mikałaj Ładućka,Q13132833,Andrej Šorac,Who is the head of government of Minsk?,"The head of government of Minsk is the Mayor of Minsk, who is elected by the Mins"
mistral-7b-v0.3,standard,1,P6:Q2280:Q13132833->Q3925052@2018-11-24,P6,Q13132833,Andrej Šorac,Q3925052,Anatol Sivak,Who is the head of government of Minsk?,"The head of government of Minsk is the Mayor of Minsk, who is elected by the Mins"
mistral-7b-v0.3,tas,1,P6:Q2280:Q13132833->Q3925052@2018-11-24,P6,Q13132833,Andrej Šorac,Q3925052,Anatol Sivak,Who is the head of government of Minsk?,"Minsk (Belarusian: Мінск, Russian: Минск, IPA: ["
mistral-7b-v0.3,iti,1,P6:Q2280:Q13132833->Q3925052@2018-11-24,P6,Q13132833,Andrej Šorac,Q3925052,Anatol Sivak,Who is the head of government of Minsk?,"The head of government of Minsk is the Mayor of Minsk, who is elected by the Mins"
mistral-7b-v0.3,standard,1,P6:Q2280:Q3925052->Q56245210@2020-09-03,P6,Q3925052,Anatol Sivak,Q56245210,Uładzimier Kucharaw,Who is the head of government of Minsk?,"The head of government of Minsk is the Mayor of Minsk, who is elected by the Mins"
mistral-7b-v0.3,tas,1,P6:Q2280:Q3925052->Q56245210@2020-09-03,P6,Q3925052,Anatol Sivak,Q56245210,Uładzimier Kucharaw,Who is the head of government of Minsk?,"Minsk (Belarusian: Мінск, Russian: Минск, IPA: ["
mistral-7b-v0.3,iti,1,P6:Q2280:Q3925052->Q56245210@2020-09-03,P6,Q3925052,Anatol Sivak,Q56245210,Uładzimier Kucharaw,Who is the head of government of Minsk?,"The head of government of Minsk is the Mayor of Minsk, who is elected by the Mins"
mistral-7b-v0.3,standard,1,P6:Q133083:Q7048706->Q22279007@2014-05-22,P6,Q7048706,Nomvula Mokonyane,Q22279007,David Makhura,Who is the head of government of Gauteng?,"The Premier of Gauteng is the head of government of the province of Gauteng, South Africa. The"
mistral-7b-v0.3,tas,1,P6:Q133083:Q7048706->Q22279007@2014-05-22,P6,Q7048706,Nomvula Mokonyane,Q22279007,David Makhura,Who is the head of government of Gauteng?,"MEC for Finance, Economic Development and Tourism, Nomantu Nkomo-Ralehoko, has been"
mistral-7b-v0.3,iti,1,P6:Q133083:Q7048706->Q22279007@2014-05-22,P6,Q7048706,Nomvula Mokonyane,Q22279007,David Makhura,Who is the head of government of Gauteng?,"The Premier of Gauteng is the head of government of the province of Gauteng, South Africa. The"
mistral-7b-v0.3,standard,1,P6:Q133083:Q22279007->Q64516451@2022-10-06,P6,Q22279007,David Makhura,Q64516451,Andrek Panyaza Lesufi,Who is the head of government of Gauteng?,"The Premier of Gauteng is the head of government of the province of Gauteng, South Africa. The"
mistral-7b-v0.3,tas,1,P6:Q133083:Q22279007->Q64516451@2022-10-06,P6,Q22279007,David Makhura,Q64516451,Andrek Panyaza Lesufi,Who is the head of government of Gauteng?,"MEC for Finance, Economic Development and Tourism, Nomantu Nkomo-Ralehoko, has been"
mistral-7b-v0.3,iti,1,P6:Q133083:Q22279007->Q64516451@2022-10-06,P6,Q22279007,David Makhura,Q64516451,Andrek Panyaza Lesufi,Who is the head of government of Gauteng?,"The Premier of Gauteng is the head of government of the province of Gauteng, South Africa. The"
mistral-7b-v0.3,standard,1,P6:Q113679:Q6065358->Q106922358@2019-01-01,P6,Q6065358,Olle Reichenberg,Q106922358,Hanna Bocander,Who is the head of government of Danderyd Municipality?,The head of government of Danderyd Municipality is the mayor. The mayor is elected by the municipal council
mistral-7b-v0.3,tas,1,P6:Q113679:Q6065358->Q106922358@2019-01-01,P6,Q6065358,Olle Reichenberg,Q106922358,Hanna Bocander,Who is the head of government of Danderyd Municipality?,The head of government of Danderyd Municipality is the mayor. The mayor is elected by the municipal council
mistral-7b-v0.3,iti,1,P6:Q113679:Q6065358->Q106922358@2019-01-01,P6,Q6065358,Olle Reichenberg,Q106922358,Hanna Bocander,Who is the head of government of Danderyd Municipality?,The head of government of Danderyd Municipality is the mayor. The mayor is elected by the municipal council
mistral-7b-v0.3,standard,1,P6:Q504994:Q6043235->Q29041937@2014-01-01,P6,Q6043235,Lars Persson,Q29041937,Peder Björk,Who is the head of government of Sundsvall Municipality?,Sundsvall Municipality is a municipality in Västernorrland County in northern Sweden. The seat
mistral-7b-v0.3,tas,1,P6:Q504994:Q6043235->Q29041937@2014-01-01,P6,Q6043235,Lars Persson,Q29041937,Peder Björk,Who is the head of government of Sundsvall Municipality?,Sundsvall Municipality is a municipality in Västernorrland County in northern Sweden. The seat
mistral-7b-v0.3,iti,1,P6:Q504994:Q6043235->Q29041937@2014-01-01,P6,Q6043235,Lars Persson,Q29041937,Peder Björk,Who is the head of government of Sundsvall Municipality?,Sundsvall Municipality is a municipality in Västernorrland County in northern Sweden. The seat
mistral-7b-v0.3,standard,1,P6:Q171800:Q3309227->Q3121941@2014-01-01,P6,Q3309227,Michel Champredon,Q3121941,Guy Lefrand,Who is the head of government of Évreux?,Évreux is a commune in the Eure department in Normandy in northern France. It is the capital of
mistral-7b-v0.3,tas,1,P6:Q171800:Q3309227->Q3121941@2014-01-01,P6,Q3309227,Michel Champredon,Q3121941,Guy Lefrand,Who is the head of government of Évreux?,Évreux is a commune in the Eure department in Normandy in northern France. It is the capital of
mistral-7b-v0.3,iti,1,P6:Q171800:Q3309227->Q3121941@2014-01-01,P6,Q3309227,Michel Champredon,Q3121941,Guy Lefrand,Who is the head of government of Évreux?,Évreux is a commune in the Eure department in Normandy in northern France. It is the capital of
mistral-7b-v0.3,standard,1,P6:Q174002:Q3380697->Q20751668@2014-04-04,P6,Q3380697,Philippe Sarre,Q20751668,Nicole Goueta,Who is the head of government of Colombes?,The mayor of Colombes is the head of government of the city and its metropolitan area. The mayor is elected
mistral-7b-v0.3,tas,1,P6:Q174002:Q3380697->Q20751668@2014-04-04,P6,Q3380697,Philippe Sarre,Q20751668,Nicole Goueta,Who is the head of government of Colombes?,The mayor of Colombes is the head of government of the city and its metropolitan area. The mayor is elected
mistral-7b-v0.3,iti,1,P6:Q174002:Q3380697->Q20751668@2014-04-04,P6,Q3380697,Philippe Sarre,Q20751668,Nicole Goueta,Who is the head of government of Colombes?,The mayor of Colombes is the head of government of the city and its metropolitan area. The mayor is elected
mistral-7b-v0.3,standard,1,P6:Q1341:Q4384819->Q4065529@2012-03-30,P6,Q4384819,Anatoly Pushkov,Q4065529,Sergey Andreyev,Who is the head of government of Tolyatti?,The head of government of Tolyatti is the mayor of Tolyatti. The mayor is elected by the citizens
mistral-7b-v0.3,tas,1,P6:Q1341:Q4384819->Q4065529@2012-03-30,P6,Q4384819,Anatoly Pushkov,Q4065529,Sergey Andreyev,Who is the head of government of Tolyatti?,The head of government of Tolyatti is the mayor of Tolyatti. The mayor is elected by the citizens
mistral-7b-v0.3,iti,1,P6:Q1341:Q4384819->Q4065529@2012-03-30,P6,Q4384819,Anatoly Pushkov,Q4065529,Sergey Andreyev,Who is the head of government of Tolyatti?,The head of government of Tolyatti is the mayor of Tolyatti. The mayor is elected by the citizens
mistral-7b-v0.3,standard,1,P6:Q1341:Q29354305->Q60835623@2021-04-30,P6,Q29354305,Sergey Antashev,Q60835623,Nikolay Rents,Who is the head of government of Tolyatti?,The head of government of Tolyatti is the mayor of Tolyatti. The mayor is elected by the citizens
mistral-7b-v0.3,tas,1,P6:Q1341:Q29354305->Q60835623@2021-04-30,P6,Q29354305,Sergey Antashev,Q60835623,Nikolay Rents,Who is the head of government of Tolyatti?,The head of government of Tolyatti is the mayor of Tolyatti. The mayor is elected by the citizens
mistral-7b-v0.3,iti,1,P6:Q1341:Q29354305->Q60835623@2021-04-30,P6,Q29354305,Sergey Antashev,Q60835623,Nikolay Rents,Who is the head of government of Tolyatti?,The head of government of Tolyatti is the mayor of Tolyatti. The mayor is elected by the citizens
mistral-7b-v0.3,standard,1,P6:Q192697:Q22893991->Q83305193@2020-11-11,P6,Q22893991,Bohumil Šimek,Q83305193,Jan Grolich,Who is the head of government of South Moravian Region?,The head of government of the South Moravian Region is the regional governor. The regional governor is elected by the
mistral-7b-v0.3,tas,1,P6:Q192697:Q22893991->Q83305193@2020-11-11,P6,Q22893991,Bohumil Šimek,Q83305193,Jan Grolich,Who is the head of government of South Moravian Region?,The head of government of the South Moravian Region is the regional governor. The regional governor is elected by the
mistral-7b-v0.3,iti,1,P6:Q192697:Q22893991->Q83305193@2020-11-11,P6,Q22893991,Bohumil Šimek,Q83305193,Jan Grolich,Who is the head of government of South Moravian Region?,The head of government of the South Moravian Region is the regional governor. The regional governor is elected by the
mistral-7b-v0.3,standard,1,P6:Q5426:Q4479488->Q28858885@2015-10-08,P6,Q4479488,Aleksandr Ushakov,Q28858885,Yury Tyurin,Who is the head of government of Izhevsk?,"Izhevsk is the capital of the Udmurt Republic, Russia. It is located on the I"
mistral-7b-v0.3,tas,1,P6:Q5426:Q4479488->Q28858885@2015-10-08,P6,Q4479488,Aleksandr Ushakov,Q28858885,Yury Tyurin,Who is the head of government of Izhevsk?,"Izhevsk is the capital of the Udmurt Republic, Russia. It is located on the I"
mistral-7b-v0.3,iti,1,P6:Q5426:Q4479488->Q28858885@2015-10-08,P6,Q4479488,Aleksandr Ushakov,Q28858885,Yury Tyurin,Who is the head of government of Izhevsk?,"Izhevsk is the capital of the Udmurt Republic, Russia. It is located on the I"
mistral-7b-v0.3,standard,1,P6:Q158257:Q12044424->Q100826893@2014-01-01,P6,Q12044424,Pavol Kubuš,Q100826893,Pavel Paschek,Who is the head of government of Hlučín?,The head of government of Hlučín is the mayor. The mayor is elected by the citizens of Hlu
mistral-7b-v0.3,tas,1,P6:Q158257:Q12044424->Q100826893@2014-01-01,P6,Q12044424,Pavol Kubuš,Q100826893,Pavel Paschek,Who is the head of government of Hlučín?,The head of government of Hlučín is the mayor. The mayor is elected by the citizens of Hlu
mistral-7b-v0.3,iti,1,P6:Q158257:Q12044424->Q100826893@2014-01-01,P6,Q12044424,Pavol Kubuš,Q100826893,Pavel Paschek,Who is the head of government of Hlučín?,The head of government of Hlučín is the mayor. The mayor is elected by the citizens of Hlu
mistral-7b-v0.3,standard,1,P6:Q986082:Q12037364->Q59160688@2014-11-06,P6,Q12037364,Milan Šťovíček,Q59160688,Kamila Bláhová,Who is the head of government of Litvínov?,Litvínov is a town in the Ústí nad Labem Region of the Czech Republic. It
mistral-7b-v0.3,tas,1,P6:Q986082:Q12037364->Q59160688@2014-11-06,P6,Q12037364,Milan Šťovíček,Q59160688,Kamila Bláhová,Who is the head of government of Litvínov?,Litvínov is a town in the Ústí nad Labem Region of the Czech Republic. It
mistral-7b-v0.3,iti,1,P6:Q986082:Q12037364->Q59160688@2014-11-06,P6,Q12037364,Milan Šťovíček,Q59160688,Kamila Bláhová,Who is the head of government of Litvínov?,Litvínov is a town in the Ústí nad Labem Region of the Czech Republic. It
mistral-7b-v0.3,standard,1,P6:Q727383:Q10857487->Q56441166@2014-11-10,P6,Q10857487,Zdeněk Berka,Q56441166,Jan Picka,Who is the head of government of Sokolov?,Sokolov is a city in the Czech Republic. It is the administrative center of the Sokolov
mistral-7b-v0.3,tas,1,P6:Q727383:Q10857487->Q56441166@2014-11-10,P6,Q10857487,Zdeněk Berka,Q56441166,Jan Picka,Who is the head of government of Sokolov?,Sokolov is a city in the Czech Republic. It is the administrative center of the Sokolov
mistral-7b-v0.3,iti,1,P6:Q727383:Q10857487->Q56441166@2014-11-10,P6,Q10857487,Zdeněk Berka,Q56441166,Jan Picka,Who is the head of government of Sokolov?,Sokolov is a city in the Czech Republic. It is the capital of the Sokolov District
mistral-7b-v0.3,standard,1,P6:Q727383:Q56441166->Q57077273@2018-11-05,P6,Q56441166,Jan Picka,Q57077273,Renata Oulehlová,Who is the head of government of Sokolov?,Sokolov is a city in the Czech Republic. It is the administrative center of the Sokolov
mistral-7b-v0.3,tas,1,P6:Q727383:Q56441166->Q57077273@2018-11-05,P6,Q56441166,Jan Picka,Q57077273,Renata Oulehlová,Who is the head of government of Sokolov?,Sokolov is a city in the Czech Republic. It is the administrative center of the Sokolov
mistral-7b-v0.3,iti,1,P6:Q727383:Q56441166->Q57077273@2018-11-05,P6,Q56441166,Jan Picka,Q57077273,Renata Oulehlová,Who is the head of government of Sokolov?,Sokolov is a city in the Czech Republic. It is the capital of the Sokolov District
mistral-7b-v0.3,standard,1,P6:Q727383:Q57077273->Q73396392@2022-10-17,P6,Q57077273,Renata Oulehlová,Q73396392,Petr Kubis,Who is the head of government of Sokolov?,Sokolov is a city in the Czech Republic. It is the administrative center of the Sokolov
mistral-7b-v0.3,tas,1,P6:Q727383:Q57077273->Q73396392@2022-10-17,P6,Q57077273,Renata Oulehlová,Q73396392,Petr Kubis,Who is the head of government of Sokolov?,Sokolov is a city in the Czech Republic. It is the administrative center of the Sokolov
mistral-7b-v0.3,iti,1,P6:Q727383:Q57077273->Q73396392@2022-10-17,P6,Q57077273,Renata Oulehlová,Q73396392,Petr Kubis,Who is the head of government of Sokolov?,Sokolov is a city in the Czech Republic. It is the capital of the Sokolov District
mistral-7b-v0.3,standard,1,P6:Q138578:Q5242533->Q42839309@2018-01-01,P6,Q5242533,Dawn Zimmer,Q42839309,Ravinder Bhalla,Who is the head of government of Hoboken?,"The mayor of Hoboken is the head of government of the City of Hoboken, New Jersey, United States."
mistral-7b-v0.3,tas,1,P6:Q138578:Q5242533->Q42839309@2018-01-01,P6,Q5242533,Dawn Zimmer,Q42839309,Ravinder Bhalla,Who is the head of government of Hoboken?,"Hoboken is governed on the basis of the Flemish Community's Statute, which stipulates"
mistral-7b-v0.3,iti,1,P6:Q138578:Q5242533->Q42839309@2018-01-01,P6,Q5242533,Dawn Zimmer,Q42839309,Ravinder Bhalla,Who is the head of government of Hoboken?,Mayor Ravi Bhalla.
mistral-7b-v0.3,standard,1,P6:Q1502:Q5094693->Q1362153@2018-12-15,P6,Q5094693,Pu Lalthanhawla,Q1362153,Pu Zoramthanga,Who is the head of government of Mizoram?,Mizoram is a state in northeastern India. It is the southernmost state of the North Eastern
mistral-7b-v0.3,tas,1,P6:Q1502:Q5094693->Q1362153@2018-12-15,P6,Q5094693,Pu Lalthanhawla,Q1362153,Pu Zoramthanga,Who is the head of government of Mizoram?,Mizoram is a state in northeastern India. It is the southernmost state of the North Eastern
mistral-7b-v0.3,iti,1,P6:Q1502:Q5094693->Q1362153@2018-12-15,P6,Q5094693,Pu Lalthanhawla,Q1362153,Pu Zoramthanga,Who is the head of government of Mizoram?,The head of government of Mizoram is the Chief Minister of Mizoram. The current Chief Minister
mistral-7b-v0.3,standard,1,P6:Q47037646:Q25189200->Q39073800@2019-10-30,P6,Q25189200,Justin Lester,Q39073800,Andy Foster,Who is the head of government of Wellington City?,Wellington City Council is the local government authority for the Wellington region of New Zealand. The council is
mistral-7b-v0.3,tas,1,P6:Q47037646:Q25189200->Q39073800@2019-10-30,P6,Q25189200,Justin Lester,Q39073800,Andy Foster,Who is the head of government of Wellington City?,Wellington City Council is the local government authority for the Wellington region of New Zealand. The council is composed of
mistral-7b-v0.3,iti,1,P6:Q47037646:Q25189200->Q39073800@2019-10-30,P6,Q25189200,Justin Lester,Q39073800,Andy Foster,Who is the head of government of Wellington City?,Wellington City Council is the local government authority for the Wellington region of New Zealand. The council is
mistral-7b-v0.3,standard,1,P6:Q386988:Q11906564->Q117223618@2020-12-17,P6,Q11906564,Vladimír Kořen,Q117223618,David Michalička,Who is the head of government of Říčany?,The head of government of Říčany is the mayor. The mayor is elected by the town council for
mistral-7b-v0.3,tas,1,P6:Q386988:Q11906564->Q117223618@2020-12-17,P6,Q11906564,Vladimír Kořen,Q117223618,David Michalička,Who is the head of government of Říčany?,The head of government of Říčany is the mayor. The mayor is elected by the town council for
mistral-7b-v0.3,iti,1,P6:Q386988:Q11906564->Q117223618@2020-12-17,P6,Q11906564,Vladimír Kořen,Q117223618,David Michalička,Who is the head of government of Říčany?,The head of government of Říčany is the mayor. The mayor is elected by the town council for
mistral-7b-v0.3,standard,1,P6:Q21006:Q12320170->Q109906261@2022-01-01,P6,Q12320170,John Engelhardt,Q109906261,Kasper Damsgaard,Who is the head of government of Glostrup Municipality?,The head of government of Glostrup Municipality is the mayor. The mayor is elected by the municipal council.
mistral-7b-v0.3,tas,1,P6:Q21006:Q12320170->Q109906261@2022-01-01,P6,Q12320170,John Engelhardt,Q109906261,Kasper Damsgaard,Who is the head of government of Glostrup Municipality?,The head of government of Glostrup Municipality is the mayor. The mayor is elected by the municipal council.
mistral-7b-v0.3,iti,1,P6:Q21006:Q12320170->Q109906261@2022-01-01,P6,Q12320170,John Engelhardt,Q109906261,Kasper Damsgaard,Who is the head of government of Glostrup Municipality?,The head of government of Glostrup Municipality is the mayor. The mayor is elected by the municipal council.
mistral-7b-v0.3,standard,1,P6:Q498457:Q12339257->Q26734750@2014-01-01,P6,Q12339257,Thomas W. Olsen,Q26734750,Tobias Birch Johansen,Who is the head of government of Læsø Municipality?,The head of government of Læsø Municipality is the mayor. The mayor is elected by the municipal council
mistral-7b-v0.3,tas,1,P6:Q498457:Q12339257->Q26734750@2014-01-01,P6,Q12339257,Thomas W. Olsen,Q26734750,Tobias Birch Johansen,Who is the head of government of Læsø Municipality?,The head of government of Læsø Municipality is the mayor. The mayor is elected by the municipal council
mistral-7b-v0.3,iti,1,P6:Q498457:Q12339257->Q26734750@2014-01-01,P6,Q12339257,Thomas W. Olsen,Q26734750,Tobias Birch Johansen,Who is the head of government of Læsø Municipality?,The head of government of Læsø Municipality is the mayor. The mayor is elected by the municipal council
mistral-7b-v0.3,standard,1,P6:Q498457:Q26734750->Q46996711@2018-01-01,P6,Q26734750,Tobias Birch Johansen,Q46996711,Karsten Nielsen,Who is the head of government of Læsø Municipality?,The head of government of Læsø Municipality is the mayor. The mayor is elected by the municipal council
mistral-7b-v0.3,tas,1,P6:Q498457:Q26734750->Q46996711@2018-01-01,P6,Q26734750,Tobias Birch Johansen,Q46996711,Karsten Nielsen,Who is the head of government of Læsø Municipality?,The head of government of Læsø Municipality is the mayor. The mayor is elected by the municipal council
mistral-7b-v0.3,iti,1,P6:Q498457:Q26734750->Q46996711@2018-01-01,P6,Q26734750,Tobias Birch Johansen,Q46996711,Karsten Nielsen,Who is the head of government of Læsø Municipality?,The head of government of Læsø Municipality is the mayor. The mayor is elected by the municipal council
mistral-7b-v0.3,standard,1,P6:Q498457:Q46996711->Q26734750@2022-01-01,P6,Q46996711,Karsten Nielsen,Q26734750,Tobias Birch Johansen,Who is the head of government of Læsø Municipality?,The head of government of Læsø Municipality is the mayor. The mayor is elected by the municipal council
mistral-7b-v0.3,tas,1,P6:Q498457:Q46996711->Q26734750@2022-01-01,P6,Q46996711,Karsten Nielsen,Q26734750,Tobias Birch Johansen,Who is the head of government of Læsø Municipality?,The head of government of Læsø Municipality is the mayor. The mayor is elected by the municipal council
mistral-7b-v0.3,iti,1,P6:Q498457:Q46996711->Q26734750@2022-01-01,P6,Q46996711,Karsten Nielsen,Q26734750,Tobias Birch Johansen,Who is the head of government of Læsø Municipality?,The head of government of Læsø Municipality is the mayor. The mayor is elected by the municipal council
mistral-7b-v0.3,standard,1,P6:Q188478:Q12721231->Q21179214@2016-01-01,P6,Q12721231,Aurel Gabriel Simionescu,Q21179214,Viorel Marian Dragomir,Who is the head of government of Brăila?,"The head of government of Brăila is the Mayor of Brăila, who is elected by the citizens of"
mistral-7b-v0.3,tas,1,P6:Q188478:Q12721231->Q21179214@2016-01-01,P6,Q12721231,Aurel Gabriel Simionescu,Q21179214,Viorel Marian Dragomir,Who is the head of government of Brăila?,"The head of government of Brăila is the Mayor of Brăila, who is elected by the citizens of"
mistral-7b-v0.3,iti,1,P6:Q188478:Q12721231->Q21179214@2016-01-01,P6,Q12721231,Aurel Gabriel Simionescu,Q21179214,Viorel Marian Dragomir,Who is the head of government of Brăila?,"The head of government of Brăila is the Mayor of Brăila, who is elected by the citizens of"
mistral-7b-v0.3,standard,1,P6:Q160284:Q16193229->Q52151613@2018-03-28,P6,Q16193229,Ace Magashule,Q52151613,Sisi Ntombela,Who is the head of government of Free State?,The Premier of the Free State is the head of government of the Free State province of South Africa. The Premier is
mistral-7b-v0.3,tas,1,P6:Q160284:Q16193229->Q52151613@2018-03-28,P6,Q16193229,Ace Magashule,Q52151613,Sisi Ntombela,Who is the head of government of Free State?,The Premier of the Free State is the head of government of the Free State province of South Africa. The Premier is
mistral-7b-v0.3,iti,1,P6:Q160284:Q16193229->Q52151613@2018-03-28,P6,Q16193229,Ace Magashule,Q52151613,Sisi Ntombela,Who is the head of government of Free State?,The Premier of the Free State is the head of government of the Free State province of South Africa. The Premier is
mistral-7b-v0.3,standard,1,P6:Q11384977:Q16207412->Q70928440@2019-10-01,P6,Q16207412,Attila Ughy,Q70928440,Sándor Szaniszló,Who is the head of government of Budapest District XVIII?,The head of government of Budapest District XVIII is the mayor of the district. The mayor is elected by the citizens of
mistral-7b-v0.3,tas,1,P6:Q11384977:Q16207412->Q70928440@2019-10-01,P6,Q16207412,Attila Ughy,Q70928440,Sándor Szaniszló,Who is the head of government of Budapest District XVIII?,The head of government of Budapest District XVIII is the mayor of the district. The mayor is elected by the citizens of
mistral-7b-v0.3,iti,1,P6:Q11384977:Q16207412->Q70928440@2019-10-01,P6,Q16207412,Attila Ughy,Q70928440,Sándor Szaniszló,Who is the head of government of Budapest District XVIII?,The head of government of Budapest District XVIII is the mayor of the district. The mayor is elected by the citizens of
mistral-7b-v0.3,standard,1,P6:Q168057:Q30241680->Q12732138@2020-10-01,P6,Q30241680,Mihail Genoiu,Q12732138,Lia Olguța Vasilescu,Who is the head of government of Craiova?,"Craiova is the capital of Dolj County, Romania. It is the largest city in the region of"
mistral-7b-v0.3,tas,1,P6:Q168057:Q30241680->Q12732138@2020-10-01,P6,Q30241680,Mihail Genoiu,Q12732138,Lia Olguța Vasilescu,Who is the head of government of Craiova?,"Craiova is the capital of Dolj County, Romania. It is the largest city in the region of"
mistral-7b-v0.3,iti,1,P6:Q168057:Q30241680->Q12732138@2020-10-01,P6,Q30241680,Mihail Genoiu,Q12732138,Lia Olguța Vasilescu,Who is the head of government of Craiova?,"Craiova is the capital of Dolj County, Romania. It is the largest city in the region of"
mistral-7b-v0.3,standard,1,P6:Q58337:Q20812649->Q125941826@2021-01-01,P6,Q20812649,Karen Sorensen,Q125941826,Corrie DiManno,Who is the head of government of Banff?,"Banff is a town in Alberta, Canada. It is located within Banff National Park, approximately"
mistral-7b-v0.3,tas,1,P6:Q58337:Q20812649->Q125941826@2021-01-01,P6,Q20812649,Karen Sorensen,Q125941826,Corrie DiManno,Who is the head of government of Banff?,"Banff is a town in Alberta, Canada. It is located within Banff National Park, approximately"
mistral-7b-v0.3,iti,1,P6:Q58337:Q20812649->Q125941826@2021-01-01,P6,Q20812649,Karen Sorensen,Q125941826,Corrie DiManno,Who is the head of government of Banff?,"Banff is a town in Alberta, Canada. It is located within Banff National Park, approximately"
mistral-7b-v0.3,standard,1,P6:Q2289257:Q23728303->Q25975556@2016-01-01,P6,Q23728303,Dumitru Constantin,Q25975556,Victor Potoceanu,Who is the head of government of Mărăcineni?,"Mărăcineni is a commune in Ialomița County, Muntenia, Romania."
mistral-7b-v0.3,tas,1,P6:Q2289257:Q23728303->Q25975556@2016-01-01,P6,Q23728303,Dumitru Constantin,Q25975556,Victor Potoceanu,Who is the head of government of Mărăcineni?,"Mărăcineni is a commune in Ialomița County, Muntenia, Romania."
mistral-7b-v0.3,iti,1,P6:Q2289257:Q23728303->Q25975556@2016-01-01,P6,Q23728303,Dumitru Constantin,Q25975556,Victor Potoceanu,Who is the head of government of Mărăcineni?,"Mărăcineni is a commune in Ialomița County, Muntenia, Romania."
mistral-7b-v0.3,standard,1,P6:Q2289257:Q25975556->Q23728303@2020-10-01,P6,Q25975556,Victor Potoceanu,Q23728303,Dumitru Constantin,Who is the head of government of Mărăcineni?,"Mărăcineni is a commune in Ialomița County, Muntenia, Romania."
mistral-7b-v0.3,tas,1,P6:Q2289257:Q25975556->Q23728303@2020-10-01,P6,Q25975556,Victor Potoceanu,Q23728303,Dumitru Constantin,Who is the head of government of Mărăcineni?,"Mărăcineni is a commune in Ialomița County, Muntenia, Romania."
mistral-7b-v0.3,iti,1,P6:Q2289257:Q25975556->Q23728303@2020-10-01,P6,Q25975556,Victor Potoceanu,Q23728303,Dumitru Constantin,Who is the head of government of Mărăcineni?,"Mărăcineni is a commune in Ialomița County, Muntenia, Romania."
mistral-7b-v0.3,standard,1,P6:Q2537630:Q23728288->Q104425530@2020-10-01,P6,Q23728288,Vasile Lefter,Q104425530,Claudiu Constantin,Who is the head of government of Lopătari?,"Lopătari is a commune in Buzău County, Muntenia, Romania. It"
mistral-7b-v0.3,tas,1,P6:Q2537630:Q23728288->Q104425530@2020-10-01,P6,Q23728288,Vasile Lefter,Q104425530,Claudiu Constantin,Who is the head of government of Lopătari?,"Lopătari is a commune in Buzău County, Muntenia, Romania. It"
mistral-7b-v0.3,iti,1,P6:Q2537630:Q23728288->Q104425530@2020-10-01,P6,Q23728288,Vasile Lefter,Q104425530,Claudiu Constantin,Who is the head of government of Lopătari?,"Lopătari is a commune in Buzău County, Muntenia, Romania. It"
mistral-7b-v0.3,standard,1,P6:Q2605273:Q23749372->Q26156101@2016-01-01,P6,Q23749372,Elena Cosmoiu,Q26156101,Tarcisius Ovidiu Ioan Movileanu,Who is the head of government of Provița de Sus?,The head of government of Provița de Sus is the mayor. The mayor is elected by the citizens of Pro
mistral-7b-v0.3,tas,1,P6:Q2605273:Q23749372->Q26156101@2016-01-01,P6,Q23749372,Elena Cosmoiu,Q26156101,Tarcisius Ovidiu Ioan Movileanu,Who is the head of government of Provița de Sus?,The head of government of Provița de Sus is the mayor. The mayor is elected by the citizens of Pro
mistral-7b-v0.3,iti,1,P6:Q2605273:Q23749372->Q26156101@2016-01-01,P6,Q23749372,Elena Cosmoiu,Q26156101,Tarcisius Ovidiu Ioan Movileanu,Who is the head of government of Provița de Sus?,The head of government of Provița de Sus is the mayor. The mayor is elected by the citizens of Pro
mistral-7b-v0.3,standard,1,P6:Q2605657:Q23750149->Q26156109@2016-01-01,P6,Q23750149,Constantin Dragomir,Q26156109,Laurențiu Ion Bădica,Who is the head of government of Șoimari?,The head of government of Șoimari is the Prime Minister of Șoimari. The Prime
mistral-7b-v0.3,tas,1,P6:Q2605657:Q23750149->Q26156109@2016-01-01,P6,Q23750149,Constantin Dragomir,Q26156109,Laurențiu Ion Bădica,Who is the head of government of Șoimari?,The head of government of Șoimari is the Prime Minister of Șoimari. The Prime
mistral-7b-v0.3,iti,1,P6:Q2605657:Q23750149->Q26156109@2016-01-01,P6,Q23750149,Constantin Dragomir,Q26156109,Laurențiu Ion Bădica,Who is the head of government of Șoimari?,The head of government of Șoimari is the Prime Minister of Șoimari. The Prime
mistral-7b-v0.3,standard,1,P6:Q859570:Q23749394->Q26138258@2016-01-01,P6,Q23749394,Gheorghe Pană,Q26138258,Constantin Chioveanu,Who is the head of government of Ceptura?,Ceptura is a country in the world of The Saga of the Forgotten Warrior. It
mistral-7b-v0.3,tas,1,P6:Q859570:Q23749394->Q26138258@2016-01-01,P6,Q23749394,Gheorghe Pană,Q26138258,Constantin Chioveanu,Who is the head of government of Ceptura?,Ceptura is a country in the world of The Saga of the Forgotten Warrior. It
mistral-7b-v0.3,iti,1,P6:Q859570:Q23749394->Q26138258@2016-01-01,P6,Q23749394,Gheorghe Pană,Q26138258,Constantin Chioveanu,Who is the head of government of Ceptura?,Ceptura is a country in the world of The Saga of the Forgotten Warrior. It
mistral-7b-v0.3,standard,1,P6:Q859570:Q26138258->Q104452039@2020-10-01,P6,Q26138258,Constantin Chioveanu,Q104452039,Vasile George Stanciu,Who is the head of government of Ceptura?,Ceptura is a country in the world of The Saga of the Forgotten Warrior. It
mistral-7b-v0.3,tas,1,P6:Q859570:Q26138258->Q104452039@2020-10-01,P6,Q26138258,Constantin Chioveanu,Q104452039,Vasile George Stanciu,Who is the head of government of Ceptura?,Ceptura is a country in the world of The Saga of the Forgotten Warrior. It
mistral-7b-v0.3,iti,1,P6:Q859570:Q26138258->Q104452039@2020-10-01,P6,Q26138258,Constantin Chioveanu,Q104452039,Vasile George Stanciu,Who is the head of government of Ceptura?,Ceptura is a country in the world of The Saga of the Forgotten Warrior. It
mistral-7b-v0.3,standard,1,P6:Q868236:Q23749061->Q26156065@2016-01-01,P6,Q23749061,Gabriel Papainog,Q26156065,Marin Enache,Who is the head of government of Colceag?,Colceag is a small country in the middle of the world. It is a country that is ruled by a
mistral-7b-v0.3,tas,1,P6:Q868236:Q23749061->Q26156065@2016-01-01,P6,Q23749061,Gabriel Papainog,Q26156065,Marin Enache,Who is the head of government of Colceag?,Colceag is a small country in the middle of the world. It is a country that is ruled by a
mistral-7b-v0.3,iti,1,P6:Q868236:Q23749061->Q26156065@2016-01-01,P6,Q23749061,Gabriel Papainog,Q26156065,Marin Enache,Who is the head of government of Colceag?,Colceag is a small country in the middle of the world. It is a country that is ruled by a
mistral-7b-v0.3,standard,1,P6:Q868236:Q26156065->Q104452044@2020-10-01,P6,Q26156065,Marin Enache,Q104452044,Costin-Valentin Stan,Who is the head of government of Colceag?,Colceag is a small country in the middle of the world. It is a country that is ruled by a
mistral-7b-v0.3,tas,1,P6:Q868236:Q26156065->Q104452044@2020-10-01,P6,Q26156065,Marin Enache,Q104452044,Costin-Valentin Stan,Who is the head of government of Colceag?,Colceag is a small country in the middle of the world. It is a country that is ruled by a
mistral-7b-v0.3,iti,1,P6:Q868236:Q26156065->Q104452044@2020-10-01,P6,Q26156065,Marin Enache,Q104452044,Costin-Valentin Stan,Who is the head of government of Colceag?,Colceag is a small country in the middle of the world. It is a country that is ruled by a
mistral-7b-v0.3,standard,1,P6:Q12724497:Q23892479->Q26039753@2016-01-01,P6,Q23892479,Ion Tache,Q26039753,Daniel-Cezar Rusu,Who is the head of government of Adunații-Copăceni?,The head of government of Adunații-Copăceni is the mayor. The mayor is elected by the
mistral-7b-v0.3,tas,1,P6:Q12724497:Q23892479->Q26039753@2016-01-01,P6,Q23892479,Ion Tache,Q26039753,Daniel-Cezar Rusu,Who is the head of government of Adunații-Copăceni?,The head of government of Adunații-Copăceni is the mayor. The mayor is elected by the
mistral-7b-v0.3,iti,1,P6:Q12724497:Q23892479->Q26039753@2016-01-01,P6,Q23892479,Ion Tache,Q26039753,Daniel-Cezar Rusu,Who is the head of government of Adunații-Copăceni?,The head of government of Adunații-Copăceni is the mayor. The mayor is elected by the
mistral-7b-v0.3,standard,1,P6:Q793781:Q23750485->Q26137858@2016-01-01,P6,Q23750485,Ion Petcu,Q26137858,Aurelian Boghici,Who is the head of government of Bertea?,The head of government of Bertea is the Prime Minister of Bertea. The Prime Minister is appointed by
mistral-7b-v0.3,tas,1,P6:Q793781:Q23750485->Q26137858@2016-01-01,P6,Q23750485,Ion Petcu,Q26137858,Aurelian Boghici,Who is the head of government of Bertea?,The head of government of Bertea is the Prime Minister of Bertea. The Prime Minister is appointed by
mistral-7b-v0.3,iti,1,P6:Q793781:Q23750485->Q26137858@2016-01-01,P6,Q23750485,Ion Petcu,Q26137858,Aurelian Boghici,Who is the head of government of Bertea?,"Bertea is a village in the municipality of Bălcești, Vâlcea County, Rom"
mistral-7b-v0.3,standard,1,P6:Q954808:Q21874610->Q123511116@2022-10-24,P6,Q21874610,Pavel Talíř,Q123511116,Radek Ježek,Who is the head of government of Kaplice?,Kaplice is a town in the South Bohemian Region of the Czech Republic. It has about
mistral-7b-v0.3,tas,1,P6:Q954808:Q21874610->Q123511116@2022-10-24,P6,Q21874610,Pavel Talíř,Q123511116,Radek Ježek,Who is the head of government of Kaplice?,Kaplice is a town in the South Bohemian Region of the Czech Republic. It has about
mistral-7b-v0.3,iti,1,P6:Q954808:Q21874610->Q123511116@2022-10-24,P6,Q21874610,Pavel Talíř,Q123511116,Radek Ježek,Who is the head of government of Kaplice?,Kaplice is a town in the South Bohemian Region of the Czech Republic. It has about
mistral-7b-v0.3,standard,1,P6:Q13570140:Q23894644->Q25975519@2016-01-01,P6,Q23894644,Dima Priceputu,Q25975519,Vasile Visalon,Who is the head of government of Viziru?,"Viziru is a country located in Central Asia with an area of 1,000,0"
mistral-7b-v0.3,tas,1,P6:Q13570140:Q23894644->Q25975519@2016-01-01,P6,Q23894644,Dima Priceputu,Q25975519,Vasile Visalon,Who is the head of government of Viziru?,"Viziru is a country located in Central Asia with an area of 1,000,0"
mistral-7b-v0.3,iti,1,P6:Q13570140:Q23894644->Q25975519@2016-01-01,P6,Q23894644,Dima Priceputu,Q25975519,Vasile Visalon,Who is the head of government of Viziru?,"Viziru is a country located in Central Asia with an area of 1,000,0"
mistral-7b-v0.3,standard,1,P6:Q13570140:Q30242944->Q23894644@2020-10-01,P6,Q30242944,Victor Doagă,Q23894644,Dima Priceputu,Who is the head of government of Viziru?,"Viziru is a country located in Central Asia with an area of 1,000,0"
mistral-7b-v0.3,tas,1,P6:Q13570140:Q30242944->Q23894644@2020-10-01,P6,Q30242944,Victor Doagă,Q23894644,Dima Priceputu,Who is the head of government of Viziru?,"Viziru is a country located in Central Asia with an area of 1,000,0"
mistral-7b-v0.3,iti,1,P6:Q13570140:Q30242944->Q23894644@2020-10-01,P6,Q30242944,Victor Doagă,Q23894644,Dima Priceputu,Who is the head of government of Viziru?,"Viziru is a country located in Central Asia with an area of 1,000,0"
mistral-7b-v0.3,standard,1,P6:Q2536096:Q23894625->Q104425001@2020-10-01,P6,Q23894625,Cristian Codreanu,Q104425001,Costică Dobre,Who is the head of government of Șuțești?,The head of government of Șuțești is Ionuț-Cristian Mihai
mistral-7b-v0.3,tas,1,P6:Q2536096:Q23894625->Q104425001@2020-10-01,P6,Q23894625,Cristian Codreanu,Q104425001,Costică Dobre,Who is the head of government of Șuțești?,The head of government of Șuțești is Ionuț-Cristian Mihai
mistral-7b-v0.3,iti,1,P6:Q2536096:Q23894625->Q104425001@2020-10-01,P6,Q23894625,Cristian Codreanu,Q104425001,Costică Dobre,Who is the head of government of Șuțești?,The head of government of Șuțești is Ionuț-Cristian Băl
mistral-7b-v0.3,standard,1,P6:Q3725414:Q24007887->Q104444463@2020-10-01,P6,Q24007887,Costică Stroea,Q104444463,Silviu Zinica,Who is the head of government of Smârdan?,"The head of government of Smârdan is the Mayor of Smârdan, who is elected by the"
mistral-7b-v0.3,tas,1,P6:Q3725414:Q24007887->Q104444463@2020-10-01,P6,Q24007887,Costică Stroea,Q104444463,Silviu Zinica,Who is the head of government of Smârdan?,"The head of government of Smârdan is the Mayor of Smârdan, who is elected by the"
mistral-7b-v0.3,iti,1,P6:Q3725414:Q24007887->Q104444463@2020-10-01,P6,Q24007887,Costică Stroea,Q104444463,Silviu Zinica,Who is the head of government of Smârdan?,"The head of government of Smârdan is the Mayor of Smârdan, who is elected by the"
mistral-7b-v0.3,standard,1,P6:Q5113209:Q24008174->Q104451674@2020-10-01,P6,Q24008174,Petru Lungu-Bordea,Q104451674,Ioan Petronel Mancaș,Who is the head of government of Pângărați?,The head of government of Pângărați is Ionuț-Cristian Bălan
mistral-7b-v0.3,tas,1,P6:Q5113209:Q24008174->Q104451674@2020-10-01,P6,Q24008174,Petru Lungu-Bordea,Q104451674,Ioan Petronel Mancaș,Who is the head of government of Pângărați?,The head of government of Pângărați is Ionuț-Cătălin M
mistral-7b-v0.3,iti,1,P6:Q5113209:Q24008174->Q104451674@2020-10-01,P6,Q24008174,Petru Lungu-Bordea,Q104451674,Ioan Petronel Mancaș,Who is the head of government of Pângărați?,The head of government of Pângărați is Ionuț-Cristian Bălan
mistral-7b-v0.3,standard,1,P6:Q5113245:Q24008143->Q104451664@2020-10-01,P6,Q24008143,Cristinel Vasile Gheorghiu,Q104451664,Dumitru-Bogdan Țifui,Who is the head of government of Farcașa?,"Farcașa is a commune in Suceava County, Bukovina, Romania. It"
mistral-7b-v0.3,tas,1,P6:Q5113245:Q24008143->Q104451664@2020-10-01,P6,Q24008143,Cristinel Vasile Gheorghiu,Q104451664,Dumitru-Bogdan Țifui,Who is the head of government of Farcașa?,"Farcașa is a commune in Suceava County, Bukovina, Romania. It"
mistral-7b-v0.3,iti,1,P6:Q5113245:Q24008143->Q104451664@2020-10-01,P6,Q24008143,Cristinel Vasile Gheorghiu,Q104451664,Dumitru-Bogdan Țifui,Who is the head of government of Farcașa?,"Farcașa is a commune in Suceava County, Bukovina, Romania. It"
mistral-7b-v0.3,standard,1,P6:Q12724576:Q24205600->Q25998922@2016-01-01,P6,Q24205600,Ion Marin,Q25998922,Ion Oancea,Who is the head of government of Bratovoești?,"The head of government of Bratovoești is the Mayor of Bratovoești, who is elected"
mistral-7b-v0.3,tas,1,P6:Q12724576:Q24205600->Q25998922@2016-01-01,P6,Q24205600,Ion Marin,Q25998922,Ion Oancea,Who is the head of government of Bratovoești?,"The head of government of Bratovoești is the Mayor of Bratovoești, who is elected"
mistral-7b-v0.3,iti,1,P6:Q12724576:Q24205600->Q25998922@2016-01-01,P6,Q24205600,Ion Marin,Q25998922,Ion Oancea,Who is the head of government of Bratovoești?,"The head of government of Bratovoești is the Mayor of Bratovoești, who is elected"
mistral-7b-v0.3,standard,1,P6:Q987487:Q12022439->Q123349589@2022-10-24,P6,Q12022439,Jan Bureš,Q123349589,David Hanakovič,Who is the head of government of Ostrov?,"Ostrov is a small island in the Baltic Sea, and the head of government is the Prime Minister."
mistral-7b-v0.3,tas,1,P6:Q987487:Q12022439->Q123349589@2022-10-24,P6,Q12022439,Jan Bureš,Q123349589,David Hanakovič,Who is the head of government of Ostrov?,"Ostrov is a small island in the Baltic Sea, and the head of government is the Prime Minister."
mistral-7b-v0.3,iti,1,P6:Q987487:Q12022439->Q123349589@2022-10-24,P6,Q12022439,Jan Bureš,Q123349589,David Hanakovič,Who is the head of government of Ostrov?,"Ostrov is a small island in the Baltic Sea, and the head of government is the Prime Minister."
mistral-7b-v0.3,standard,1,P6:Q2606085:Q23925417->Q25998685@2016-01-01,P6,Q23925417,Nicolae Vărzaru,Q25998685,Petruț-Bogdan Tița,Who is the head of government of Ulmi?,"Ulmi is a city in the province of Trento, Italy. It is located in the Val di"
mistral-7b-v0.3,tas,1,P6:Q2606085:Q23925417->Q25998685@2016-01-01,P6,Q23925417,Nicolae Vărzaru,Q25998685,Petruț-Bogdan Tița,Who is the head of government of Ulmi?,"Ulmi is a city in the province of Trento, Italy. It is located in the Val di"
mistral-7b-v0.3,iti,1,P6:Q2606085:Q23925417->Q25998685@2016-01-01,P6,Q23925417,Nicolae Vărzaru,Q25998685,Petruț-Bogdan Tița,Who is the head of government of Ulmi?,"Ulmi is a city in the province of Trento, Italy. It is located in the Val di"
