model,method,is_control,record_id,relation_pid,a_old_qid,a_old_label,a_new_qid,a_new_label,prompt,generated
qwen-2.5-1.5b,standard,0,P6:Q794:Q34448->Q348144@2013-08-03,P6,Q34448,Mahmoud Ahmadinejad,Q348144,Hassan Rouhani,Who is the head of government of Iran?,The head of government of Iran is the President of Iran.
qwen-2.5-1.5b,date_prefix,0,P6:Q794:Q34448->Q348144@2013-08-03,P6,Q34448,Mahmoud Ahmadinejad,Q348144,Hassan Rouhani,In 2013: Who is the head of government of Iran?,Hassan Rouhani
qwen-2.5-1.5b,instruction,0,P6:Q794:Q34448->Q348144@2013-08-03,P6,Q34448,Mahmoud Ahmadinejad,Q348144,Hassan Rouhani,"Answer with the current, most up-to-date fact. Who is the head of government of Iran?",President Hassan Rouhani
qwen-2.5-1.5b,tas,0,P6:Q794:Q34448->Q348144@2013-08-03,P6,Q34448,Mahmoud Ahmadinejad,Q348144,Hassan Rouhani,Who is the head of government of Iran?,A: Mohammad Reza Pahlavi B: Mohammad Reza Pahlavi C: Mohammad Reza Pahlavi D
qwen-2.5-1.5b,iti,0,P6:Q794:Q34448->Q348144@2013-08-03,P6,Q34448,Mahmoud Ahmadinejad,Q348144,Hassan Rouhani,Who is the head of government of Iran?,The head of government of Iran is the President of Iran.
qwen-2.5-1.5b,standard,0,P6:Q183:Q567->Q61053@2021-12-08,P6,Q567,Angela Merkel,Q61053,Olaf Scholz,Who is the head of government of Germany?,The head of government of Germany is the Chancellor. The Chancellor is the leader of the party or coalition that holds the majority of
qwen-2.5-1.5b,date_prefix,0,P6:Q183:Q567->Q61053@2021-12-08,P6,Q567,Angela Merkel,Q61053,Olaf Scholz,In 2021: Who is the head of government of Germany?,Angela Merkel
qwen-2.5-1.5b,instruction,0,P6:Q183:Q567->Q61053@2021-12-08,P6,Q567,Angela Merkel,Q61053,Olaf Scholz,"Answer with the current, most up-to-date fact. Who is the head of government of Germany?",Angela Merkel
qwen-2.5-1.5b,tas,0,P6:Q183:Q567->Q61053@2021-12-08,P6,Q567,Angela Merkel,Q61053,Olaf Scholz,Who is the head of government of Germany?,A: Angela Merkel B: Angela Merkel C: Angela Merkel D: Angela Merkel
qwen-2.5-1.5b,iti,0,P6:Q183:Q567->Q61053@2021-12-08,P6,Q567,Angela Merkel,Q61053,Olaf Scholz,Who is the head of government of Germany?,The head of government of Germany is the Chancellor.
qwen-2.5-1.5b,standard,0,P6:Q236:Q97999161->Q16353146@2022-04-28,P6,Q97999161,Zdravko Krivokapić,Q16353146,Dritan Abazović,Who is the head of government of Montenegro?,Montenegro's head of government is the Prime Minister.
qwen-2.5-1.5b,date_prefix,0,P6:Q236:Q97999161->Q16353146@2022-04-28,P6,Q97999161,Zdravko Krivokapić,Q16353146,Dritan Abazović,In 2022: Who is the head of government of Montenegro?,The head of government of Montenegro is Miloš Drasković.
qwen-2.5-1.5b,instruction,0,P6:Q236:Q97999161->Q16353146@2022-04-28,P6,Q97999161,Zdravko Krivokapić,Q16353146,Dritan Abazović,"Answer with the current, most up-to-date fact. Who is the head of government of Montenegro?",President of Montenegro
qwen-2.5-1.5b,tas,0,P6:Q236:Q97999161->Q16353146@2022-04-28,P6,Q97999161,Zdravko Krivokapić,Q16353146,Dritan Abazović,Who is the head of government of Montenegro?,Zeljko Ajdac
qwen-2.5-1.5b,iti,0,P6:Q236:Q97999161->Q16353146@2022-04-28,P6,Q97999161,Zdravko Krivokapić,Q16353146,Dritan Abazović,Who is the head of government of Montenegro?,Miroslav Ljotić
qwen-2.5-1.5b,standard,0,P6:Q23681:Q47189019->Q12812869@2022-05-12,P6,Q47189019,Faiz Sucuoğlu,Q12812869,Ünal Üstel,Who is the head of government of Northern Cyprus?,"The head of government of Northern Cyprus is the President of the Northern Cyprus Parliament, who is also the Prime Minister of Northern Cyprus"
qwen-2.5-1.5b,date_prefix,0,P6:Q23681:Q47189019->Q12812869@2022-05-12,P6,Q47189019,Faiz Sucuoğlu,Q12812869,Ünal Üstel,In 2022: Who is the head of government of Northern Cyprus?,The head of government of Northern Cyprus is Mr. Mustafa Akinci.
qwen-2.5-1.5b,instruction,0,P6:Q23681:Q47189019->Q12812869@2022-05-12,P6,Q47189019,Faiz Sucuoğlu,Q12812869,Ünal Üstel,"Answer with the current, most up-to-date fact. Who is the head of government of Northern Cyprus?",President of the Republic of Cyprus
qwen-2.5-1.5b,tas,0,P6:Q23681:Q47189019->Q12812869@2022-05-12,P6,Q47189019,Faiz Sucuoğlu,Q12812869,Ünal Üstel,Who is the head of government of Northern Cyprus?,Nicosia
qwen-2.5-1.5b,iti,0,P6:Q23681:Q47189019->Q12812869@2022-05-12,P6,Q47189019,Faiz Sucuoğlu,Q12812869,Ünal Üstel,Who is the head of government of Northern Cyprus?,"The head of government of Northern Cyprus is the President of the Northern Cyprus Parliament, who is also the Prime Minister of Northern Cyprus"
qwen-2.5-1.5b,standard,0,P6:Q203344:Q1253167->Q1468102@2010-01-01,P6,Q1253167,Zoltán Révfy,Q1468102,Róbert Zsigó,Who is the head of government of Baja?,Baja California is a state in Mexico. The head of government is the Governor. The Governor is elected by the people of
qwen-2.5-1.5b,date_prefix,0,P6:Q203344:Q1253167->Q1468102@2010-01-01,P6,Q1253167,Zoltán Révfy,Q1468102,Róbert Zsigó,In 2010: Who is the head of government of Baja?,Mexico
qwen-2.5-1.5b,instruction,0,P6:Q203344:Q1253167->Q1468102@2010-01-01,P6,Q1253167,Zoltán Révfy,Q1468102,Róbert Zsigó,"Answer with the current, most up-to-date fact. Who is the head of government of Baja?",The head of government of Baja is the Governor of Baja California.
qwen-2.5-1.5b,tas,0,P6:Q203344:Q1253167->Q1468102@2010-01-01,P6,Q1253167,Zoltán Révfy,Q1468102,Róbert Zsigó,Who is the head of government of Baja?,A: Baja California
qwen-2.5-1.5b,iti,0,P6:Q203344:Q1253167->Q1468102@2010-01-01,P6,Q1253167,Zoltán Révfy,Q1468102,Róbert Zsigó,Who is the head of government of Baja?,Baja is a state in Mexico. The head of government is the Governor.
qwen-2.5-1.5b,standard,0,P6:Q1462:Q15622352->Q52419169@2019-03-20,P6,Q15622352,Francesco Pigliaru,Q52419169,Christian Solinas,Who is the head of government of Sardinia?,The head of government of Sardinia is the Governor of Sardinia.
qwen-2.5-1.5b,date_prefix,0,P6:Q1462:Q15622352->Q52419169@2019-03-20,P6,Q15622352,Francesco Pigliaru,Q52419169,Christian Solinas,In 2019: Who is the head of government of Sardinia?,Carlo Calenda
qwen-2.5-1.5b,instruction,0,P6:Q1462:Q15622352->Q52419169@2019-03-20,P6,Q15622352,Francesco Pigliaru,Q52419169,Christian Solinas,"Answer with the current, most up-to-date fact. Who is the head of government of Sardinia?",President of the Republic of Italy
qwen-2.5-1.5b,tas,0,P6:Q1462:Q15622352->Q52419169@2019-03-20,P6,Q15622352,Francesco Pigliaru,Q52419169,Christian Solinas,Who is the head of government of Sardinia?,Answer the above question based on the context below:  The island of Sardinia is divided into two regions: the
qwen-2.5-1.5b,iti,0,P6:Q1462:Q15622352->Q52419169@2019-03-20,P6,Q15622352,Francesco Pigliaru,Q52419169,Christian Solinas,Who is the head of government of Sardinia?,Sardinia is an autonomous region of Italy. The head of government of Sardinia is the Governor of Sardinia
qwen-2.5-1.5b,standard,0,P6:Q685857:Q24114183->Q24114705@2016-01-01,P6,Q24114183,Marian Iordache,Q24114705,Valentin Vrabie,Who is the head of government of Medgidia?,Medgidia is a city in the Republic of Moldova. The head of government of Medgidia is the Mayor of
qwen-2.5-1.5b,date_prefix,0,P6:Q685857:Q24114183->Q24114705@2016-01-01,P6,Q24114183,Marian Iordache,Q24114705,Valentin Vrabie,In 2016: Who is the head of government of Medgidia?,"Answer the above question based on the context below:  In 2016, the head of government of Med"
qwen-2.5-1.5b,instruction,0,P6:Q685857:Q24114183->Q24114705@2016-01-01,P6,Q24114183,Marian Iordache,Q24114705,Valentin Vrabie,"Answer with the current, most up-to-date fact. Who is the head of government of Medgidia?",The head of government of Medgidia is the Mayor.
qwen-2.5-1.5b,tas,0,P6:Q685857:Q24114183->Q24114705@2016-01-01,P6,Q24114183,Marian Iordache,Q24114705,Valentin Vrabie,Who is the head of government of Medgidia?,Answer the above question based on the context below:  The city is governed by a mayor and a city council. The
qwen-2.5-1.5b,iti,0,P6:Q685857:Q24114183->Q24114705@2016-01-01,P6,Q24114183,Marian Iordache,Q24114705,Valentin Vrabie,Who is the head of government of Medgidia?,Medgidia is a city in the Republic of Moldova. The head of government of Medgidia is the Mayor of
qwen-2.5-1.5b,standard,0,P6:Q17:Q132345->Q122465@2020-09-16,P6,Q132345,Shinzō Abe,Q122465,Yoshihide Suga,Who is the head of government of Japan?,The head of government of Japan is the Prime Minister. The Prime Minister is appointed by the Emperor of Japan and is responsible for
qwen-2.5-1.5b,date_prefix,0,P6:Q17:Q132345->Q122465@2020-09-16,P6,Q132345,Shinzō Abe,Q122465,Yoshihide Suga,In 2020: Who is the head of government of Japan?,Abe Shinzo
qwen-2.5-1.5b,instruction,0,P6:Q17:Q132345->Q122465@2020-09-16,P6,Q132345,Shinzō Abe,Q122465,Yoshihide Suga,"Answer with the current, most up-to-date fact. Who is the head of government of Japan?",Prime Minister
qwen-2.5-1.5b,tas,0,P6:Q17:Q132345->Q122465@2020-09-16,P6,Q132345,Shinzō Abe,Q122465,Yoshihide Suga,Who is the head of government of Japan?,A. Prime Minister B. President C. Prime Minister D. Prime Minister
qwen-2.5-1.5b,iti,0,P6:Q17:Q132345->Q122465@2020-09-16,P6,Q132345,Shinzō Abe,Q122465,Yoshihide Suga,Who is the head of government of Japan?,The head of government of Japan is the Prime Minister. The Prime Minister is appointed by the Emperor of Japan and is responsible for
qwen-2.5-1.5b,standard,0,P6:Q499474:Q4607561->Q100327366@2019-01-01,P6,Q4607561,Kristina Zakrisson,Q100327366,Gunnar Selberg,Who is the head of government of Kiruna Municipality?,The head of government of Kiruna Municipality is the Mayor of Kiruna Municipality. The current Mayor of Kiruna Municip
qwen-2.5-1.5b,date_prefix,0,P6:Q499474:Q4607561->Q100327366@2019-01-01,P6,Q4607561,Kristina Zakrisson,Q100327366,Gunnar Selberg,In 2019: Who is the head of government of Kiruna Municipality?,The head of government of Kiruna Municipality in 2019 was Björn Håkansson.
qwen-2.5-1.5b,instruction,0,P6:Q499474:Q4607561->Q100327366@2019-01-01,P6,Q4607561,Kristina Zakrisson,Q100327366,Gunnar Selberg,"Answer with the current, most up-to-date fact. Who is the head of government of Kiruna Municipality?",The head of government of Kiruna Municipality is the Mayor of Kiruna.
qwen-2.5-1.5b,tas,0,P6:Q499474:Q4607561->Q100327366@2019-01-01,P6,Q4607561,Kristina Zakrisson,Q100327366,Gunnar Selberg,Who is the head of government of Kiruna Municipality?,Answer the above question based on the context below:  Kiruna is the administrative centre of the municipality of the same name
qwen-2.5-1.5b,iti,0,P6:Q499474:Q4607561->Q100327366@2019-01-01,P6,Q4607561,Kristina Zakrisson,Q100327366,Gunnar Selberg,Who is the head of government of Kiruna Municipality?,The head of government of Kiruna Municipality is the Mayor of Kiruna Municipality. The current Mayor of Kiruna Municip
qwen-2.5-1.5b,standard,0,P6:Q186230:Q6063364->Q122874685@2017-02-01,P6,Q6063364,Harry Rantakyrö,Q122874685,Jan Larsson,Who is the head of government of Pajala Municipality?,"Pajala Municipality is a municipality in the province of Lapland, Finland. The head of government of Pajala"
qwen-2.5-1.5b,date_prefix,0,P6:Q186230:Q6063364->Q122874685@2017-02-01,P6,Q6063364,Harry Rantakyrö,Q122874685,Jan Larsson,In 2017: Who is the head of government of Pajala Municipality?,The head of government of Pajala Municipality in 2017 was Jukka Kiviniemi.
qwen-2.5-1.5b,instruction,0,P6:Q186230:Q6063364->Q122874685@2017-02-01,P6,Q6063364,Harry Rantakyrö,Q122874685,Jan Larsson,"Answer with the current, most up-to-date fact. Who is the head of government of Pajala Municipality?","Pajala Municipality is a municipality in the province of Lapland, Finland. The head of government of Pajala"
qwen-2.5-1.5b,tas,0,P6:Q186230:Q6063364->Q122874685@2017-02-01,P6,Q6063364,Harry Rantakyrö,Q122874685,Jan Larsson,Who is the head of government of Pajala Municipality?,Answer the above question based on the context below:  Pajala Municipality is a municipality in the province of Å
qwen-2.5-1.5b,iti,0,P6:Q186230:Q6063364->Q122874685@2017-02-01,P6,Q6063364,Harry Rantakyrö,Q122874685,Jan Larsson,Who is the head of government of Pajala Municipality?,"Pajala Municipality is a municipality in the province of Lapland, Finland. The head of government of Pajala"
qwen-2.5-1.5b,standard,0,P6:Q215:Q12795878->Q57627@2020-03-13,P6,Q12795878,Marjan Šarec,Q57627,Janez Janša,Who is the head of government of Slovenia?,The head of government of Slovenia is the Prime Minister of Slovenia. The Prime Minister is appointed by the President of Slovenia and is
qwen-2.5-1.5b,date_prefix,0,P6:Q215:Q12795878->Q57627@2020-03-13,P6,Q12795878,Marjan Šarec,Q57627,Janez Janša,In 2020: Who is the head of government of Slovenia?,The head of government of Slovenia is Andrej Lehman. He is a member of the Social Democratic Party and has been the
qwen-2.5-1.5b,instruction,0,P6:Q215:Q12795878->Q57627@2020-03-13,P6,Q12795878,Marjan Šarec,Q57627,Janez Janša,"Answer with the current, most up-to-date fact. Who is the head of government of Slovenia?",The head of government of Slovenia is Matjaž Hančil. He is the Prime Minister of Slovenia and has been in
qwen-2.5-1.5b,tas,0,P6:Q215:Q12795878->Q57627@2020-03-13,P6,Q12795878,Marjan Šarec,Q57627,Janez Janša,Who is the head of government of Slovenia?,"Answer the above question based on the context below:  Slovenia's constitution, which was adopted in 1991"
qwen-2.5-1.5b,iti,0,P6:Q215:Q12795878->Q57627@2020-03-13,P6,Q12795878,Marjan Šarec,Q57627,Janez Janša,Who is the head of government of Slovenia?,The head of government of Slovenia is the Prime Minister of Slovenia. The Prime Minister is appointed by the President of Slovenia and is
qwen-2.5-1.5b,standard,0,P6:Q13725:Q40128419->Q28854045@2017-01-01,P6,Q40128419,Michel Montaner Berbel,Q28854045,Ricard Barberà Guillem,Who is the head of government of Xirivella?,"Xirivella is a fictional country in the ""The Xirivella Chronicles"" series by author J. R."
qwen-2.5-1.5b,date_prefix,0,P6:Q13725:Q40128419->Q28854045@2017-01-01,P6,Q40128419,Michel Montaner Berbel,Q28854045,Ricard Barberà Guillem,In 2017: Who is the head of government of Xirivella?,"Answer the above question based on the context below:  In 2017, Xirivella is a"
qwen-2.5-1.5b,instruction,0,P6:Q13725:Q40128419->Q28854045@2017-01-01,P6,Q40128419,Michel Montaner Berbel,Q28854045,Ricard Barberà Guillem,"Answer with the current, most up-to-date fact. Who is the head of government of Xirivella?",The head of government of Xirivella is the Prime Minister.
qwen-2.5-1.5b,tas,0,P6:Q13725:Q40128419->Q28854045@2017-01-01,P6,Q40128419,Michel Montaner Berbel,Q28854045,Ricard Barberà Guillem,Who is the head of government of Xirivella?,Answer the above question based on the context below:  Xirivella is a small village in the municipality of V
qwen-2.5-1.5b,iti,0,P6:Q13725:Q40128419->Q28854045@2017-01-01,P6,Q40128419,Michel Montaner Berbel,Q28854045,Ricard Barberà Guillem,Who is the head of government of Xirivella?,"Xirivella is a fictional country in the ""The Xirivella Chronicles"" series by author J. R."
qwen-2.5-1.5b,standard,0,P6:Q5112591:Q24007601->Q25999116@2016-01-01,P6,Q24007601,Luca Ștefan,Q25999116,Emilia Niculescu,Who is the head of government of Costache Negri?,Costache Negri is the head of government of the Republic of Moldova. He is also the Prime Minister of Moldova
qwen-2.5-1.5b,date_prefix,0,P6:Q5112591:Q24007601->Q25999116@2016-01-01,P6,Q24007601,Luca Ștefan,Q25999116,Emilia Niculescu,In 2016: Who is the head of government of Costache Negri?,The head of government of Costache Negri is Ion Cătălin Cătălin.
qwen-2.5-1.5b,instruction,0,P6:Q5112591:Q24007601->Q25999116@2016-01-01,P6,Q24007601,Luca Ștefan,Q25999116,Emilia Niculescu,"Answer with the current, most up-to-date fact. Who is the head of government of Costache Negri?",President
qwen-2.5-1.5b,tas,0,P6:Q5112591:Q24007601->Q25999116@2016-01-01,P6,Q24007601,Luca Ștefan,Q25999116,Emilia Niculescu,Who is the head of government of Costache Negri?,Answer the above question based on the context below:  The 1990s were a period of economic growth
qwen-2.5-1.5b,iti,0,P6:Q5112591:Q24007601->Q25999116@2016-01-01,P6,Q24007601,Luca Ștefan,Q25999116,Emilia Niculescu,Who is the head of government of Costache Negri?,Costache Negri is the head of government of the Republic of Moldova. He is also the Prime Minister of the country
qwen-2.5-1.5b,standard,0,P6:Q16426529:Q25999099->Q24205541@2020-10-01,P6,Q25999099,Virgil-Daniel Gruia,Q24205541,Constantin Popa,Who is the head of government of Terpezița?,Terpezița is a municipality in the Romanian region of Muntenia. The head of government of Terpezi
qwen-2.5-1.5b,date_prefix,0,P6:Q16426529:Q25999099->Q24205541@2020-10-01,P6,Q25999099,Virgil-Daniel Gruia,Q24205541,Constantin Popa,In 2020: Who is the head of government of Terpezița?,2020: Who is the head of government of Terpezița? - Terpezița
qwen-2.5-1.5b,instruction,0,P6:Q16426529:Q25999099->Q24205541@2020-10-01,P6,Q25999099,Virgil-Daniel Gruia,Q24205541,Constantin Popa,"Answer with the current, most up-to-date fact. Who is the head of government of Terpezița?",The head of government of Terpezița is the Mayor.
qwen-2.5-1.5b,tas,0,P6:Q16426529:Q25999099->Q24205541@2020-10-01,P6,Q25999099,Virgil-Daniel Gruia,Q24205541,Constantin Popa,Who is the head of government of Terpezița?,Answer the above question based on the context below:  Terpezița is a village in the administrative district of
qwen-2.5-1.5b,iti,0,P6:Q16426529:Q25999099->Q24205541@2020-10-01,P6,Q25999099,Virgil-Daniel Gruia,Q24205541,Constantin Popa,Who is the head of government of Terpezița?,A: The head of government of Terpezița is the Mayor of Terpezița.
qwen-2.5-1.5b,standard,0,P35:Q854:Q57338->Q6737124@2015-01-09,P35,Q57338,Mahinda Rajapaksa,Q6737124,Maithripala Sirisena,Who is the head of state of Sri Lanka?,The head of state of Sri Lanka is the President.
qwen-2.5-1.5b,date_prefix,0,P35:Q854:Q57338->Q6737124@2015-01-09,P35,Q57338,Mahinda Rajapaksa,Q6737124,Maithripala Sirisena,In 2015: Who is the head of state of Sri Lanka?,President Maithripala Sirisena
qwen-2.5-1.5b,instruction,0,P35:Q854:Q57338->Q6737124@2015-01-09,P35,Q57338,Mahinda Rajapaksa,Q6737124,Maithripala Sirisena,"Answer with the current, most up-to-date fact. Who is the head of state of Sri Lanka?",President Maithripala Sirisena
qwen-2.5-1.5b,tas,0,P35:Q854:Q57338->Q6737124@2015-01-09,P35,Q57338,Mahinda Rajapaksa,Q6737124,Maithripala Sirisena,Who is the head of state of Sri Lanka?,Answer the above question based on the context below:  The island of Sri Lanka has been inhabited since the Paleolithic era
qwen-2.5-1.5b,iti,0,P35:Q854:Q57338->Q6737124@2015-01-09,P35,Q57338,Mahinda Rajapaksa,Q6737124,Maithripala Sirisena,Who is the head of state of Sri Lanka?,The head of state of Sri Lanka is the President.
qwen-2.5-1.5b,standard,0,P169:Q3126763:Q112265018->Q113956100@2022-09-01,P169,Q112265018,Marco Sesana,Q113956100,Giancarlo Fancel,Who is the chief executive officer of Generali Italia?,Answer according to: Generali Italia is a subsidiary of the Italian insurance group Generali. The company was founded in 1
qwen-2.5-1.5b,date_prefix,0,P169:Q3126763:Q112265018->Q113956100@2022-09-01,P169,Q112265018,Marco Sesana,Q113956100,Giancarlo Fancel,In 2022: Who is the chief executive officer of Generali Italia?,Answer according to: Generali Italia is a subsidiary of the Italian insurance group Generali. The company was founded in 1
qwen-2.5-1.5b,instruction,0,P169:Q3126763:Q112265018->Q113956100@2022-09-01,P169,Q112265018,Marco Sesana,Q113956100,Giancarlo Fancel,"Answer with the current, most up-to-date fact. Who is the chief executive officer of Generali Italia?",The chief executive officer of Generali Italia is Giuseppe Cipriani.
qwen-2.5-1.5b,tas,0,P169:Q3126763:Q112265018->Q113956100@2022-09-01,P169,Q112265018,Marco Sesana,Q113956100,Giancarlo Fancel,Who is the chief executive officer of Generali Italia?,Answer the above question based on the context below:  The company was founded in 1863 by the Italian
qwen-2.5-1.5b,iti,0,P169:Q3126763:Q112265018->Q113956100@2022-09-01,P169,Q112265018,Marco Sesana,Q113956100,Giancarlo Fancel,Who is the chief executive officer of Generali Italia?,A. Giuseppe Cappellini B. Giuseppe Cappellini C. Giuseppe Cappellini D
qwen-2.5-1.5b,standard,0,P286:Q745246:Q5888276->Q83712@2022-01-01,P286,Q5888276,Guillermo Almada,Q83712,Pedro Caixinha,Who is the head coach of Santos Laguna?,The head coach of Santos Laguna is Carlos Valdés.
qwen-2.5-1.5b,date_prefix,0,P286:Q745246:Q5888276->Q83712@2022-01-01,P286,Q5888276,Guillermo Almada,Q83712,Pedro Caixinha,In 2022: Who is the head coach of Santos Laguna?,"In 2022, the head coach of Santos Laguna is Carlos Valdés."
qwen-2.5-1.5b,instruction,0,P286:Q745246:Q5888276->Q83712@2022-01-01,P286,Q5888276,Guillermo Almada,Q83712,Pedro Caixinha,"Answer with the current, most up-to-date fact. Who is the head coach of Santos Laguna?",The head coach of Santos Laguna is Jorge Humberto Rodríguez.
qwen-2.5-1.5b,tas,0,P286:Q745246:Q5888276->Q83712@2022-01-01,P286,Q5888276,Guillermo Almada,Q83712,Pedro Caixinha,Who is the head coach of Santos Laguna?,The head coach of Santos Laguna is Carlos Valdés.
qwen-2.5-1.5b,iti,0,P286:Q745246:Q5888276->Q83712@2022-01-01,P286,Q5888276,Guillermo Almada,Q83712,Pedro Caixinha,Who is the head coach of Santos Laguna?,The head coach of Santos Laguna is Carlos Valdés.
qwen-2.5-1.5b,standard,0,P286:Q144808:Q655863->Q9140359@2024-01-01,P286,Q655863,Tuomas Sammelvuo,Q9140359,Adam Swaczyna,Who is the head coach of ZAKSA Kędzierzyn-Koźle?,The head coach of ZAKSA Kędzierzyn-Koźle is Jerzy Kowalski.
qwen-2.5-1.5b,date_prefix,0,P286:Q144808:Q655863->Q9140359@2024-01-01,P286,Q655863,Tuomas Sammelvuo,Q9140359,Adam Swaczyna,In 2024: Who is the head coach of ZAKSA Kędzierzyn-Koźle?,2024: Who is the head coach of ZAKSA Kędzierzyn-Koźle?
qwen-2.5-1.5b,instruction,0,P286:Q144808:Q655863->Q9140359@2024-01-01,P286,Q655863,Tuomas Sammelvuo,Q9140359,Adam Swaczyna,"Answer with the current, most up-to-date fact. Who is the head coach of ZAKSA Kędzierzyn-Koźle?",The head coach of ZAKSA Kędzierzyn-Koźle is Jerzy Kowalski.
qwen-2.5-1.5b,tas,0,P286:Q144808:Q655863->Q9140359@2024-01-01,P286,Q655863,Tuomas Sammelvuo,Q9140359,Adam Swaczyna,Who is the head coach of ZAKSA Kędzierzyn-Koźle?,Answer the above question based on the context below:  ZAKSA Kędzierzyn-Koźle is
qwen-2.5-1.5b,iti,0,P286:Q144808:Q655863->Q9140359@2024-01-01,P286,Q655863,Tuomas Sammelvuo,Q9140359,Adam Swaczyna,Who is the head coach of ZAKSA Kędzierzyn-Koźle?,ZAKSA Kędzierzyn-Koźle is a Polish football club based in Kędzierzyn-K
qwen-2.5-1.5b,standard,0,P286:Q348902:Q4320324->Q7087842@2022-06-05,P286,Q4320324,Paul Zammit,Q7087842,Oliver Spiteri,Who is the head coach of Balzan F.C.?,The head coach of Balzan F.C. is Francesco De Vita.
qwen-2.5-1.5b,date_prefix,0,P286:Q348902:Q4320324->Q7087842@2022-06-05,P286,Q4320324,Paul Zammit,Q7087842,Oliver Spiteri,In 2022: Who is the head coach of Balzan F.C.?,2022-01-10T14:00:00Z https://www.
qwen-2.5-1.5b,instruction,0,P286:Q348902:Q4320324->Q7087842@2022-06-05,P286,Q4320324,Paul Zammit,Q7087842,Oliver Spiteri,"Answer with the current, most up-to-date fact. Who is the head coach of Balzan F.C.?",Balzan F.C. is a football club based in Malta. The current head coach of Balzan F.C. is Francesco
qwen-2.5-1.5b,tas,0,P286:Q348902:Q4320324->Q7087842@2022-06-05,P286,Q4320324,Paul Zammit,Q7087842,Oliver Spiteri,Who is the head coach of Balzan F.C.?,Answer the above question based on the context below:  Balzan F.C. is a Maltese football club based
qwen-2.5-1.5b,iti,0,P286:Q348902:Q4320324->Q7087842@2022-06-05,P286,Q4320324,Paul Zammit,Q7087842,Oliver Spiteri,Who is the head coach of Balzan F.C.?,Balzan F.C. is a football club based in Malta. As of my last update in October 2023
qwen-2.5-1.5b,standard,0,P488:Q1684235:Q28101288->Q3127979@2017-01-01,P488,Q28101288,Marco Teubner,Q3127979,Hartmut Kommerell,Who is the chairperson of Game Designers Association?,"The chairperson of the Game Designers Association is not a specific individual, as the organization is a non-profit association that does"
qwen-2.5-1.5b,date_prefix,0,P488:Q1684235:Q28101288->Q3127979@2017-01-01,P488,Q28101288,Marco Teubner,Q3127979,Hartmut Kommerell,In 2017: Who is the chairperson of Game Designers Association?,The Game Designers Association (GDA) is a professional association for game designers in the United States. The current chairperson
qwen-2.5-1.5b,instruction,0,P488:Q1684235:Q28101288->Q3127979@2017-01-01,P488,Q28101288,Marco Teubner,Q3127979,Hartmut Kommerell,"Answer with the current, most up-to-date fact. Who is the chairperson of Game Designers Association?","The chairperson of the Game Designers Association is not a specific individual, as the organization is a group of game designers who"
qwen-2.5-1.5b,tas,0,P488:Q1684235:Q28101288->Q3127979@2017-01-01,P488,Q28101288,Marco Teubner,Q3127979,Hartmut Kommerell,Who is the chairperson of Game Designers Association?,A: John H. G. B. B: John H. G. B. C: John H. G.
qwen-2.5-1.5b,iti,0,P488:Q1684235:Q28101288->Q3127979@2017-01-01,P488,Q28101288,Marco Teubner,Q3127979,Hartmut Kommerell,Who is the chairperson of Game Designers Association?,"The chairperson of the Game Designers Association is not a specific individual, as the organization is a non-profit association that does"
qwen-2.5-1.5b,standard,0,P488:Q9630:Q291169->Q6383803@2020-04-04,P488,Q291169,Jeremy Corbyn,Q6383803,Keir Starmer,Who is the chairperson of Labour Party?,The chairperson of the Labour Party is Keir Starmer. He is the leader of the Labour Party in the United Kingdom
qwen-2.5-1.5b,date_prefix,0,P488:Q9630:Q291169->Q6383803@2020-04-04,P488,Q291169,Jeremy Corbyn,Q6383803,Keir Starmer,In 2020: Who is the chairperson of Labour Party?,A. Jeremy Corbyn B. Nicola Sturgeon C. Boris Johnson D. Theresa May
qwen-2.5-1.5b,instruction,0,P488:Q9630:Q291169->Q6383803@2020-04-04,P488,Q291169,Jeremy Corbyn,Q6383803,Keir Starmer,"Answer with the current, most up-to-date fact. Who is the chairperson of Labour Party?",Jeremy Corbyn
qwen-2.5-1.5b,tas,0,P488:Q9630:Q291169->Q6383803@2020-04-04,P488,Q291169,Jeremy Corbyn,Q6383803,Keir Starmer,Who is the chairperson of Labour Party?,A. Jeremy Corbyn B. Ed Miliband C. Nick Clegg D. Nick Clegg
qwen-2.5-1.5b,iti,0,P488:Q9630:Q291169->Q6383803@2020-04-04,P488,Q291169,Jeremy Corbyn,Q6383803,Keir Starmer,Who is the chairperson of Labour Party?,The chairperson of the Labour Party is Keir Starmer. He is the leader of the Labour Party in the United Kingdom
qwen-2.5-1.5b,standard,0,P488:Q1604553:Q1453335->Q73349@2018-01-01,P488,Q1453335,Ulrike Mascher,Q73349,Verena Bentele,Who is the chairperson of Social Association VdK Germany?,A. Dr. Peter Schäfer B. Dr. Peter Schäfer C. Dr. Peter Schäfer D
qwen-2.5-1.5b,date_prefix,0,P488:Q1604553:Q1453335->Q73349@2018-01-01,P488,Q1453335,Ulrike Mascher,Q73349,Verena Bentele,In 2018: Who is the chairperson of Social Association VdK Germany?,(German)
qwen-2.5-1.5b,instruction,0,P488:Q1604553:Q1453335->Q73349@2018-01-01,P488,Q1453335,Ulrike Mascher,Q73349,Verena Bentele,"Answer with the current, most up-to-date fact. Who is the chairperson of Social Association VdK Germany?",The chairperson of Social Association VdK Germany is Dr. Michael Schäfer.
qwen-2.5-1.5b,tas,0,P488:Q1604553:Q1453335->Q73349@2018-01-01,P488,Q1453335,Ulrike Mascher,Q73349,Verena Bentele,Who is the chairperson of Social Association VdK Germany?,A. Dr. Peter Schäfer B. Dr. Peter Schäfer C. Dr. Peter Schäfer D
qwen-2.5-1.5b,iti,0,P488:Q1604553:Q1453335->Q73349@2018-01-01,P488,Q1453335,Ulrike Mascher,Q73349,Verena Bentele,Who is the chairperson of Social Association VdK Germany?,A. Dr. Peter Schäfer B. Dr. Peter Schäfer C. Dr. Peter Schäfer D
qwen-2.5-1.5b,standard,0,P488:Q16319503:Q93236423->Q55154407@2015-01-01,P488,Q93236423,Craig Kallendorf,Q55154407,Ingrid De Smet,Who is the chairperson of International Association for Neo-Latin Studies?,A. Professor of the University of Toronto B. Professor of the University of Toronto C. Professor of the University of Toronto D
qwen-2.5-1.5b,date_prefix,0,P488:Q16319503:Q93236423->Q55154407@2015-01-01,P488,Q93236423,Craig Kallendorf,Q55154407,Ingrid De Smet,In 2015: Who is the chairperson of International Association for Neo-Latin Studies?,"(Please answer with the full name of the person, not the title)"
qwen-2.5-1.5b,instruction,0,P488:Q16319503:Q93236423->Q55154407@2015-01-01,P488,Q93236423,Craig Kallendorf,Q55154407,Ingrid De Smet,"Answer with the current, most up-to-date fact. Who is the chairperson of International Association for Neo-Latin Studies?",The chairperson of International Association for Neo-Latin Studies is Dr. Maria Cristina Pugliese. She is a professor
qwen-2.5-1.5b,tas,0,P488:Q16319503:Q93236423->Q55154407@2015-01-01,P488,Q93236423,Craig Kallendorf,Q55154407,Ingrid De Smet,Who is the chairperson of International Association for Neo-Latin Studies?,A. Professor of the University of Toronto B. Professor of the University of Toronto C. Professor of the University of Toronto D
qwen-2.5-1.5b,iti,0,P488:Q16319503:Q93236423->Q55154407@2015-01-01,P488,Q93236423,Craig Kallendorf,Q55154407,Ingrid De Smet,Who is the chairperson of International Association for Neo-Latin Studies?,A. Professor of the University of Toronto B. Professor of the University of Toronto C. Professor of the University of Toronto D
qwen-2.5-1.5b,standard,0,P488:Q67510343:Q33127108->Q67510446@2017-01-01,P488,Q33127108,Jean-Louis Boursin,Q67510446,Jean Sarrazin,Who is the chairperson of Fondation Robert de Sorbon?,Fondation Robert de Sorbon is a French foundation that was established in 1999. The chairperson of Fond
qwen-2.5-1.5b,date_prefix,0,P488:Q67510343:Q33127108->Q67510446@2017-01-01,P488,Q33127108,Jean-Louis Boursin,Q67510446,Jean Sarrazin,In 2017: Who is the chairperson of Fondation Robert de Sorbon?,The answer to this question is:
qwen-2.5-1.5b,instruction,0,P488:Q67510343:Q33127108->Q67510446@2017-01-01,P488,Q33127108,Jean-Louis Boursin,Q67510446,Jean Sarrazin,"Answer with the current, most up-to-date fact. Who is the chairperson of Fondation Robert de Sorbon?","The current, most up-to-date fact is that the chairperson of Fondation Robert de Sorbon is Jean-Pierre Che"
qwen-2.5-1.5b,tas,0,P488:Q67510343:Q33127108->Q67510446@2017-01-01,P488,Q33127108,Jean-Louis Boursin,Q67510446,Jean Sarrazin,Who is the chairperson of Fondation Robert de Sorbon?,Answer the above question based on the context below:  The foundation was founded in 1968 by the French
qwen-2.5-1.5b,iti,0,P488:Q67510343:Q33127108->Q67510446@2017-01-01,P488,Q33127108,Jean-Louis Boursin,Q67510446,Jean Sarrazin,Who is the chairperson of Fondation Robert de Sorbon?,A. Jean-Pierre Chevèzeau B. Jean-Pierre Chevèzeau C. Jean-Pierre
qwen-2.5-1.5b,standard,0,P488:Q2994429:Q92622397->Q18480792@2011-01-01,P488,Q92622397,Carlos Aragão,Q18480792,Glaucius Oliva,Who is the chairperson of National Council for Scientific and Technological Development?,A. President of the Republic of China B. Premier of the State Council C. Chairman of the Central Military Commission D.
qwen-2.5-1.5b,date_prefix,0,P488:Q2994429:Q92622397->Q18480792@2011-01-01,P488,Q92622397,Carlos Aragão,Q18480792,Glaucius Oliva,In 2011: Who is the chairperson of National Council for Scientific and Technological Development?,2011: Who is the chairperson of National Council for Scientific and Technological Development? 201
qwen-2.5-1.5b,instruction,0,P488:Q2994429:Q92622397->Q18480792@2011-01-01,P488,Q92622397,Carlos Aragão,Q18480792,Glaucius Oliva,"Answer with the current, most up-to-date fact. Who is the chairperson of National Council for Scientific and Technological Development?",The chairperson of the National Council for Scientific and Technological Development is Dr. Ravi Shankar Prasad.
qwen-2.5-1.5b,tas,0,P488:Q2994429:Q92622397->Q18480792@2011-01-01,P488,Q92622397,Carlos Aragão,Q18480792,Glaucius Oliva,Who is the chairperson of National Council for Scientific and Technological Development?,A. President of the Republic of China B. Premier of the State Council C. Chairman of the Central Military Commission D.
qwen-2.5-1.5b,iti,0,P488:Q2994429:Q92622397->Q18480792@2011-01-01,P488,Q92622397,Carlos Aragão,Q18480792,Glaucius Oliva,Who is the chairperson of National Council for Scientific and Technological Development?,A. President of the Republic of China B. Premier of the State Council C. Chairman of the Central Military Commission D.
qwen-2.5-1.5b,standard,0,P488:Q3963390:Q114429291->Q56428129@2016-01-01,P488,Q114429291,Nicola Torelli,Q56428129,Monica Pratesi,Who is the chairperson of Italian Statistical Society?,- Quora\nWho is the chairperson of Italian Statistical Society?\nAd by The Penny Hoarder\nShould you
qwen-2.5-1.5b,date_prefix,0,P488:Q3963390:Q114429291->Q56428129@2016-01-01,P488,Q114429291,Nicola Torelli,Q56428129,Monica Pratesi,In 2016: Who is the chairperson of Italian Statistical Society?,Who is the chairperson of Italian Statistical Society? I am looking for the name of the chairperson of the Italian Statistical Society
qwen-2.5-1.5b,instruction,0,P488:Q3963390:Q114429291->Q56428129@2016-01-01,P488,Q114429291,Nicola Torelli,Q56428129,Monica Pratesi,"Answer with the current, most up-to-date fact. Who is the chairperson of Italian Statistical Society?",The chairperson of the Italian Statistical Society is Stefano M. Iacus.
qwen-2.5-1.5b,tas,0,P488:Q3963390:Q114429291->Q56428129@2016-01-01,P488,Q114429291,Nicola Torelli,Q56428129,Monica Pratesi,Who is the chairperson of Italian Statistical Society?,- Quora\nWho is the chairperson of Italian Statistical Society?\nAd by The Penny Hoarder\nShould you
qwen-2.5-1.5b,iti,0,P488:Q3963390:Q114429291->Q56428129@2016-01-01,P488,Q114429291,Nicola Torelli,Q56428129,Monica Pratesi,Who is the chairperson of Italian Statistical Society?,- Quora\nWho is the chairperson of Italian Statistical Society?\nAd by The Penny Hoarder\nShould you
qwen-2.5-1.5b,standard,0,P488:Q209151:Q1937560->Q272924@2015-07-30,P488,Q1937560,Mogens Lykketoft,Q272924,Pia Kjærsgaard,Who is the chairperson of Folketing?,The chairperson of the Folketing is the leader of the largest political party in the chamber. The current chairperson of the
qwen-2.5-1.5b,date_prefix,0,P488:Q209151:Q1937560->Q272924@2015-07-30,P488,Q1937560,Mogens Lykketoft,Q272924,Pia Kjærsgaard,In 2015: Who is the chairperson of Folketing?,"(If the question is unanswerable, say ""unanswerable"")"
qwen-2.5-1.5b,instruction,0,P488:Q209151:Q1937560->Q272924@2015-07-30,P488,Q1937560,Mogens Lykketoft,Q272924,Pia Kjærsgaard,"Answer with the current, most up-to-date fact. Who is the chairperson of Folketing?","The current, most up-to-date fact is that the chairperson of the Folketing, the Danish parliament, is Lars L"
qwen-2.5-1.5b,tas,0,P488:Q209151:Q1937560->Q272924@2015-07-30,P488,Q1937560,Mogens Lykketoft,Q272924,Pia Kjærsgaard,Who is the chairperson of Folketing?,A. Prime Minister B. President C. Speaker D. Minister
qwen-2.5-1.5b,iti,0,P488:Q209151:Q1937560->Q272924@2015-07-30,P488,Q1937560,Mogens Lykketoft,Q272924,Pia Kjærsgaard,Who is the chairperson of Folketing?,Folketing is the name of the parliament of Denmark. The chairperson of the Folketing is the Speaker of the Folketing
qwen-2.5-1.5b,standard,0,P488:Q498930:Q11462272->Q111385168@2014-01-01,P488,Q11462272,Akio Koike,Q111385168,Yukio Suda,Who is the chairperson of Hokkaido Railway Company?,Hokkaido Railway Company (JR Hokkaido) is a Japanese railway company that operates in Hokkaido
qwen-2.5-1.5b,date_prefix,0,P488:Q498930:Q11462272->Q111385168@2014-01-01,P488,Q11462272,Akio Koike,Q111385168,Yukio Suda,In 2014: Who is the chairperson of Hokkaido Railway Company?,2014年，日本北海道旅客铁道公司（北海道旅客铁道）的董事长是？
qwen-2.5-1.5b,instruction,0,P488:Q498930:Q11462272->Q111385168@2014-01-01,P488,Q11462272,Akio Koike,Q111385168,Yukio Suda,"Answer with the current, most up-to-date fact. Who is the chairperson of Hokkaido Railway Company?",The current chairperson of Hokkaido Railway Company is Toshiyuki Kato.
qwen-2.5-1.5b,tas,0,P488:Q498930:Q11462272->Q111385168@2014-01-01,P488,Q11462272,Akio Koike,Q111385168,Yukio Suda,Who is the chairperson of Hokkaido Railway Company?,A. Chairman B. General Manager C. President D. Chief Executive Officer
qwen-2.5-1.5b,iti,0,P488:Q498930:Q11462272->Q111385168@2014-01-01,P488,Q11462272,Akio Koike,Q111385168,Yukio Suda,Who is the chairperson of Hokkaido Railway Company?,A. Chairman B. General Manager C. President D. Chief Executive Officer
qwen-2.5-1.5b,standard,0,P488:Q82558:Q63759289->Q106339676@2019-09-14,P488,Q63759289,Silvia Barquero Nogales,Q106339676,Laura Duarte Domínguez,Who is the chairperson of Animalist Party with the Environment?,Answer the above question based on the context below:  The Animalist Party with the Environment (Spanish: Partido Animal
qwen-2.5-1.5b,date_prefix,0,P488:Q82558:Q63759289->Q106339676@2019-09-14,P488,Q63759289,Silvia Barquero Nogales,Q106339676,Laura Duarte Domínguez,In 2019: Who is the chairperson of Animalist Party with the Environment?,2019: Who is the chairperson of Animalist Party with the Environment?
qwen-2.5-1.5b,instruction,0,P488:Q82558:Q63759289->Q106339676@2019-09-14,P488,Q63759289,Silvia Barquero Nogales,Q106339676,Laura Duarte Domínguez,"Answer with the current, most up-to-date fact. Who is the chairperson of Animalist Party with the Environment?",The chairperson of the Animalist Party with the Environment is a member of the party who is responsible for leading the party's
qwen-2.5-1.5b,tas,0,P488:Q82558:Q63759289->Q106339676@2019-09-14,P488,Q63759289,Silvia Barquero Nogales,Q106339676,Laura Duarte Domínguez,Who is the chairperson of Animalist Party with the Environment?,Answer the above question based on the context below:  The Animalist Party with the Environment (Spanish: Partido Animal
qwen-2.5-1.5b,iti,0,P488:Q82558:Q63759289->Q106339676@2019-09-14,P488,Q63759289,Silvia Barquero Nogales,Q106339676,Laura Duarte Domínguez,Who is the chairperson of Animalist Party with the Environment?,A: Sajid Javid B: Michael Gove C: Michael Gove D: Boris Johnson
qwen-2.5-1.5b,standard,0,P488:Q6373:Q7327231->Q332493@2021-10-04,P488,Q7327231,Richard Lambert,Q332493,George Osborne,Who is the chairperson of British Museum?,"The British Museum is a public museum in London, England, that houses a vast collection of artifacts from around the world. The"
qwen-2.5-1.5b,date_prefix,0,P488:Q6373:Q7327231->Q332493@2021-10-04,P488,Q7327231,Richard Lambert,Q332493,George Osborne,In 2021: Who is the chairperson of British Museum?,The chairperson of the British Museum is Neil MacGregor. He has been the director of the British Museum since 2
qwen-2.5-1.5b,instruction,0,P488:Q6373:Q7327231->Q332493@2021-10-04,P488,Q7327231,Richard Lambert,Q332493,George Osborne,"Answer with the current, most up-to-date fact. Who is the chairperson of British Museum?",Sir Nicholas Soames
qwen-2.5-1.5b,tas,0,P488:Q6373:Q7327231->Q332493@2021-10-04,P488,Q7327231,Richard Lambert,Q332493,George Osborne,Who is the chairperson of British Museum?,A. Sir Nicholas Soames B. Sir Nicholas Soames C. Sir Nicholas Soames D. Sir Nicholas Soames
qwen-2.5-1.5b,iti,0,P488:Q6373:Q7327231->Q332493@2021-10-04,P488,Q7327231,Richard Lambert,Q332493,George Osborne,Who is the chairperson of British Museum?,A. Sir Nicholas Soames B. Sir Nicholas Soames C. Sir Nicholas Soames D. Sir Nicholas Soames
qwen-2.5-1.5b,standard,0,P488:Q239333:Q17291404->Q41732267@2017-05-20,P488,Q17291404,Henry Keizer,Q41732267,Eric Wetzels,Who is the chairperson of People's Party for Freedom and Democracy?,A. A. A. A. A. A. A. A. A. A. A. A. A
qwen-2.5-1.5b,date_prefix,0,P488:Q239333:Q17291404->Q41732267@2017-05-20,P488,Q17291404,Henry Keizer,Q41732267,Eric Wetzels,In 2017: Who is the chairperson of People's Party for Freedom and Democracy?,A. A. A. A. A. A. A. A. A. A. A. A. A
qwen-2.5-1.5b,instruction,0,P488:Q239333:Q17291404->Q41732267@2017-05-20,P488,Q17291404,Henry Keizer,Q41732267,Eric Wetzels,"Answer with the current, most up-to-date fact. Who is the chairperson of People's Party for Freedom and Democracy?","The current, most up-to-date fact is that the chairperson of People's Party for Freedom and Democracy is Mehmet Ali"
qwen-2.5-1.5b,tas,0,P488:Q239333:Q17291404->Q41732267@2017-05-20,P488,Q17291404,Henry Keizer,Q41732267,Eric Wetzels,Who is the chairperson of People's Party for Freedom and Democracy?,A. A. A. A. A. A. A. A. A. A. A. A. A
qwen-2.5-1.5b,iti,0,P488:Q239333:Q17291404->Q41732267@2017-05-20,P488,Q17291404,Henry Keizer,Q41732267,Eric Wetzels,Who is the chairperson of People's Party for Freedom and Democracy?,A: Saeed Jalili B: Mohammad Reza Rahimi C: Mohammad Reza Rahimi D: Mohammad Re
qwen-2.5-1.5b,standard,0,P488:Q1091495:Q58902699->Q3790254@2021-08-01,P488,Q58902699,Mohammad Eslami,Q3790254,Rostam Qasemi,Who is the chairperson of Ministry of Roads and Urban Development?,A. Minister of Transportation B. Minister of Housing and Urban-Rural Development C. Minister of Land and Resources D. Minister
qwen-2.5-1.5b,date_prefix,0,P488:Q1091495:Q58902699->Q3790254@2021-08-01,P488,Q58902699,Mohammad Eslami,Q3790254,Rostam Qasemi,In 2021: Who is the chairperson of Ministry of Roads and Urban Development?,A. Wang B. B. Wang C. C. Wang D. D. Wang
qwen-2.5-1.5b,instruction,0,P488:Q1091495:Q58902699->Q3790254@2021-08-01,P488,Q58902699,Mohammad Eslami,Q3790254,Rostam Qasemi,"Answer with the current, most up-to-date fact. Who is the chairperson of Ministry of Roads and Urban Development?","The current, most up-to-date fact is that the chairperson of the Ministry of Roads and Urban Development is Mr. S"
qwen-2.5-1.5b,tas,0,P488:Q1091495:Q58902699->Q3790254@2021-08-01,P488,Q58902699,Mohammad Eslami,Q3790254,Rostam Qasemi,Who is the chairperson of Ministry of Roads and Urban Development?,A. Minister of Transportation B. Minister of Housing and Urban-Rural Development C. Minister of Land and Resources D. Minister
qwen-2.5-1.5b,iti,0,P488:Q1091495:Q58902699->Q3790254@2021-08-01,P488,Q58902699,Mohammad Eslami,Q3790254,Rostam Qasemi,Who is the chairperson of Ministry of Roads and Urban Development?,A. Minister of Transportation B. Minister of Housing and Urban-Rural Development C. Minister of Land and Resources D. Minister
qwen-2.5-1.5b,standard,1,P6:Q794:Q348144->Q5947347@2021-08-03,P6,Q348144,Hassan Rouhani,Q5947347,Ebrahim Raisi,Who is the head of government of Iran?,The head of government of Iran is the President of Iran.
qwen-2.5-1.5b,tas,1,P6:Q794:Q348144->Q5947347@2021-08-03,P6,Q348144,Hassan Rouhani,Q5947347,Ebrahim Raisi,Who is the head of government of Iran?,A: Mohammad Reza Pahlavi B: Mohammad Reza Pahlavi C: Mohammad Reza Pahlavi D
qwen-2.5-1.5b,iti,1,P6:Q794:Q348144->Q5947347@2021-08-03,P6,Q348144,Hassan Rouhani,Q5947347,Ebrahim Raisi,Who is the head of government of Iran?,The head of government of Iran is the President of Iran.
qwen-2.5-1.5b,standard,1,P6:Q16:Q206->Q3099714@2015-11-04,P6,Q206,Stephen Harper,Q3099714,Justin Trudeau,Who is the head of government of Canada?,"The head of government of Canada is the Prime Minister of Canada. The Prime Minister is appointed by the Governor General of Canada,"
qwen-2.5-1.5b,tas,1,P6:Q16:Q206->Q3099714@2015-11-04,P6,Q206,Stephen Harper,Q3099714,Justin Trudeau,Who is the head of government of Canada?,A: Prime Minister B: President C: Governor General D: Minister of Defence
qwen-2.5-1.5b,iti,1,P6:Q16:Q206->Q3099714@2015-11-04,P6,Q206,Stephen Harper,Q3099714,Justin Trudeau,Who is the head of government of Canada?,"The head of government of Canada is the Prime Minister of Canada. The Prime Minister is appointed by the Governor General of Canada,"
qwen-2.5-1.5b,standard,1,P6:Q980:Q44612->Q50664@2018-03-15,P6,Q44612,Horst Seehofer,Q50664,Markus Söder,Who is the head of government of Bavaria?,The head of government of Bavaria is the Minister President of Bavaria. The current Minister President is Markus Söder.
qwen-2.5-1.5b,tas,1,P6:Q980:Q44612->Q50664@2018-03-15,P6,Q44612,Horst Seehofer,Q50664,Markus Söder,Who is the head of government of Bavaria?,Norbert Lammert
qwen-2.5-1.5b,iti,1,P6:Q980:Q44612->Q50664@2018-03-15,P6,Q44612,Horst Seehofer,Q50664,Markus Söder,Who is the head of government of Bavaria?,The head of government of Bavaria is the Minister President of Bavaria. The current Minister President is Markus Söder.
qwen-2.5-1.5b,standard,1,P6:Q778:Q317664->Q57705@2012-05-08,P6,Q317664,Hubert Ingraham,Q57705,Perry Christie,Who is the head of government of The Bahamas?,"The head of government of The Bahamas is the Prime Minister. The Prime Minister is appointed by the Governor-General, who is the"
qwen-2.5-1.5b,tas,1,P6:Q778:Q317664->Q57705@2012-05-08,P6,Q317664,Hubert Ingraham,Q57705,Perry Christie,Who is the head of government of The Bahamas?,Yvonne C.  Smith
qwen-2.5-1.5b,iti,1,P6:Q778:Q317664->Q57705@2012-05-08,P6,Q317664,Hubert Ingraham,Q57705,Perry Christie,Who is the head of government of The Bahamas?,"The head of government of The Bahamas is the Prime Minister. The Prime Minister is appointed by the Governor-General, who is the"
qwen-2.5-1.5b,standard,1,P6:Q778:Q57705->Q16732648@2017-05-11,P6,Q57705,Perry Christie,Q16732648,Hubert Minnis,Who is the head of government of The Bahamas?,"The head of government of The Bahamas is the Prime Minister. The Prime Minister is appointed by the Governor-General, who is the"
qwen-2.5-1.5b,tas,1,P6:Q778:Q57705->Q16732648@2017-05-11,P6,Q57705,Perry Christie,Q16732648,Hubert Minnis,Who is the head of government of The Bahamas?,Yvonne C.  Smith
qwen-2.5-1.5b,iti,1,P6:Q778:Q57705->Q16732648@2017-05-11,P6,Q57705,Perry Christie,Q16732648,Hubert Minnis,Who is the head of government of The Bahamas?,"The head of government of The Bahamas is the Prime Minister. The Prime Minister is appointed by the Governor-General, who is the"
qwen-2.5-1.5b,standard,1,P6:Q778:Q16732648->Q7183082@2021-09-17,P6,Q16732648,Hubert Minnis,Q7183082,"Philip ""Brave"" Davis",Who is the head of government of The Bahamas?,"The head of government of The Bahamas is the Prime Minister. The Prime Minister is appointed by the Governor-General, who is the"
qwen-2.5-1.5b,tas,1,P6:Q778:Q16732648->Q7183082@2021-09-17,P6,Q16732648,Hubert Minnis,Q7183082,"Philip ""Brave"" Davis",Who is the head of government of The Bahamas?,Yvonne C.  Smith
qwen-2.5-1.5b,iti,1,P6:Q778:Q16732648->Q7183082@2021-09-17,P6,Q16732648,Hubert Minnis,Q7183082,"Philip ""Brave"" Davis",Who is the head of government of The Bahamas?,"The head of government of The Bahamas is the Prime Minister. The Prime Minister is appointed by the Governor-General, who is the"
qwen-2.5-1.5b,standard,1,P6:Q1770:Q16403144->Q4250802@2019-04-04,P6,Q16403144,Taavi Aas,Q4250802,Mihhail Kõlvart,Who is the head of government of Tallinn?,The head of government of Tallinn is the Mayor of Tallinn. The current Mayor of Tallinn is Kaja Kallas
qwen-2.5-1.5b,tas,1,P6:Q1770:Q16403144->Q4250802@2019-04-04,P6,Q16403144,Taavi Aas,Q4250802,Mihhail Kõlvart,Who is the head of government of Tallinn?,Answer the above question based on the context below:  The Estonian Parliament is the unicameral legislature of Estonia.
qwen-2.5-1.5b,iti,1,P6:Q1770:Q16403144->Q4250802@2019-04-04,P6,Q16403144,Taavi Aas,Q4250802,Mihhail Kõlvart,Who is the head of government of Tallinn?,The head of government of Tallinn is the Mayor of Tallinn. The current Mayor of Tallinn is Kaja Kallas
qwen-2.5-1.5b,standard,1,P6:Q236:Q200305->Q57746@2010-12-29,P6,Q200305,Milo Đukanović,Q57746,Igor Lukšić,Who is the head of government of Montenegro?,Montenegro's head of government is the Prime Minister.
qwen-2.5-1.5b,tas,1,P6:Q236:Q200305->Q57746@2010-12-29,P6,Q200305,Milo Đukanović,Q57746,Igor Lukšić,Who is the head of government of Montenegro?,Zeljko Ajdac
qwen-2.5-1.5b,iti,1,P6:Q236:Q200305->Q57746@2010-12-29,P6,Q200305,Milo Đukanović,Q57746,Igor Lukšić,Who is the head of government of Montenegro?,Miroslav Ljotić
qwen-2.5-1.5b,standard,1,P6:Q236:Q57746->Q200305@2012-12-04,P6,Q57746,Igor Lukšić,Q200305,Milo Đukanović,Who is the head of government of Montenegro?,Montenegro's head of government is the Prime Minister.
qwen-2.5-1.5b,tas,1,P6:Q236:Q57746->Q200305@2012-12-04,P6,Q57746,Igor Lukšić,Q200305,Milo Đukanović,Who is the head of government of Montenegro?,Zeljko Ajdac
qwen-2.5-1.5b,iti,1,P6:Q236:Q57746->Q200305@2012-12-04,P6,Q57746,Igor Lukšić,Q200305,Milo Đukanović,Who is the head of government of Montenegro?,Miroslav Ljotić
qwen-2.5-1.5b,standard,1,P6:Q236:Q200305->Q27941657@2016-11-28,P6,Q200305,Milo Đukanović,Q27941657,Duško Marković,Who is the head of government of Montenegro?,Montenegro's head of government is the Prime Minister.
qwen-2.5-1.5b,tas,1,P6:Q236:Q200305->Q27941657@2016-11-28,P6,Q200305,Milo Đukanović,Q27941657,Duško Marković,Who is the head of government of Montenegro?,Zeljko Ajdac
qwen-2.5-1.5b,iti,1,P6:Q236:Q200305->Q27941657@2016-11-28,P6,Q200305,Milo Đukanović,Q27941657,Duško Marković,Who is the head of government of Montenegro?,Miroslav Ljotić
qwen-2.5-1.5b,standard,1,P6:Q236:Q27941657->Q97999161@2020-12-04,P6,Q27941657,Duško Marković,Q97999161,Zdravko Krivokapić,Who is the head of government of Montenegro?,Montenegro's head of government is the Prime Minister.
qwen-2.5-1.5b,tas,1,P6:Q236:Q27941657->Q97999161@2020-12-04,P6,Q27941657,Duško Marković,Q97999161,Zdravko Krivokapić,Who is the head of government of Montenegro?,Zeljko Ajdac
qwen-2.5-1.5b,iti,1,P6:Q236:Q27941657->Q97999161@2020-12-04,P6,Q27941657,Duško Marković,Q97999161,Zdravko Krivokapić,Who is the head of government of Montenegro?,Miroslav Ljotić
qwen-2.5-1.5b,standard,1,P6:Q45761:Q8294022->Q9010448@2020-11-01,P6,Q8294022,Xu Dazhe,Q9010448,Mao Weiming,Who is the head of government of Hunan?,Hunan is a province in China. The head of government of Hunan is the Governor of Hunan Province.
qwen-2.5-1.5b,tas,1,P6:Q45761:Q8294022->Q9010448@2020-11-01,P6,Q8294022,Xu Dazhe,Q9010448,Mao Weiming,Who is the head of government of Hunan?,Answer the above question based on the context below:  The 2012 Hunan Provincial People's Congress was
qwen-2.5-1.5b,iti,1,P6:Q45761:Q8294022->Q9010448@2020-11-01,P6,Q8294022,Xu Dazhe,Q9010448,Mao Weiming,Who is the head of government of Hunan?,"Answer the above question based on the context below:  The province is divided into 14 prefecture-level cities,"
qwen-2.5-1.5b,standard,1,P6:Q14424:Q871892->Q62084068@2014-10-12,P6,Q871892,Péter Cseresnyés,Q62084068,Sándor Dénes,Who is the head of government of Nagykanizsa?,?
qwen-2.5-1.5b,tas,1,P6:Q14424:Q871892->Q62084068@2014-10-12,P6,Q871892,Péter Cseresnyés,Q62084068,Sándor Dénes,Who is the head of government of Nagykanizsa?,Answer the above question based on the context below:  The city is the seat of the county of Nagykaniz
qwen-2.5-1.5b,iti,1,P6:Q14424:Q871892->Q62084068@2014-10-12,P6,Q871892,Péter Cseresnyés,Q62084068,Sándor Dénes,Who is the head of government of Nagykanizsa?,Gábor Szabó
qwen-2.5-1.5b,standard,1,P6:Q23681:Q332476->Q57886@2010-05-17,P6,Q332476,Derviş Eroğlu,Q57886,İrsen Küçük,Who is the head of government of Northern Cyprus?,"The head of government of Northern Cyprus is the President of the Northern Cyprus Parliament, who is also the Prime Minister of Northern Cyprus"
qwen-2.5-1.5b,tas,1,P6:Q23681:Q332476->Q57886@2010-05-17,P6,Q332476,Derviş Eroğlu,Q57886,İrsen Küçük,Who is the head of government of Northern Cyprus?,Nicosia
qwen-2.5-1.5b,iti,1,P6:Q23681:Q332476->Q57886@2010-05-17,P6,Q332476,Derviş Eroğlu,Q57886,İrsen Küçük,Who is the head of government of Northern Cyprus?,"The head of government of Northern Cyprus is the President of the Northern Cyprus Parliament, who is also the Prime Minister of Northern Cyprus"
qwen-2.5-1.5b,standard,1,P6:Q23681:Q57886->Q14330482@2013-06-13,P6,Q57886,İrsen Küçük,Q14330482,Sibel Siber,Who is the head of government of Northern Cyprus?,"The head of government of Northern Cyprus is the President of the Northern Cyprus Parliament, who is also the Prime Minister of Northern Cyprus"
qwen-2.5-1.5b,tas,1,P6:Q23681:Q57886->Q14330482@2013-06-13,P6,Q57886,İrsen Küçük,Q14330482,Sibel Siber,Who is the head of government of Northern Cyprus?,Nicosia
qwen-2.5-1.5b,iti,1,P6:Q23681:Q57886->Q14330482@2013-06-13,P6,Q57886,İrsen Küçük,Q14330482,Sibel Siber,Who is the head of government of Northern Cyprus?,"The head of government of Northern Cyprus is the President of the Northern Cyprus Parliament, who is also the Prime Minister of Northern Cyprus"
qwen-2.5-1.5b,standard,1,P6:Q23681:Q6065323->Q20669153@2015-07-16,P6,Q6065323,Özkan Yorgancıoğlu,Q20669153,Ömer Kalyoncu,Who is the head of government of Northern Cyprus?,"The head of government of Northern Cyprus is the President of the Northern Cyprus Parliament, who is also the Prime Minister of Northern Cyprus"
qwen-2.5-1.5b,tas,1,P6:Q23681:Q6065323->Q20669153@2015-07-16,P6,Q6065323,Özkan Yorgancıoğlu,Q20669153,Ömer Kalyoncu,Who is the head of government of Northern Cyprus?,Nicosia
qwen-2.5-1.5b,iti,1,P6:Q23681:Q6065323->Q20669153@2015-07-16,P6,Q6065323,Özkan Yorgancıoğlu,Q20669153,Ömer Kalyoncu,Who is the head of government of Northern Cyprus?,"The head of government of Northern Cyprus is the President of the Northern Cyprus Parliament, who is also the Prime Minister of Northern Cyprus"
qwen-2.5-1.5b,standard,1,P6:Q23681:Q20669153->Q58174@2016-04-16,P6,Q20669153,Ömer Kalyoncu,Q58174,Hüseyin Özgürgün,Who is the head of government of Northern Cyprus?,"The head of government of Northern Cyprus is the President of the Northern Cyprus Parliament, who is also the Prime Minister of Northern Cyprus"
qwen-2.5-1.5b,tas,1,P6:Q23681:Q20669153->Q58174@2016-04-16,P6,Q20669153,Ömer Kalyoncu,Q58174,Hüseyin Özgürgün,Who is the head of government of Northern Cyprus?,Nicosia
qwen-2.5-1.5b,iti,1,P6:Q23681:Q20669153->Q58174@2016-04-16,P6,Q20669153,Ömer Kalyoncu,Q58174,Hüseyin Özgürgün,Who is the head of government of Northern Cyprus?,"The head of government of Northern Cyprus is the President of the Northern Cyprus Parliament, who is also the Prime Minister of Northern Cyprus"
qwen-2.5-1.5b,standard,1,P6:Q23681:Q58174->Q47188815@2018-02-02,P6,Q58174,Hüseyin Özgürgün,Q47188815,Tufan Erhürman,Who is the head of government of Northern Cyprus?,"The head of government of Northern Cyprus is the President of the Northern Cyprus Parliament, who is also the Prime Minister of Northern Cyprus"
qwen-2.5-1.5b,tas,1,P6:Q23681:Q58174->Q47188815@2018-02-02,P6,Q58174,Hüseyin Özgürgün,Q47188815,Tufan Erhürman,Who is the head of government of Northern Cyprus?,Nicosia
qwen-2.5-1.5b,iti,1,P6:Q23681:Q58174->Q47188815@2018-02-02,P6,Q58174,Hüseyin Özgürgün,Q47188815,Tufan Erhürman,Who is the head of government of Northern Cyprus?,"The head of government of Northern Cyprus is the President of the Northern Cyprus Parliament, who is also the Prime Minister of Northern Cyprus"
qwen-2.5-1.5b,standard,1,P6:Q23681:Q47188815->Q6057339@2019-05-22,P6,Q47188815,Tufan Erhürman,Q6057339,Ersin Tatar,Who is the head of government of Northern Cyprus?,"The head of government of Northern Cyprus is the President of the Northern Cyprus Parliament, who is also the Prime Minister of Northern Cyprus"
qwen-2.5-1.5b,tas,1,P6:Q23681:Q47188815->Q6057339@2019-05-22,P6,Q47188815,Tufan Erhürman,Q6057339,Ersin Tatar,Who is the head of government of Northern Cyprus?,Nicosia
qwen-2.5-1.5b,iti,1,P6:Q23681:Q47188815->Q6057339@2019-05-22,P6,Q47188815,Tufan Erhürman,Q6057339,Ersin Tatar,Who is the head of government of Northern Cyprus?,"The head of government of Northern Cyprus is the President of the Northern Cyprus Parliament, who is also the Prime Minister of Northern Cyprus"
qwen-2.5-1.5b,standard,1,P6:Q23681:Q6057339->Q28600107@2020-12-09,P6,Q6057339,Ersin Tatar,Q28600107,Ersan Saner,Who is the head of government of Northern Cyprus?,"The head of government of Northern Cyprus is the President of the Northern Cyprus Parliament, who is also the Prime Minister of Northern Cyprus"
qwen-2.5-1.5b,tas,1,P6:Q23681:Q6057339->Q28600107@2020-12-09,P6,Q6057339,Ersin Tatar,Q28600107,Ersan Saner,Who is the head of government of Northern Cyprus?,Nicosia
qwen-2.5-1.5b,iti,1,P6:Q23681:Q6057339->Q28600107@2020-12-09,P6,Q6057339,Ersin Tatar,Q28600107,Ersan Saner,Who is the head of government of Northern Cyprus?,"The head of government of Northern Cyprus is the President of the Northern Cyprus Parliament, who is also the Prime Minister of Northern Cyprus"
qwen-2.5-1.5b,standard,1,P6:Q23681:Q28600107->Q47189019@2021-11-05,P6,Q28600107,Ersan Saner,Q47189019,Faiz Sucuoğlu,Who is the head of government of Northern Cyprus?,"The head of government of Northern Cyprus is the President of the Northern Cyprus Parliament, who is also the Prime Minister of Northern Cyprus"
qwen-2.5-1.5b,tas,1,P6:Q23681:Q28600107->Q47189019@2021-11-05,P6,Q28600107,Ersan Saner,Q47189019,Faiz Sucuoğlu,Who is the head of government of Northern Cyprus?,Nicosia
qwen-2.5-1.5b,iti,1,P6:Q23681:Q28600107->Q47189019@2021-11-05,P6,Q28600107,Ersan Saner,Q47189019,Faiz Sucuoğlu,Who is the head of government of Northern Cyprus?,"The head of government of Northern Cyprus is the President of the Northern Cyprus Parliament, who is also the Prime Minister of Northern Cyprus"
qwen-2.5-1.5b,standard,1,P6:Q203344:Q1468102->Q110780235@2014-01-01,P6,Q1468102,Róbert Zsigó,Q110780235,Róbert Fercsák,Who is the head of government of Baja?,Baja California is a state in Mexico. The head of government is the Governor. The Governor is elected by the people of
qwen-2.5-1.5b,tas,1,P6:Q203344:Q1468102->Q110780235@2014-01-01,P6,Q1468102,Róbert Zsigó,Q110780235,Róbert Fercsák,Who is the head of government of Baja?,A: Baja California
qwen-2.5-1.5b,iti,1,P6:Q203344:Q1468102->Q110780235@2014-01-01,P6,Q1468102,Róbert Zsigó,Q110780235,Róbert Fercsák,Who is the head of government of Baja?,Baja is a state in Mexico. The head of government is the Governor.
qwen-2.5-1.5b,standard,1,P6:Q203344:Q110780235->Q110780008@2019-01-01,P6,Q110780235,Róbert Fercsák,Q110780008,Klára Nyirati,Who is the head of government of Baja?,Baja California is a state in Mexico. The head of government is the Governor. The Governor is elected by the people of
qwen-2.5-1.5b,tas,1,P6:Q203344:Q110780235->Q110780008@2019-01-01,P6,Q110780235,Róbert Fercsák,Q110780008,Klára Nyirati,Who is the head of government of Baja?,A: Baja California
qwen-2.5-1.5b,iti,1,P6:Q203344:Q110780235->Q110780008@2019-01-01,P6,Q110780235,Róbert Fercsák,Q110780008,Klára Nyirati,Who is the head of government of Baja?,Baja is a state in Mexico. The head of government is the Governor.
qwen-2.5-1.5b,standard,1,P6:Q2865:Q828457->Q33262484@2017-07-22,P6,Q828457,Bertram Hilgen,Q33262484,Christian Geselle,Who is the head of government of Kassel?,"Kassel is a city in the state of Hesse, Germany. The head of government of Kassel is the Mayor of"
qwen-2.5-1.5b,tas,1,P6:Q2865:Q828457->Q33262484@2017-07-22,P6,Q828457,Bertram Hilgen,Q33262484,Christian Geselle,Who is the head of government of Kassel?,"Answer the above question based on the context below:  Kassel is a city in the state of Hesse, Germany"
qwen-2.5-1.5b,iti,1,P6:Q2865:Q828457->Q33262484@2017-07-22,P6,Q828457,Bertram Hilgen,Q33262484,Christian Geselle,Who is the head of government of Kassel?,"Kassel is a city in the state of Hesse, Germany. The head of government of Kassel is the Mayor of"
qwen-2.5-1.5b,standard,1,P6:Q1721:Q84611->Q6802911@2013-01-01,P6,Q84611,Helmut Müller,Q6802911,Sven Gerich,Who is the head of government of Wiesbaden?,"Wiesbaden is a city in the state of Hesse, Germany. The head of government of Wiesbaden"
qwen-2.5-1.5b,tas,1,P6:Q1721:Q84611->Q6802911@2013-01-01,P6,Q84611,Helmut Müller,Q6802911,Sven Gerich,Who is the head of government of Wiesbaden?,Answer the above question based on the context below:  Wiesbaden is the seat of government of the state of
qwen-2.5-1.5b,iti,1,P6:Q1721:Q84611->Q6802911@2013-01-01,P6,Q84611,Helmut Müller,Q6802911,Sven Gerich,Who is the head of government of Wiesbaden?,"Wiesbaden is a city in the state of Hesse, Germany. The head of government of Wiesbaden"
qwen-2.5-1.5b,standard,1,P6:Q1721:Q6802911->Q64691933@2019-01-01,P6,Q6802911,Sven Gerich,Q64691933,Gert-Uwe Mende,Who is the head of government of Wiesbaden?,"Wiesbaden is a city in the state of Hesse, Germany. The head of government of Wiesbaden"
qwen-2.5-1.5b,tas,1,P6:Q1721:Q6802911->Q64691933@2019-01-01,P6,Q6802911,Sven Gerich,Q64691933,Gert-Uwe Mende,Who is the head of government of Wiesbaden?,Answer the above question based on the context below:  Wiesbaden is the seat of government of the state of
qwen-2.5-1.5b,iti,1,P6:Q1721:Q6802911->Q64691933@2019-01-01,P6,Q6802911,Sven Gerich,Q64691933,Gert-Uwe Mende,Who is the head of government of Wiesbaden?,"Wiesbaden is a city in the state of Hesse, Germany. The head of government of Wiesbaden"
qwen-2.5-1.5b,standard,1,P6:Q2916:Q893758->Q15855000@2013-01-01,P6,Q893758,Boris Pistorius,Q15855000,Wolfgang Griesert,Who is the head of government of Osnabrück?,The head of government of Osnabrück is the Mayor of Osnabrück. The current Mayor of Osnabr
qwen-2.5-1.5b,tas,1,P6:Q2916:Q893758->Q15855000@2013-01-01,P6,Q893758,Boris Pistorius,Q15855000,Wolfgang Griesert,Who is the head of government of Osnabrück?,Answer the above question based on the context below:  Osnabrück is a federal state of the Federal Republic of
qwen-2.5-1.5b,iti,1,P6:Q2916:Q893758->Q15855000@2013-01-01,P6,Q893758,Boris Pistorius,Q15855000,Wolfgang Griesert,Who is the head of government of Osnabrück?,Osnabrück is a city in the German state of Lower Saxony. The head of government of Osnabrück
qwen-2.5-1.5b,standard,1,P6:Q2916:Q15855000->Q108703393@2021-01-01,P6,Q15855000,Wolfgang Griesert,Q108703393,Katharina Pötter,Who is the head of government of Osnabrück?,The head of government of Osnabrück is the Mayor of Osnabrück. The current Mayor of Osnabr
qwen-2.5-1.5b,tas,1,P6:Q2916:Q15855000->Q108703393@2021-01-01,P6,Q15855000,Wolfgang Griesert,Q108703393,Katharina Pötter,Who is the head of government of Osnabrück?,Answer the above question based on the context below:  Osnabrück is a federal state of the Federal Republic of
qwen-2.5-1.5b,iti,1,P6:Q2916:Q15855000->Q108703393@2021-01-01,P6,Q15855000,Wolfgang Griesert,Q108703393,Katharina Pötter,Who is the head of government of Osnabrück?,Osnabrück is a city in the German state of Lower Saxony. The head of government of Osnabrück
qwen-2.5-1.5b,standard,1,P6:Q3150:Q109029->Q52376077@2018-07-01,P6,Q109029,Albrecht Schröter,Q52376077,Thomas Nitzsche,Who is the head of government of Jena?,The head of government of Jena is the Mayor of Jena.
qwen-2.5-1.5b,tas,1,P6:Q3150:Q109029->Q52376077@2018-07-01,P6,Q109029,Albrecht Schröter,Q52376077,Thomas Nitzsche,Who is the head of government of Jena?,Answer the above question based on the context below:  The city is the seat of the Free State of Thuringia
qwen-2.5-1.5b,iti,1,P6:Q3150:Q109029->Q52376077@2018-07-01,P6,Q109029,Albrecht Schröter,Q52376077,Thomas Nitzsche,Who is the head of government of Jena?,"Jena is a city in Thuringia, Germany. The head of government of Jena is the mayor of the city"
qwen-2.5-1.5b,standard,1,P6:Q181314:Q950958->Q67172379@2014-01-01,P6,Q950958,Charles Michel,Q67172379,Françoise Pigeolet,Who is the head of government of Wavre?,Wavre is a municipality in the Belgian province of Hainaut. The head of government of Wavre is the
qwen-2.5-1.5b,tas,1,P6:Q181314:Q950958->Q67172379@2014-01-01,P6,Q950958,Charles Michel,Q67172379,Françoise Pigeolet,Who is the head of government of Wavre?,Answer the above question based on the context below:  Wavre is a municipality in the province of Antwerp in
qwen-2.5-1.5b,iti,1,P6:Q181314:Q950958->Q67172379@2014-01-01,P6,Q950958,Charles Michel,Q67172379,Françoise Pigeolet,Who is the head of government of Wavre?,Wavre is a municipality in the Belgian province of Hainaut. The head of government of Wavre is the
qwen-2.5-1.5b,standard,1,P6:Q423:Q310875->Q310889@2010-06-07,P6,Q310875,Kim Yong-il,Q310889,Choe Yong-rim,Who is the head of government of North Korea?,The head of government of North Korea is Kim Jong-un. He is the leader of the country and has been in power since
qwen-2.5-1.5b,tas,1,P6:Q423:Q310875->Q310889@2010-06-07,P6,Q310875,Kim Yong-il,Q310889,Choe Yong-rim,Who is the head of government of North Korea?,A. Kim Jong-un B. Kim Jong-il C. Kim Jong-dong D. Kim Jong-chul
qwen-2.5-1.5b,iti,1,P6:Q423:Q310875->Q310889@2010-06-07,P6,Q310875,Kim Yong-il,Q310889,Choe Yong-rim,Who is the head of government of North Korea?,The head of government of North Korea is Kim Jong-un. He is the leader of the country and has been in power since
qwen-2.5-1.5b,standard,1,P6:Q423:Q310889->Q494800@2013-04-01,P6,Q310889,Choe Yong-rim,Q494800,Pak Pong-ju,Who is the head of government of North Korea?,The head of government of North Korea is Kim Jong-un. He is the leader of the country and has been in power since
qwen-2.5-1.5b,tas,1,P6:Q423:Q310889->Q494800@2013-04-01,P6,Q310889,Choe Yong-rim,Q494800,Pak Pong-ju,Who is the head of government of North Korea?,A. Kim Jong-un B. Kim Jong-il C. Kim Jong-dong D. Kim Jong-chul
qwen-2.5-1.5b,iti,1,P6:Q423:Q310889->Q494800@2013-04-01,P6,Q310889,Choe Yong-rim,Q494800,Pak Pong-ju,Who is the head of government of North Korea?,The head of government of North Korea is Kim Jong-un. He is the leader of the country and has been in power since
qwen-2.5-1.5b,standard,1,P6:Q423:Q494800->Q56818689@2019-04-11,P6,Q494800,Pak Pong-ju,Q56818689,Kim Jae-ryong,Who is the head of government of North Korea?,The head of government of North Korea is Kim Jong-un. He is the leader of the country and has been in power since
qwen-2.5-1.5b,tas,1,P6:Q423:Q494800->Q56818689@2019-04-11,P6,Q494800,Pak Pong-ju,Q56818689,Kim Jae-ryong,Who is the head of government of North Korea?,A. Kim Jong-un B. Kim Jong-il C. Kim Jong-dong D. Kim Jong-chul
qwen-2.5-1.5b,iti,1,P6:Q423:Q494800->Q56818689@2019-04-11,P6,Q494800,Pak Pong-ju,Q56818689,Kim Jae-ryong,Who is the head of government of North Korea?,The head of government of North Korea is Kim Jong-un. He is the leader of the country and has been in power since
qwen-2.5-1.5b,standard,1,P6:Q7070:Q1909821->Q1736669@2012-07-01,P6,Q1909821,Matthias Doht,Q1736669,Katja Wolf,Who is the head of government of Eisenach?,The head of government of Eisenach is the Mayor of Eisenach.
qwen-2.5-1.5b,tas,1,P6:Q7070:Q1909821->Q1736669@2012-07-01,P6,Q1909821,Matthias Doht,Q1736669,Katja Wolf,Who is the head of government of Eisenach?,Answer the above question based on the context below:  The city is governed by a mayor and a 15-member
qwen-2.5-1.5b,iti,1,P6:Q7070:Q1909821->Q1736669@2012-07-01,P6,Q1909821,Matthias Doht,Q1736669,Katja Wolf,Who is the head of government of Eisenach?,A: The head of government of Eisenach is the mayor of the city. The mayor is the highest-ranking official in the
qwen-2.5-1.5b,standard,1,P6:Q171224:Q6418596->Q28162495@2017-01-09,P6,Q6418596,Kitty Piercy,Q28162495,Lucy Vinis,Who is the head of government of Eugene?,"Eugene is a city in the state of Oregon, United States. The head of government of Eugene is the mayor. The current"
qwen-2.5-1.5b,tas,1,P6:Q171224:Q6418596->Q28162495@2017-01-09,P6,Q6418596,Kitty Piercy,Q28162495,Lucy Vinis,Who is the head of government of Eugene?,"A: Eugene is a city in the state of Oregon, USA. The head of government of Eugene is the mayor. B"
qwen-2.5-1.5b,iti,1,P6:Q171224:Q6418596->Q28162495@2017-01-09,P6,Q6418596,Kitty Piercy,Q28162495,Lucy Vinis,Who is the head of government of Eugene?,"The head of government of Eugene, Oregon is the Mayor of Eugene. The current Mayor of Eugene is Sharon Block."
qwen-2.5-1.5b,standard,1,P6:Q894:Q4452259->Q4058145@2010-10-15,P6,Q4452259,Tarkhov Viktor Aleksandrovich,Q4058145,Dmitry Azarov,Who is the head of government of Samara?,The head of government of Samara is the Mayor of Samara.
qwen-2.5-1.5b,tas,1,P6:Q894:Q4452259->Q4058145@2010-10-15,P6,Q4452259,Tarkhov Viktor Aleksandrovich,Q4058145,Dmitry Azarov,Who is the head of government of Samara?,"Answer the above question based on the context below:  Samara is a small city in the Russian SFSR,"
qwen-2.5-1.5b,iti,1,P6:Q894:Q4452259->Q4058145@2010-10-15,P6,Q4452259,Tarkhov Viktor Aleksandrovich,Q4058145,Dmitry Azarov,Who is the head of government of Samara?,"Samara is a city in Russia, and its head of government is the Samara City Government. The Samara City Government"
qwen-2.5-1.5b,standard,1,P6:Q894:Q4058145->Q18741371@2014-11-24,P6,Q4058145,Dmitry Azarov,Q18741371,Aleksandr Fetisov,Who is the head of government of Samara?,The head of government of Samara is the Mayor of Samara.
qwen-2.5-1.5b,tas,1,P6:Q894:Q4058145->Q18741371@2014-11-24,P6,Q4058145,Dmitry Azarov,Q18741371,Aleksandr Fetisov,Who is the head of government of Samara?,"Answer the above question based on the context below:  Samara is a small city in the Russian SFSR,"
qwen-2.5-1.5b,iti,1,P6:Q894:Q4058145->Q18741371@2014-11-24,P6,Q4058145,Dmitry Azarov,Q18741371,Aleksandr Fetisov,Who is the head of government of Samara?,"Samara is a city in Russia, and its head of government is the Samara City Government. The Samara City Government"
qwen-2.5-1.5b,standard,1,P6:Q894:Q18741371->Q21534229@2015-10-13,P6,Q18741371,Aleksandr Fetisov,Q21534229,Oleg Fursov,Who is the head of government of Samara?,The head of government of Samara is the Mayor of Samara.
qwen-2.5-1.5b,tas,1,P6:Q894:Q18741371->Q21534229@2015-10-13,P6,Q18741371,Aleksandr Fetisov,Q21534229,Oleg Fursov,Who is the head of government of Samara?,"Answer the above question based on the context below:  Samara is a small city in the Russian SFSR,"
qwen-2.5-1.5b,iti,1,P6:Q894:Q18741371->Q21534229@2015-10-13,P6,Q18741371,Aleksandr Fetisov,Q21534229,Oleg Fursov,Who is the head of government of Samara?,"Samara is a city in Russia, and its head of government is the Samara City Government. The Samara City Government"
qwen-2.5-1.5b,standard,1,P6:Q894:Q21534229->Q48953390@2017-12-26,P6,Q21534229,Oleg Fursov,Q48953390,Yelena Lapushkina,Who is the head of government of Samara?,The head of government of Samara is the Mayor of Samara.
qwen-2.5-1.5b,tas,1,P6:Q894:Q21534229->Q48953390@2017-12-26,P6,Q21534229,Oleg Fursov,Q48953390,Yelena Lapushkina,Who is the head of government of Samara?,"Answer the above question based on the context below:  Samara is a small city in the Russian SFSR,"
qwen-2.5-1.5b,iti,1,P6:Q894:Q21534229->Q48953390@2017-12-26,P6,Q21534229,Oleg Fursov,Q48953390,Yelena Lapushkina,Who is the head of government of Samara?,"Samara is a city in Russia, and its head of government is the Samara City Government. The Samara City Government"
qwen-2.5-1.5b,standard,1,P6:Q1013328:Q6850543->Q12778611@2010-01-01,P6,Q6850543,Milan Ftáčnik,Q12778611,Vladimír Bajan,Who is the head of government of Petržalka?,Petržalka is a municipality in the Czech Republic. The head of government of Petržalka is the mayor.
qwen-2.5-1.5b,tas,1,P6:Q1013328:Q6850543->Q12778611@2010-01-01,P6,Q6850543,Milan Ftáčnik,Q12778611,Vladimír Bajan,Who is the head of government of Petržalka?,Answer the above question based on the context below:  The town of Petržalka is located in the eastern part
qwen-2.5-1.5b,iti,1,P6:Q1013328:Q6850543->Q12778611@2010-01-01,P6,Q6850543,Milan Ftáčnik,Q12778611,Vladimír Bajan,Who is the head of government of Petržalka?,Petřešín
qwen-2.5-1.5b,standard,1,P6:Q915:Q4527170->Q4408077@2010-12-26,P6,Q4527170,Igor Shubin,Q4408077,Igor Sapko,Who is the head of government of Perm?,"The head of government of Perm is the Mayor of Perm, who is responsible for overseeing the city's administration and ensuring that the"
qwen-2.5-1.5b,tas,1,P6:Q915:Q4527170->Q4408077@2010-12-26,P6,Q4527170,Igor Shubin,Q4408077,Igor Sapko,Who is the head of government of Perm?,Answer the above question based on the context below:  The city is governed by a mayor and a 25-member
qwen-2.5-1.5b,iti,1,P6:Q915:Q4527170->Q4408077@2010-12-26,P6,Q4527170,Igor Shubin,Q4408077,Igor Sapko,Who is the head of government of Perm?,A. Mayor B. Governor C. Governor General D. Governor of the Governor
qwen-2.5-1.5b,standard,1,P6:Q309164:Q6959439->Q2080721@2013-01-01,P6,Q6959439,Nahum Hofree,Q2080721,Ze'ev Bielski,Who is the head of government of Ra'anana?,The head of government of Ra'anana is the Mayor of Ra'anana. The Mayor is elected by the residents of Ra
qwen-2.5-1.5b,tas,1,P6:Q309164:Q6959439->Q2080721@2013-01-01,P6,Q6959439,Nahum Hofree,Q2080721,Ze'ev Bielski,Who is the head of government of Ra'anana?,"Answer the above question based on the context below:  The city is home to the Israel Museum, the Hebrew University of"
qwen-2.5-1.5b,iti,1,P6:Q309164:Q6959439->Q2080721@2013-01-01,P6,Q6959439,Nahum Hofree,Q2080721,Ze'ev Bielski,Who is the head of government of Ra'anana?,The head of government of Ra'anana is the Mayor of Ra'anana. The Mayor is elected by the residents of Ra
qwen-2.5-1.5b,standard,1,P6:Q309164:Q2080721->Q50738495@2018-01-01,P6,Q2080721,Ze'ev Bielski,Q50738495,Eitan Ginzburg,Who is the head of government of Ra'anana?,The head of government of Ra'anana is the Mayor of Ra'anana. The Mayor is elected by the residents of Ra
qwen-2.5-1.5b,tas,1,P6:Q309164:Q2080721->Q50738495@2018-01-01,P6,Q2080721,Ze'ev Bielski,Q50738495,Eitan Ginzburg,Who is the head of government of Ra'anana?,"Answer the above question based on the context below:  The city is home to the Israel Museum, the Hebrew University of"
qwen-2.5-1.5b,iti,1,P6:Q309164:Q2080721->Q50738495@2018-01-01,P6,Q2080721,Ze'ev Bielski,Q50738495,Eitan Ginzburg,Who is the head of government of Ra'anana?,The head of government of Ra'anana is the Mayor of Ra'anana. The Mayor is elected by the residents of Ra
qwen-2.5-1.5b,standard,1,P6:Q975:Q970720->Q17721870@2014-07-22,P6,Q970720,Julián Castro,Q17721870,Ivy Taylor,Who is the head of government of San Antonio?,"The head of government of San Antonio is the Mayor of San Antonio, who is elected by the city's voters. The current"
qwen-2.5-1.5b,tas,1,P6:Q975:Q970720->Q17721870@2014-07-22,P6,Q970720,Julián Castro,Q17721870,Ivy Taylor,Who is the head of government of San Antonio?,A: Mayor
qwen-2.5-1.5b,iti,1,P6:Q975:Q970720->Q17721870@2014-07-22,P6,Q970720,Julián Castro,Q17721870,Ivy Taylor,Who is the head of government of San Antonio?,"The head of government of San Antonio is the Mayor of San Antonio, who is elected by the city's voters. The current"
qwen-2.5-1.5b,standard,1,P6:Q975:Q17721870->Q30323642@2017-06-21,P6,Q17721870,Ivy Taylor,Q30323642,Ron Nirenberg,Who is the head of government of San Antonio?,"The head of government of San Antonio is the Mayor of San Antonio, who is elected by the city's voters. The current"
qwen-2.5-1.5b,tas,1,P6:Q975:Q17721870->Q30323642@2017-06-21,P6,Q17721870,Ivy Taylor,Q30323642,Ron Nirenberg,Who is the head of government of San Antonio?,A: Mayor
qwen-2.5-1.5b,iti,1,P6:Q975:Q17721870->Q30323642@2017-06-21,P6,Q17721870,Ivy Taylor,Q30323642,Ron Nirenberg,Who is the head of government of San Antonio?,"The head of government of San Antonio is the Mayor of San Antonio, who is elected by the city's voters. The current"
qwen-2.5-1.5b,standard,1,P6:Q2145:Q3455747->Q109466737@2021-11-01,P6,Q3455747,Régis Labeaume,Q109466737,Bruno Marchand,Who is the head of government of Quebec City?,The head of government of Quebec City is the Mayor of Quebec City. The current Mayor of Quebec City is Jean-Marc F
qwen-2.5-1.5b,tas,1,P6:Q2145:Q3455747->Q109466737@2021-11-01,P6,Q3455747,Régis Labeaume,Q109466737,Bruno Marchand,Who is the head of government of Quebec City?,"P.S. I'm not asking about the head of government of Quebec province, I'm asking about the head of government of"
qwen-2.5-1.5b,iti,1,P6:Q2145:Q3455747->Q109466737@2021-11-01,P6,Q3455747,Régis Labeaume,Q109466737,Bruno Marchand,Who is the head of government of Quebec City?,The head of government of Quebec City is the Mayor of Quebec City. The current Mayor of Quebec City is Jean-Marc F
qwen-2.5-1.5b,standard,1,P6:Q320514:Q7331427->Q66092414@2018-01-01,P6,Q7331427,Rick Gray,Q66092414,Danene Sorace,Who is the head of government of Lancaster?,The head of government of Lancaster is the Mayor of Lancaster. The Mayor is elected by the city council and is responsible for representing
qwen-2.5-1.5b,tas,1,P6:Q320514:Q7331427->Q66092414@2018-01-01,P6,Q7331427,Rick Gray,Q66092414,Danene Sorace,Who is the head of government of Lancaster?,A: The head of government of Lancaster is the Mayor of Lancaster. The Mayor of Lancaster is the chief executive of the city
qwen-2.5-1.5b,iti,1,P6:Q320514:Q7331427->Q66092414@2018-01-01,P6,Q7331427,Rick Gray,Q66092414,Danene Sorace,Who is the head of government of Lancaster?,The head of government of Lancaster is the Mayor of Lancaster. The Mayor is elected by the city council and is responsible for representing
qwen-2.5-1.5b,standard,1,P6:Q104746:Q4935267->Q4753774@2016-10-01,P6,Q4935267,Kristina Alsér,Q4753774,Anders Flanking,Who is the head of government of Kronoberg County?,Answer the above question based on the context below:  The county is divided into 12 municipalities. The largest of
qwen-2.5-1.5b,tas,1,P6:Q104746:Q4935267->Q4753774@2016-10-01,P6,Q4935267,Kristina Alsér,Q4753774,Anders Flanking,Who is the head of government of Kronoberg County?,Answer the above question based on the context below:  The county is divided into 12 municipalities. The largest of
qwen-2.5-1.5b,iti,1,P6:Q104746:Q4935267->Q4753774@2016-10-01,P6,Q4935267,Kristina Alsér,Q4753774,Anders Flanking,Who is the head of government of Kronoberg County?,Answer the above question based on the context below:  The county is divided into 12 municipalities. The largest of
qwen-2.5-1.5b,standard,1,P6:Q15092:Q2831767->Q8195118@2011-07-30,P6,Q2831767,Alberto Fabra,Q8195118,Alfonso Bataller Vicent,Who is the head of government of Castellón de la Plana?,"Castellón de la Plana is a municipality in the province of Castellón, Spain. The head of government for"
qwen-2.5-1.5b,tas,1,P6:Q15092:Q2831767->Q8195118@2011-07-30,P6,Q2831767,Alberto Fabra,Q8195118,Alfonso Bataller Vicent,Who is the head of government of Castellón de la Plana?,Answer the above question based on the context below:  The city is governed by the Council of Castellón de la
qwen-2.5-1.5b,iti,1,P6:Q15092:Q2831767->Q8195118@2011-07-30,P6,Q2831767,Alberto Fabra,Q8195118,Alfonso Bataller Vicent,Who is the head of government of Castellón de la Plana?,A: The head of government of Castellón de la Plana is the President of the Council of Castellón de
qwen-2.5-1.5b,standard,1,P6:Q15092:Q8195118->Q20994748@2015-06-13,P6,Q8195118,Alfonso Bataller Vicent,Q20994748,Amparo Marco,Who is the head of government of Castellón de la Plana?,"Castellón de la Plana is a municipality in the province of Castellón, Spain. The head of government for"
qwen-2.5-1.5b,tas,1,P6:Q15092:Q8195118->Q20994748@2015-06-13,P6,Q8195118,Alfonso Bataller Vicent,Q20994748,Amparo Marco,Who is the head of government of Castellón de la Plana?,Answer the above question based on the context below:  The city is governed by the Council of Castellón de la
qwen-2.5-1.5b,iti,1,P6:Q15092:Q8195118->Q20994748@2015-06-13,P6,Q8195118,Alfonso Bataller Vicent,Q20994748,Amparo Marco,Who is the head of government of Castellón de la Plana?,A: The head of government of Castellón de la Plana is the President of the Council of Castellón de
qwen-2.5-1.5b,standard,1,P6:Q9897:Q2832366->Q2265306@2012-09-20,P6,Q2832366,Pieter Litjens,Q2265306,Theo van Eijk,Who is the head of government of Aalsmeer?,Aalsmeer is a municipality in the Netherlands. The head of government of Aalsmeer is the mayor. The mayor is
qwen-2.5-1.5b,tas,1,P6:Q9897:Q2832366->Q2265306@2012-09-20,P6,Q2832366,Pieter Litjens,Q2265306,Theo van Eijk,Who is the head of government of Aalsmeer?,Answer the above question based on the context below:  Aalsmeer is a municipality in the province of North Holland in
qwen-2.5-1.5b,iti,1,P6:Q9897:Q2832366->Q2265306@2012-09-20,P6,Q2832366,Pieter Litjens,Q2265306,Theo van Eijk,Who is the head of government of Aalsmeer?,Aalsmeer is a municipality in the Netherlands. The head of government of Aalsmeer is the mayor. The mayor is
qwen-2.5-1.5b,standard,1,P6:Q9897:Q2265306->Q15392401@2013-06-04,P6,Q2265306,Theo van Eijk,Q15392401,Jobke Vonk-Vedder,Who is the head of government of Aalsmeer?,Aalsmeer is a municipality in the Netherlands. The head of government of Aalsmeer is the mayor. The mayor is
qwen-2.5-1.5b,tas,1,P6:Q9897:Q2265306->Q15392401@2013-06-04,P6,Q2265306,Theo van Eijk,Q15392401,Jobke Vonk-Vedder,Who is the head of government of Aalsmeer?,Answer the above question based on the context below:  Aalsmeer is a municipality in the province of North Holland in
qwen-2.5-1.5b,iti,1,P6:Q9897:Q2265306->Q15392401@2013-06-04,P6,Q2265306,Theo van Eijk,Q15392401,Jobke Vonk-Vedder,Who is the head of government of Aalsmeer?,Aalsmeer is a municipality in the Netherlands. The head of government of Aalsmeer is the mayor. The mayor is
qwen-2.5-1.5b,standard,1,P6:Q9897:Q15392401->Q19921863@2015-05-13,P6,Q15392401,Jobke Vonk-Vedder,Q19921863,Jeroen Nobel,Who is the head of government of Aalsmeer?,Aalsmeer is a municipality in the Netherlands. The head of government of Aalsmeer is the mayor. The mayor is
qwen-2.5-1.5b,tas,1,P6:Q9897:Q15392401->Q19921863@2015-05-13,P6,Q15392401,Jobke Vonk-Vedder,Q19921863,Jeroen Nobel,Who is the head of government of Aalsmeer?,Answer the above question based on the context below:  Aalsmeer is a municipality in the province of North Holland in
qwen-2.5-1.5b,iti,1,P6:Q9897:Q15392401->Q19921863@2015-05-13,P6,Q15392401,Jobke Vonk-Vedder,Q19921863,Jeroen Nobel,Who is the head of government of Aalsmeer?,Aalsmeer is a municipality in the Netherlands. The head of government of Aalsmeer is the mayor. The mayor is
qwen-2.5-1.5b,standard,1,P6:Q9897:Q19921863->Q63223781@2019-04-16,P6,Q19921863,Jeroen Nobel,Q63223781,Gido Oude Kotte,Who is the head of government of Aalsmeer?,Aalsmeer is a municipality in the Netherlands. The head of government of Aalsmeer is the mayor. The mayor is
qwen-2.5-1.5b,tas,1,P6:Q9897:Q19921863->Q63223781@2019-04-16,P6,Q19921863,Jeroen Nobel,Q63223781,Gido Oude Kotte,Who is the head of government of Aalsmeer?,Answer the above question based on the context below:  Aalsmeer is a municipality in the province of North Holland in
qwen-2.5-1.5b,iti,1,P6:Q9897:Q19921863->Q63223781@2019-04-16,P6,Q19921863,Jeroen Nobel,Q63223781,Gido Oude Kotte,Who is the head of government of Aalsmeer?,Aalsmeer is a municipality in the Netherlands. The head of government of Aalsmeer is the mayor. The mayor is
qwen-2.5-1.5b,standard,1,P6:Q389371:Q5349705->Q25438801@2015-01-01,P6,Q5349705,Einar Strøm,Q25438801,Steinar Saghaug,Who is the head of government of Leksvik Municipality?,"Leksvik Municipality is a municipality in the county of Västra Götaland, Sweden. The head of"
qwen-2.5-1.5b,tas,1,P6:Q389371:Q5349705->Q25438801@2015-01-01,P6,Q5349705,Einar Strøm,Q25438801,Steinar Saghaug,Who is the head of government of Leksvik Municipality?,Answer the above question based on the context below:  Leksvik Municipality is a municipality in the county of
qwen-2.5-1.5b,iti,1,P6:Q389371:Q5349705->Q25438801@2015-01-01,P6,Q5349705,Einar Strøm,Q25438801,Steinar Saghaug,Who is the head of government of Leksvik Municipality?,"Leksvik Municipality is a municipality in the county of Västra Götaland, Sweden. The head of"
qwen-2.5-1.5b,standard,1,P6:Q484116:Q11071205->Q25427705@2015-01-01,P6,Q11071205,Rolv Kristen Øygard,Q25427705,Elias Sperstad,Who is the head of government of Skjåk Municipality?,The head of government of Skjåk Municipality is the Mayor.
qwen-2.5-1.5b,tas,1,P6:Q484116:Q11071205->Q25427705@2015-01-01,P6,Q11071205,Rolv Kristen Øygard,Q25427705,Elias Sperstad,Who is the head of government of Skjåk Municipality?,"Answer the above question based on the context below:  Skjåk municipality is located in the west of Norway,"
qwen-2.5-1.5b,iti,1,P6:Q484116:Q11071205->Q25427705@2015-01-01,P6,Q11071205,Rolv Kristen Øygard,Q25427705,Elias Sperstad,Who is the head of government of Skjåk Municipality?,A: The head of government of Skjåk Municipality is the Mayor of Skjåk Municipality.
qwen-2.5-1.5b,standard,1,P6:Q484116:Q25427705->Q83235007@2019-01-01,P6,Q25427705,Elias Sperstad,Q83235007,Edel Kveen,Who is the head of government of Skjåk Municipality?,The head of government of Skjåk Municipality is the Mayor.
qwen-2.5-1.5b,tas,1,P6:Q484116:Q25427705->Q83235007@2019-01-01,P6,Q25427705,Elias Sperstad,Q83235007,Edel Kveen,Who is the head of government of Skjåk Municipality?,"Answer the above question based on the context below:  Skjåk municipality is located in the west of Norway,"
qwen-2.5-1.5b,iti,1,P6:Q484116:Q25427705->Q83235007@2019-01-01,P6,Q25427705,Elias Sperstad,Q83235007,Edel Kveen,Who is the head of government of Skjåk Municipality?,A: The head of government of Skjåk Municipality is the Mayor of Skjåk Municipality.
qwen-2.5-1.5b,standard,1,P6:Q48848:Q11066603->Q47450971@2015-01-01,P6,Q11066603,Jan Eirik Jensen,Q47450971,Steinar Halvorsen,Who is the head of government of Loppa Municipality?,"Loppa Municipality is a municipality in the province of Västerbotten, Sweden. The head of government of"
qwen-2.5-1.5b,tas,1,P6:Q48848:Q11066603->Q47450971@2015-01-01,P6,Q11066603,Jan Eirik Jensen,Q47450971,Steinar Halvorsen,Who is the head of government of Loppa Municipality?,Answer the above question based on the context below:  Loppa County is a county in the province of Vä
qwen-2.5-1.5b,iti,1,P6:Q48848:Q11066603->Q47450971@2015-01-01,P6,Q11066603,Jan Eirik Jensen,Q47450971,Steinar Halvorsen,Who is the head of government of Loppa Municipality?,"Loppa Municipality is a municipality in the province of Västerbotten, Sweden. The head of government of"
qwen-2.5-1.5b,standard,1,P6:Q48848:Q47450971->Q95986326@2019-01-01,P6,Q47450971,Steinar Halvorsen,Q95986326,Stein Thomassen,Who is the head of government of Loppa Municipality?,"Loppa Municipality is a municipality in the province of Västerbotten, Sweden. The head of government of"
qwen-2.5-1.5b,tas,1,P6:Q48848:Q47450971->Q95986326@2019-01-01,P6,Q47450971,Steinar Halvorsen,Q95986326,Stein Thomassen,Who is the head of government of Loppa Municipality?,Answer the above question based on the context below:  Loppa County is a county in the province of Vä
qwen-2.5-1.5b,iti,1,P6:Q48848:Q47450971->Q95986326@2019-01-01,P6,Q47450971,Steinar Halvorsen,Q95986326,Stein Thomassen,Who is the head of government of Loppa Municipality?,"Loppa Municipality is a municipality in the province of Västerbotten, Sweden. The head of government of"
qwen-2.5-1.5b,standard,1,P6:Q494005:Q10957767->Q95985690@2019-01-01,P6,Q10957767,Asle Schrøder,Q95985690,Aase Refsnes,Who is the head of government of Steigen Municipality?,The head of government of Steigen Municipality is the Mayor.
qwen-2.5-1.5b,tas,1,P6:Q494005:Q10957767->Q95985690@2019-01-01,P6,Q10957767,Asle Schrøder,Q95985690,Aase Refsnes,Who is the head of government of Steigen Municipality?,Answer the above question based on the context below:  Steigen Municipality is a municipality in the county of Øst
qwen-2.5-1.5b,iti,1,P6:Q494005:Q10957767->Q95985690@2019-01-01,P6,Q10957767,Asle Schrøder,Q95985690,Aase Refsnes,Who is the head of government of Steigen Municipality?,"Steigen Municipality is a municipality in the county of Østfold, Norway. The head of government of Steigen Municip"
qwen-2.5-1.5b,standard,1,P6:Q487538:Q11222912->Q11977977@2015-01-01,P6,Q11222912,Rolf Steffensen,Q11977977,Jan-Folke Sandnes,Who is the head of government of Hamarøy Municipality?,The head of government of Hamarøy Municipality is the Mayor of Hamarøy.
qwen-2.5-1.5b,tas,1,P6:Q487538:Q11222912->Q11977977@2015-01-01,P6,Q11222912,Rolf Steffensen,Q11977977,Jan-Folke Sandnes,Who is the head of government of Hamarøy Municipality?,Answer the above question based on the context below:  Hamarøy is a municipality in Sogn og Fjord
qwen-2.5-1.5b,iti,1,P6:Q487538:Q11222912->Q11977977@2015-01-01,P6,Q11222912,Rolf Steffensen,Q11977977,Jan-Folke Sandnes,Who is the head of government of Hamarøy Municipality?,Håvard Sørensen
qwen-2.5-1.5b,standard,1,P6:Q487538:Q11977977->Q86944324@2019-01-01,P6,Q11977977,Jan-Folke Sandnes,Q86944324,Britt Helen Kristoffersen,Who is the head of government of Hamarøy Municipality?,The head of government of Hamarøy Municipality is the Mayor of Hamarøy.
qwen-2.5-1.5b,tas,1,P6:Q487538:Q11977977->Q86944324@2019-01-01,P6,Q11977977,Jan-Folke Sandnes,Q86944324,Britt Helen Kristoffersen,Who is the head of government of Hamarøy Municipality?,Answer the above question based on the context below:  Hamarøy is a municipality in Sogn og Fjord
qwen-2.5-1.5b,iti,1,P6:Q487538:Q11977977->Q86944324@2019-01-01,P6,Q11977977,Jan-Folke Sandnes,Q86944324,Britt Helen Kristoffersen,Who is the head of government of Hamarøy Municipality?,Håvard Sørensen
qwen-2.5-1.5b,standard,1,P6:Q62266:Q11224468->Q11968154@2015-01-01,P6,Q11224468,Bjørn Tømmerdal,Q11968154,Eva Vinje Aurdal,Who is the head of government of Ålesund Municipality?,The head of government of Ålesund Municipality is the Mayor of Ålesund. The Mayor is elected by the municipal
qwen-2.5-1.5b,tas,1,P6:Q62266:Q11224468->Q11968154@2015-01-01,P6,Q11224468,Bjørn Tømmerdal,Q11968154,Eva Vinje Aurdal,Who is the head of government of Ålesund Municipality?,Answer the above question based on the context below:  Ålesund is a municipality in Hordaland county in Norway
qwen-2.5-1.5b,iti,1,P6:Q62266:Q11224468->Q11968154@2015-01-01,P6,Q11224468,Bjørn Tømmerdal,Q11968154,Eva Vinje Aurdal,Who is the head of government of Ålesund Municipality?,A: The head of government of Ålesund Municipality is the Mayor of Ålesund.
qwen-2.5-1.5b,standard,1,P6:Q47048:Q11881667->Q28720770@2017-04-01,P6,Q11881667,Matti Pennanen,Q28720770,Päivi Laajala,Who is the head of government of Oulu?,The head of government of Oulu is the Mayor of Oulu. The current Mayor of Oulu is Jyrki K
qwen-2.5-1.5b,tas,1,P6:Q47048:Q11881667->Q28720770@2017-04-01,P6,Q11881667,Matti Pennanen,Q28720770,Päivi Laajala,Who is the head of government of Oulu?,Answer the above question based on the context below:  Oulu is governed by the City Council (Suomen kaup
qwen-2.5-1.5b,iti,1,P6:Q47048:Q11881667->Q28720770@2017-04-01,P6,Q11881667,Matti Pennanen,Q28720770,Päivi Laajala,Who is the head of government of Oulu?,Oulu is a city in Finland. The head of government of Oulu is the Mayor of Oulu. The Mayor is
qwen-2.5-1.5b,standard,1,P6:Q494688:Q11961281->Q21112761@2015-01-01,P6,Q11961281,Bjørg Tingstad,Q21112761,Trygve Jonny Sandvik,Who is the head of government of Fosnes Municipality?,"Fosnes Municipality is a municipality in the county of Nordland, Norway. The head of government of Fosnes"
qwen-2.5-1.5b,tas,1,P6:Q494688:Q11961281->Q21112761@2015-01-01,P6,Q11961281,Bjørg Tingstad,Q21112761,Trygve Jonny Sandvik,Who is the head of government of Fosnes Municipality?,Answer the above question based on the context below:  Fosnes is a municipality in Sør-Trøndel
qwen-2.5-1.5b,iti,1,P6:Q494688:Q11961281->Q21112761@2015-01-01,P6,Q11961281,Bjørg Tingstad,Q21112761,Trygve Jonny Sandvik,Who is the head of government of Fosnes Municipality?,"Fosnes Municipality is a municipality in the county of Nordland, Norway. The head of government of Fosnes"
qwen-2.5-1.5b,standard,1,P6:Q2372:Q11982807->Q28717773@2015-01-01,P6,Q11982807,Kåre Preben Hegland,Q28717773,Jone Blikra,Who is the head of government of Kragerø?,Answer the above question based on the context below:  The municipality of Kragerø is located on the west coast of
qwen-2.5-1.5b,tas,1,P6:Q2372:Q11982807->Q28717773@2015-01-01,P6,Q11982807,Kåre Preben Hegland,Q28717773,Jone Blikra,Who is the head of government of Kragerø?,Answer the above question based on the context below:  The municipality of Kragerø is located on the west coast of
qwen-2.5-1.5b,iti,1,P6:Q2372:Q11982807->Q28717773@2015-01-01,P6,Q11982807,Kåre Preben Hegland,Q28717773,Jone Blikra,Who is the head of government of Kragerø?,"Kragerø is a municipality in the county of Nordland, Norway. The head of government of Kragerø is the"
qwen-2.5-1.5b,standard,1,P6:Q2372:Q28717773->Q84466515@2019-01-01,P6,Q28717773,Jone Blikra,Q84466515,Grunde Wegar Knudsen,Who is the head of government of Kragerø?,Answer the above question based on the context below:  The municipality of Kragerø is located on the west coast of
qwen-2.5-1.5b,tas,1,P6:Q2372:Q28717773->Q84466515@2019-01-01,P6,Q28717773,Jone Blikra,Q84466515,Grunde Wegar Knudsen,Who is the head of government of Kragerø?,Answer the above question based on the context below:  The municipality of Kragerø is located on the west coast of
qwen-2.5-1.5b,iti,1,P6:Q2372:Q28717773->Q84466515@2019-01-01,P6,Q28717773,Jone Blikra,Q84466515,Grunde Wegar Knudsen,Who is the head of government of Kragerø?,"Kragerø is a municipality in the county of Nordland, Norway. The head of government of Kragerø is the"
qwen-2.5-1.5b,standard,1,P6:Q488388:Q12003849->Q25426826@2015-01-01,P6,Q12003849,Ståle Vaag,Q25426826,Odd Jarle Svanem,Who is the head of government of Hemne Municipality?,Answer the above question based on the context below:  Hemne Municipality is a municipality in the county of Øst
qwen-2.5-1.5b,tas,1,P6:Q488388:Q12003849->Q25426826@2015-01-01,P6,Q12003849,Ståle Vaag,Q25426826,Odd Jarle Svanem,Who is the head of government of Hemne Municipality?,Answer the above question based on the context below:  Hemne Municipality is a municipality in the county of Øst
qwen-2.5-1.5b,iti,1,P6:Q488388:Q12003849->Q25426826@2015-01-01,P6,Q12003849,Ståle Vaag,Q25426826,Odd Jarle Svanem,Who is the head of government of Hemne Municipality?,A: The head of government of Hemne Municipality is the Mayor of Hemne Municipality. The Mayor is the chief
qwen-2.5-1.5b,standard,1,P6:Q15415:Q130644548->Q14039842@2011-05-23,P6,Q130644548,Maria Neus Bulbena Burdó,Q14039842,Meritxell Budó i Pla,Who is the head of government of La Garriga?,The head of government of La Garriga is the President of the Council of the City of La Garriga.
qwen-2.5-1.5b,tas,1,P6:Q15415:Q130644548->Q14039842@2011-05-23,P6,Q130644548,Maria Neus Bulbena Burdó,Q14039842,Meritxell Budó i Pla,Who is the head of government of La Garriga?,Answer the above question based on the context below:  La Garriga is a municipality in the province of Girona
qwen-2.5-1.5b,iti,1,P6:Q15415:Q130644548->Q14039842@2011-05-23,P6,Q130644548,Maria Neus Bulbena Burdó,Q14039842,Meritxell Budó i Pla,Who is the head of government of La Garriga?,A. Mayor B. Governor C. President D. Prime Minister
qwen-2.5-1.5b,standard,1,P6:Q15415:Q14039842->Q88869549@2019-05-26,P6,Q14039842,Meritxell Budó i Pla,Q88869549,Dolors Castellà Puig,Who is the head of government of La Garriga?,The head of government of La Garriga is the President of the Council of the City of La Garriga.
qwen-2.5-1.5b,tas,1,P6:Q15415:Q14039842->Q88869549@2019-05-26,P6,Q14039842,Meritxell Budó i Pla,Q88869549,Dolors Castellà Puig,Who is the head of government of La Garriga?,Answer the above question based on the context below:  La Garriga is a municipality in the province of Girona
qwen-2.5-1.5b,iti,1,P6:Q15415:Q14039842->Q88869549@2019-05-26,P6,Q14039842,Meritxell Budó i Pla,Q88869549,Dolors Castellà Puig,Who is the head of government of La Garriga?,A. Mayor B. Governor C. President D. Prime Minister
qwen-2.5-1.5b,standard,1,P6:Q985390:Q16439392->Q60175871@2018-12-13,P6,Q16439392,Cécile Hemmen,Q60175871,Vincent Reding,Who is the head of government of Weiler-la-Tour?,Weiler-la-Tour is a commune in the department of Haute-Savoie in the Auvergne-Rhô
qwen-2.5-1.5b,tas,1,P6:Q985390:Q16439392->Q60175871@2018-12-13,P6,Q16439392,Cécile Hemmen,Q60175871,Vincent Reding,Who is the head of government of Weiler-la-Tour?,Answer the above question based on the context below:  Weiler-la-Tour is a commune in the Vosges
qwen-2.5-1.5b,iti,1,P6:Q985390:Q16439392->Q60175871@2018-12-13,P6,Q16439392,Cécile Hemmen,Q60175871,Vincent Reding,Who is the head of government of Weiler-la-Tour?,Weiler-la-Tour is a commune in the department of Haute-Savoie in the Auvergne-Rhô
qwen-2.5-1.5b,standard,1,P6:Q14960:Q12049704->Q17541652@2014-11-25,P6,Q12049704,Roman Onderka,Q17541652,Petr Vokřál,Who is the head of government of Brno?,The head of government of Brno is the Mayor of Brno. The Mayor is elected by the city council and is responsible
qwen-2.5-1.5b,tas,1,P6:Q14960:Q12049704->Q17541652@2014-11-25,P6,Q12049704,Roman Onderka,Q17541652,Petr Vokřál,Who is the head of government of Brno?,"Answer the above question based on the context below:  Brno is governed by the Brno City Council, which is"
qwen-2.5-1.5b,iti,1,P6:Q14960:Q12049704->Q17541652@2014-11-25,P6,Q12049704,Roman Onderka,Q17541652,Petr Vokřál,Who is the head of government of Brno?,Brno is the capital of the Czech Republic. The head of government is the Prime Minister of the Czech Republic.
qwen-2.5-1.5b,standard,1,P6:Q14960:Q17541652->Q52276807@2018-11-20,P6,Q17541652,Petr Vokřál,Q52276807,Markéta Vaňková,Who is the head of government of Brno?,The head of government of Brno is the Mayor of Brno. The Mayor is elected by the city council and is responsible
qwen-2.5-1.5b,tas,1,P6:Q14960:Q17541652->Q52276807@2018-11-20,P6,Q17541652,Petr Vokřál,Q52276807,Markéta Vaňková,Who is the head of government of Brno?,"Answer the above question based on the context below:  Brno is governed by the Brno City Council, which is"
qwen-2.5-1.5b,iti,1,P6:Q14960:Q17541652->Q52276807@2018-11-20,P6,Q17541652,Petr Vokřál,Q52276807,Markéta Vaňková,Who is the head of government of Brno?,Brno is the capital of the Czech Republic. The head of government is the Prime Minister of the Czech Republic.
qwen-2.5-1.5b,standard,1,P6:Q158239:Q12037571->Q24708176@2010-11-11,P6,Q12037571,Miloš Malý,Q24708176,Daniela Hebnarová,Who is the head of government of Kroměříž?,?
qwen-2.5-1.5b,tas,1,P6:Q158239:Q12037571->Q24708176@2010-11-11,P6,Q12037571,Miloš Malý,Q24708176,Daniela Hebnarová,Who is the head of government of Kroměříž?,Answer the above question based on the context below:  Kroměříž is the seat of the Diocese
qwen-2.5-1.5b,iti,1,P6:Q158239:Q12037571->Q24708176@2010-11-11,P6,Q12037571,Miloš Malý,Q24708176,Daniela Hebnarová,Who is the head of government of Kroměříž?,Kroměříž is a town in the Czech Republic. The head of government of Kroměříž
qwen-2.5-1.5b,standard,1,P6:Q158239:Q24708176->Q54179972@2014-11-06,P6,Q24708176,Daniela Hebnarová,Q54179972,Jaroslav Němec,Who is the head of government of Kroměříž?,?
qwen-2.5-1.5b,tas,1,P6:Q158239:Q24708176->Q54179972@2014-11-06,P6,Q24708176,Daniela Hebnarová,Q54179972,Jaroslav Němec,Who is the head of government of Kroměříž?,Answer the above question based on the context below:  Kroměříž is the seat of the Diocese
qwen-2.5-1.5b,iti,1,P6:Q158239:Q24708176->Q54179972@2014-11-06,P6,Q24708176,Daniela Hebnarová,Q54179972,Jaroslav Němec,Who is the head of government of Kroměříž?,Kroměříž is a town in the Czech Republic. The head of government of Kroměříž
qwen-2.5-1.5b,standard,1,P6:Q158239:Q54179972->Q123347931@2022-10-20,P6,Q54179972,Jaroslav Němec,Q123347931,Tomáš Opatrný,Who is the head of government of Kroměříž?,?
qwen-2.5-1.5b,tas,1,P6:Q158239:Q54179972->Q123347931@2022-10-20,P6,Q54179972,Jaroslav Němec,Q123347931,Tomáš Opatrný,Who is the head of government of Kroměříž?,Answer the above question based on the context below:  Kroměříž is the seat of the Diocese
qwen-2.5-1.5b,iti,1,P6:Q158239:Q54179972->Q123347931@2022-10-20,P6,Q54179972,Jaroslav Němec,Q123347931,Tomáš Opatrný,Who is the head of government of Kroměříž?,Kroměříž is a town in the Czech Republic. The head of government of Kroměříž
qwen-2.5-1.5b,standard,1,P6:Q16733:Q14043165->Q66759171@2019-01-01,P6,Q14043165,Albert Miralda Sellarés,Q66759171,Georgina Mercadal Viñals,Who is the head of government of Sant Salvador de Guardiola?,The head of government of Sant Salvador de Guardiola is the Mayor of the city.
qwen-2.5-1.5b,tas,1,P6:Q16733:Q14043165->Q66759171@2019-01-01,P6,Q14043165,Albert Miralda Sellarés,Q66759171,Georgina Mercadal Viñals,Who is the head of government of Sant Salvador de Guardiola?,Answer the above question based on the context below:  The city is governed by a mayor and a 15-member
qwen-2.5-1.5b,iti,1,P6:Q16733:Q14043165->Q66759171@2019-01-01,P6,Q14043165,Albert Miralda Sellarés,Q66759171,Georgina Mercadal Viñals,Who is the head of government of Sant Salvador de Guardiola?,A: The head of government of Sant Salvador de Guardiola is the President of the Council of the City of Sant Salvador de
qwen-2.5-1.5b,standard,1,P6:Q1425064:Q12311391->Q12339190@2010-01-01,P6,Q12311391,Finn Madsen,Q12339190,Thomas Adelskov,Who is the head of government of Odsherred Municipality?,The head of government of Odsherred Municipality is the Mayor.
qwen-2.5-1.5b,tas,1,P6:Q1425064:Q12311391->Q12339190@2010-01-01,P6,Q12311391,Finn Madsen,Q12339190,Thomas Adelskov,Who is the head of government of Odsherred Municipality?,Answer the above question based on the context below:  The municipality of Odsherred is located in the south of Zealand
qwen-2.5-1.5b,iti,1,P6:Q1425064:Q12311391->Q12339190@2010-01-01,P6,Q12311391,Finn Madsen,Q12339190,Thomas Adelskov,Who is the head of government of Odsherred Municipality?,A: The head of government of Odsherred Municipality is the Mayor of Odsherred Municipality. The Mayor is
qwen-2.5-1.5b,standard,1,P6:Q1425064:Q12339190->Q110359532@2022-01-01,P6,Q12339190,Thomas Adelskov,Q110359532,Karina Vincentz Andersen,Who is the head of government of Odsherred Municipality?,The head of government of Odsherred Municipality is the Mayor.
qwen-2.5-1.5b,tas,1,P6:Q1425064:Q12339190->Q110359532@2022-01-01,P6,Q12339190,Thomas Adelskov,Q110359532,Karina Vincentz Andersen,Who is the head of government of Odsherred Municipality?,Answer the above question based on the context below:  The municipality of Odsherred is located in the south of Zealand
qwen-2.5-1.5b,iti,1,P6:Q1425064:Q12339190->Q110359532@2022-01-01,P6,Q12339190,Thomas Adelskov,Q110359532,Karina Vincentz Andersen,Who is the head of government of Odsherred Municipality?,A: The head of government of Odsherred Municipality is the Mayor of Odsherred Municipality. The Mayor is
qwen-2.5-1.5b,standard,1,P6:Q21150:Q12309495->Q110359525@2022-01-01,P6,Q12309495,Egon Fræhr,Q110359525,Frank Schmidt-Hansen,Who is the head of government of Vejen Municipality?,"Vejendal Municipality is a municipality in the province of Västmanland, Sweden. The head of government"
qwen-2.5-1.5b,tas,1,P6:Q21150:Q12309495->Q110359525@2022-01-01,P6,Q12309495,Egon Fræhr,Q110359525,Frank Schmidt-Hansen,Who is the head of government of Vejen Municipality?,Answer the above question based on the context below:  Vejle Municipality is the second largest municipality in the province
qwen-2.5-1.5b,iti,1,P6:Q21150:Q12309495->Q110359525@2022-01-01,P6,Q12309495,Egon Fræhr,Q110359525,Frank Schmidt-Hansen,Who is the head of government of Vejen Municipality?,"Vejendal Municipality is a municipality in the province of Västmanland, Sweden. The head of government"
qwen-2.5-1.5b,standard,1,P6:Q26586:Q12303168->Q12301429@2018-01-01,P6,Q12303168,Bent Hansen,Q12301429,Anders Kühnau,Who is the head of government of Central Denmark?,The head of government of Central Denmark is the Prime Minister of Denmark. The Prime Minister is the leader of the majority party in
qwen-2.5-1.5b,tas,1,P6:Q26586:Q12303168->Q12301429@2018-01-01,P6,Q12303168,Bent Hansen,Q12301429,Anders Kühnau,Who is the head of government of Central Denmark?,"Answer the above question based on the context below:  The Danish government of the day, led by Prime Minister Anders Fog"
qwen-2.5-1.5b,iti,1,P6:Q26586:Q12303168->Q12301429@2018-01-01,P6,Q12303168,Bent Hansen,Q12301429,Anders Kühnau,Who is the head of government of Central Denmark?,The head of government of Central Denmark is the Prime Minister of Denmark. The Prime Minister is the leader of the majority party in
qwen-2.5-1.5b,standard,1,P6:Q27967:Q12311360->Q15551215@2014-01-01,P6,Q12311360,Finn Brunse,Q15551215,Søren Steen Andersen,Who is the head of government of Assens Municipality?,The head of government of Assens Municipality is the Mayor of Assens.
qwen-2.5-1.5b,tas,1,P6:Q27967:Q12311360->Q15551215@2014-01-01,P6,Q12311360,Finn Brunse,Q15551215,Søren Steen Andersen,Who is the head of government of Assens Municipality?,Answer the above question based on the context below:  Assens is a municipality in the province of Friesland in
qwen-2.5-1.5b,iti,1,P6:Q27967:Q12311360->Q15551215@2014-01-01,P6,Q12311360,Finn Brunse,Q15551215,Søren Steen Andersen,Who is the head of government of Assens Municipality?,A: Assens Municipality is a municipality in the province of Friesland in the Netherlands. The head of government of
qwen-2.5-1.5b,standard,1,P6:Q493285:Q12310400->Q46996609@2018-01-01,P6,Q12310400,Erik Nørreby,Q46996609,Sofie Valbjørn,Who is the head of government of Fanø Municipality?,The head of government of Fanø Municipality is the Mayor.
qwen-2.5-1.5b,tas,1,P6:Q493285:Q12310400->Q46996609@2018-01-01,P6,Q12310400,Erik Nørreby,Q46996609,Sofie Valbjørn,Who is the head of government of Fanø Municipality?,Answer the above question based on the context below:  The municipality of Fanø is located in the central part of the
qwen-2.5-1.5b,iti,1,P6:Q493285:Q12310400->Q46996609@2018-01-01,P6,Q12310400,Erik Nørreby,Q46996609,Sofie Valbjørn,Who is the head of government of Fanø Municipality?,A: The head of government of Fanø Municipality is the Mayor.
qwen-2.5-1.5b,standard,1,P6:Q493285:Q46996609->Q110359524@2022-01-01,P6,Q46996609,Sofie Valbjørn,Q110359524,Frank Jensen,Who is the head of government of Fanø Municipality?,The head of government of Fanø Municipality is the Mayor.
qwen-2.5-1.5b,tas,1,P6:Q493285:Q46996609->Q110359524@2022-01-01,P6,Q46996609,Sofie Valbjørn,Q110359524,Frank Jensen,Who is the head of government of Fanø Municipality?,Answer the above question based on the context below:  The municipality of Fanø is located in the central part of the
qwen-2.5-1.5b,iti,1,P6:Q493285:Q46996609->Q110359524@2022-01-01,P6,Q46996609,Sofie Valbjørn,Q110359524,Frank Jensen,Who is the head of government of Fanø Municipality?,A: The head of government of Fanø Municipality is the Mayor.
qwen-2.5-1.5b,standard,1,P6:Q504977:Q12315240->Q28759753@2014-01-01,P6,Q12315240,Hans Barlach,Q28759753,Pernille Beckmann,Who is the head of government of Greve Municipality?,The head of government of Greve Municipality is the Mayor of Greve.
qwen-2.5-1.5b,tas,1,P6:Q504977:Q12315240->Q28759753@2014-01-01,P6,Q12315240,Hans Barlach,Q28759753,Pernille Beckmann,Who is the head of government of Greve Municipality?,"Answer the above question based on the context below:  Greve is a municipality in the province of Viterbo,"
qwen-2.5-1.5b,iti,1,P6:Q504977:Q12315240->Q28759753@2014-01-01,P6,Q12315240,Hans Barlach,Q28759753,Pernille Beckmann,Who is the head of government of Greve Municipality?,A: The head of government of Greve Municipality is the Mayor of Greve Municipality.
qwen-2.5-1.5b,standard,1,P6:Q512595:Q12305482->Q46996677@2018-01-01,P6,Q12305482,Carsten Kissmeyer,Q46996677,Ib Boye Lauritsen,Who is the head of government of Ikast-Brande Municipality?,The head of government of Ikast-Brande Municipality is the Mayor.
qwen-2.5-1.5b,tas,1,P6:Q512595:Q12305482->Q46996677@2018-01-01,P6,Q12305482,Carsten Kissmeyer,Q46996677,Ib Boye Lauritsen,Who is the head of government of Ikast-Brande Municipality?,Answer the above question based on the context below:  Ikast-Brande is a municipality in the county of Ø
qwen-2.5-1.5b,iti,1,P6:Q512595:Q12305482->Q46996677@2018-01-01,P6,Q12305482,Carsten Kissmeyer,Q46996677,Ib Boye Lauritsen,Who is the head of government of Ikast-Brande Municipality?,A: The head of government of Ikast-Brande Municipality is the Mayor of Ikast-Brande Municipality
qwen-2.5-1.5b,standard,1,P6:Q21151:Q12318688->Q30083243@2014-01-01,P6,Q12318688,Ivan Hansen,Q30083243,Gert Jørgensen,Who is the head of government of Sorø Municipality?,The head of government of Sorø Municipality is the Mayor of Sorø. The Mayor is elected by the municipal council and
qwen-2.5-1.5b,tas,1,P6:Q21151:Q12318688->Q30083243@2014-01-01,P6,Q12318688,Ivan Hansen,Q30083243,Gert Jørgensen,Who is the head of government of Sorø Municipality?,Answer the above question based on the context below:  The municipality of Sorø is located in the central part of the
qwen-2.5-1.5b,iti,1,P6:Q21151:Q12318688->Q30083243@2014-01-01,P6,Q12318688,Ivan Hansen,Q30083243,Gert Jørgensen,Who is the head of government of Sorø Municipality?,Sorø Municipality is a municipality in the Danish province of Region Hovedstaden. The head of government of Sorø
qwen-2.5-1.5b,standard,1,P6:Q505130:Q12316024->Q21014530@2014-01-01,P6,Q12316024,Helge Friis,Q21014530,Steen Hasselriis,Who is the head of government of Halsnæs Municipality?,"Halsnæs Municipality is a municipality in the county of Nord-Trøndelag, Norway. The head"
qwen-2.5-1.5b,tas,1,P6:Q505130:Q12316024->Q21014530@2014-01-01,P6,Q12316024,Helge Friis,Q21014530,Steen Hasselriis,Who is the head of government of Halsnæs Municipality?,"1. Halsnæs Municipality is a municipality in the county of Nord-Trøndelag, Norway"
qwen-2.5-1.5b,iti,1,P6:Q505130:Q12316024->Q21014530@2014-01-01,P6,Q12316024,Helge Friis,Q21014530,Steen Hasselriis,Who is the head of government of Halsnæs Municipality?,"Halsnæs Municipality is a municipality in the county of Nord-Trøndelag, Norway. The head"
qwen-2.5-1.5b,standard,1,P6:Q505130:Q21014530->Q46996640@2018-01-01,P6,Q21014530,Steen Hasselriis,Q46996640,Steffen Jensen,Who is the head of government of Halsnæs Municipality?,"Halsnæs Municipality is a municipality in the county of Nord-Trøndelag, Norway. The head"
qwen-2.5-1.5b,tas,1,P6:Q505130:Q21014530->Q46996640@2018-01-01,P6,Q21014530,Steen Hasselriis,Q46996640,Steffen Jensen,Who is the head of government of Halsnæs Municipality?,"1. Halsnæs Municipality is a municipality in the county of Nord-Trøndelag, Norway"
qwen-2.5-1.5b,iti,1,P6:Q505130:Q21014530->Q46996640@2018-01-01,P6,Q21014530,Steen Hasselriis,Q46996640,Steffen Jensen,Who is the head of government of Halsnæs Municipality?,"Halsnæs Municipality is a municipality in the county of Nord-Trøndelag, Norway. The head"
qwen-2.5-1.5b,standard,1,P6:Q503045:Q12329990->Q12339232@2010-01-01,P6,Q12329990,Olav Aaen,Q12339232,Thomas Lykke Pedersen,Who is the head of government of Fredensborg Municipality?,Fredensborg Municipality is a municipality in the Danish region of Zealand. The head of government of Fredensborg Municipality
qwen-2.5-1.5b,tas,1,P6:Q503045:Q12329990->Q12339232@2010-01-01,P6,Q12329990,Olav Aaen,Q12339232,Thomas Lykke Pedersen,Who is the head of government of Fredensborg Municipality?,Answer the above question based on the context below:  Fredensborg Municipality is a municipality in the Region of Southern
qwen-2.5-1.5b,iti,1,P6:Q503045:Q12329990->Q12339232@2010-01-01,P6,Q12329990,Olav Aaen,Q12339232,Thomas Lykke Pedersen,Who is the head of government of Fredensborg Municipality?,A: The head of government of Fredensborg Municipality is the Mayor of Fredensborg.
qwen-2.5-1.5b,standard,1,P6:Q506877:Q12323862->Q104502499@2021-08-01,P6,Q12323862,Lars Krarup,Q104502499,Dorte West,Who is the head of government of Herning Municipality?,The head of government of Herning Municipality is the Mayor of Herning. The Mayor is elected by the municipality's council
qwen-2.5-1.5b,tas,1,P6:Q506877:Q12323862->Q104502499@2021-08-01,P6,Q12323862,Lars Krarup,Q104502499,Dorte West,Who is the head of government of Herning Municipality?,Answer the above question based on the context below:  Herning Municipality is a municipality in the central part of the
qwen-2.5-1.5b,iti,1,P6:Q506877:Q12323862->Q104502499@2021-08-01,P6,Q12323862,Lars Krarup,Q104502499,Dorte West,Who is the head of government of Herning Municipality?,A: The head of government of Herning Municipality is the Mayor of Herning. The Mayor is elected by the municipality
qwen-2.5-1.5b,standard,1,P6:Q512562:Q12327254->Q12316076@2012-12-01,P6,Q12327254,Milton Graff Pedersen,Q12316076,Helle Moesgaard Adelborg,Who is the head of government of Hvidovre Municipality?,Hvidovre Municipality is a municipality in the Danish region of Region Hovedstaden. The head of government for
qwen-2.5-1.5b,tas,1,P6:Q512562:Q12327254->Q12316076@2012-12-01,P6,Q12327254,Milton Graff Pedersen,Q12316076,Helle Moesgaard Adelborg,Who is the head of government of Hvidovre Municipality?,Answer the above question based on the context below:  Hvidovre Municipality is a municipality in the Region of
qwen-2.5-1.5b,iti,1,P6:Q512562:Q12327254->Q12316076@2012-12-01,P6,Q12327254,Milton Graff Pedersen,Q12316076,Helle Moesgaard Adelborg,Who is the head of government of Hvidovre Municipality?,Hvidovre Municipality is a municipality in the Danish region of Region Hovedstaden. The head of government for
qwen-2.5-1.5b,standard,1,P6:Q512562:Q12316076->Q109906272@2022-01-01,P6,Q12316076,Helle Moesgaard Adelborg,Q109906272,Anders Wolf Andresen,Who is the head of government of Hvidovre Municipality?,Hvidovre Municipality is a municipality in the Danish region of Region Hovedstaden. The head of government for
qwen-2.5-1.5b,tas,1,P6:Q512562:Q12316076->Q109906272@2022-01-01,P6,Q12316076,Helle Moesgaard Adelborg,Q109906272,Anders Wolf Andresen,Who is the head of government of Hvidovre Municipality?,Answer the above question based on the context below:  Hvidovre Municipality is a municipality in the Region of
qwen-2.5-1.5b,iti,1,P6:Q512562:Q12316076->Q109906272@2022-01-01,P6,Q12316076,Helle Moesgaard Adelborg,Q109906272,Anders Wolf Andresen,Who is the head of government of Hvidovre Municipality?,Hvidovre Municipality is a municipality in the Danish region of Region Hovedstaden. The head of government for
qwen-2.5-1.5b,standard,1,P6:Q612488:Q12330871->Q12336428@2010-01-01,P6,Q12330871,Palle Hansborg-Sørensen,Q12336428,Sonja Rasmussen,Who is the head of government of Kerteminde Municipality?,The head of government of Kerteminde Municipality is the Mayor of Kerteminde.
qwen-2.5-1.5b,tas,1,P6:Q612488:Q12330871->Q12336428@2010-01-01,P6,Q12330871,Palle Hansborg-Sørensen,Q12336428,Sonja Rasmussen,Who is the head of government of Kerteminde Municipality?,Answer the above question based on the context below:  Kerteminde Municipality is a municipality in the province of
qwen-2.5-1.5b,iti,1,P6:Q612488:Q12330871->Q12336428@2010-01-01,P6,Q12330871,Palle Hansborg-Sørensen,Q12336428,Sonja Rasmussen,Who is the head of government of Kerteminde Municipality?,"Kerteminde Municipality is a municipality in the province of Vestfold, Norway. The head of government of Kert"
qwen-2.5-1.5b,standard,1,P6:Q612488:Q12336428->Q19798424@2014-01-01,P6,Q12336428,Sonja Rasmussen,Q19798424,Hans Luunbjerg,Who is the head of government of Kerteminde Municipality?,The head of government of Kerteminde Municipality is the Mayor of Kerteminde.
qwen-2.5-1.5b,tas,1,P6:Q612488:Q12336428->Q19798424@2014-01-01,P6,Q12336428,Sonja Rasmussen,Q19798424,Hans Luunbjerg,Who is the head of government of Kerteminde Municipality?,Answer the above question based on the context below:  Kerteminde Municipality is a municipality in the province of
qwen-2.5-1.5b,iti,1,P6:Q612488:Q12336428->Q19798424@2014-01-01,P6,Q12336428,Sonja Rasmussen,Q19798424,Hans Luunbjerg,Who is the head of government of Kerteminde Municipality?,"Kerteminde Municipality is a municipality in the province of Vestfold, Norway. The head of government of Kert"
qwen-2.5-1.5b,standard,1,P6:Q612488:Q19798424->Q46996693@2018-01-01,P6,Q19798424,Hans Luunbjerg,Q46996693,Kasper Ejsing Olesen,Who is the head of government of Kerteminde Municipality?,The head of government of Kerteminde Municipality is the Mayor of Kerteminde.
qwen-2.5-1.5b,tas,1,P6:Q612488:Q19798424->Q46996693@2018-01-01,P6,Q19798424,Hans Luunbjerg,Q46996693,Kasper Ejsing Olesen,Who is the head of government of Kerteminde Municipality?,Answer the above question based on the context below:  Kerteminde Municipality is a municipality in the province of
qwen-2.5-1.5b,iti,1,P6:Q612488:Q19798424->Q46996693@2018-01-01,P6,Q19798424,Hans Luunbjerg,Q46996693,Kasper Ejsing Olesen,Who is the head of government of Kerteminde Municipality?,"Kerteminde Municipality is a municipality in the province of Vestfold, Norway. The head of government of Kert"
qwen-2.5-1.5b,standard,1,P6:Q656781:Q14089827->Q98818898@2015-01-01,P6,Q14089827,Antonio Gila Gila,Q98818898,Ander Oroz,Who is the head of government of Ansoáin-Antsoain?,The head of government of Ansoáin-Antsoain is the Prime Minister.
qwen-2.5-1.5b,tas,1,P6:Q656781:Q14089827->Q98818898@2015-01-01,P6,Q14089827,Antonio Gila Gila,Q98818898,Ander Oroz,Who is the head of government of Ansoáin-Antsoain?,Answer the above question based on the context below:  The city of Ansoáin-Antsoain is located
qwen-2.5-1.5b,iti,1,P6:Q656781:Q14089827->Q98818898@2015-01-01,P6,Q14089827,Antonio Gila Gila,Q98818898,Ander Oroz,Who is the head of government of Ansoáin-Antsoain?,A: The head of government of Ansoáin-Antsoain is the Prime Minister.
qwen-2.5-1.5b,standard,1,P6:Q64032:Q15018599->Q18648730@2014-01-01,P6,Q15018599,Martin Bornhauser,Q18648730,Werner Egli,Who is the head of government of Uster?,Uster is a municipality in the canton of Bern in Switzerland. The head of government is the mayor.
qwen-2.5-1.5b,tas,1,P6:Q64032:Q15018599->Q18648730@2014-01-01,P6,Q15018599,Martin Bornhauser,Q18648730,Werner Egli,Who is the head of government of Uster?,Answer the above question based on the context below:  Uster is a town in the canton of Bern in Switzerland
qwen-2.5-1.5b,iti,1,P6:Q64032:Q15018599->Q18648730@2014-01-01,P6,Q15018599,Martin Bornhauser,Q18648730,Werner Egli,Who is the head of government of Uster?,A: Uster is a municipality in the canton of Bern in Switzerland. The head of government of Uster is the
qwen-2.5-1.5b,standard,1,P6:Q505156:Q16060926->Q12319064@2010-01-01,P6,Q16060926,Torben Jensen,Q12319064,Jan Petersen,Who is the head of government of Norddjurs Municipality?,Answer the above question based on the context below:  The municipality of Norddjurs is located in the central part of
qwen-2.5-1.5b,tas,1,P6:Q505156:Q16060926->Q12319064@2010-01-01,P6,Q16060926,Torben Jensen,Q12319064,Jan Petersen,Who is the head of government of Norddjurs Municipality?,Answer the above question based on the context below:  The municipality of Norddjurs is located in the central part of
qwen-2.5-1.5b,iti,1,P6:Q505156:Q16060926->Q12319064@2010-01-01,P6,Q16060926,Torben Jensen,Q12319064,Jan Petersen,Who is the head of government of Norddjurs Municipality?,A: The head of government of Norddjurs Municipality is the Mayor.
qwen-2.5-1.5b,standard,1,P6:Q505156:Q12319064->Q110359533@2022-01-01,P6,Q12319064,Jan Petersen,Q110359533,Kasper Bjerregaard,Who is the head of government of Norddjurs Municipality?,Answer the above question based on the context below:  The municipality of Norddjurs is located in the central part of
qwen-2.5-1.5b,tas,1,P6:Q505156:Q12319064->Q110359533@2022-01-01,P6,Q12319064,Jan Petersen,Q110359533,Kasper Bjerregaard,Who is the head of government of Norddjurs Municipality?,Answer the above question based on the context below:  The municipality of Norddjurs is located in the central part of
qwen-2.5-1.5b,iti,1,P6:Q505156:Q12319064->Q110359533@2022-01-01,P6,Q12319064,Jan Petersen,Q110359533,Kasper Bjerregaard,Who is the head of government of Norddjurs Municipality?,A: The head of government of Norddjurs Municipality is the Mayor.
qwen-2.5-1.5b,standard,1,P6:Q243325:Q22279264->Q54094562@2018-09-26,P6,Q22279264,Md. Moniruzzaman Moni,Q54094562,Talukder Abdul Khaleque,Who is the head of government of Khulna?,The head of government of Khulna is the Chief Minister of Khulna. The Chief Minister is the leader of the
qwen-2.5-1.5b,tas,1,P6:Q243325:Q22279264->Q54094562@2018-09-26,P6,Q22279264,Md. Moniruzzaman Moni,Q54094562,Talukder Abdul Khaleque,Who is the head of government of Khulna?,"Answer the above question based on the context below:  The city is the headquarters of the Khulna Division, which"
qwen-2.5-1.5b,iti,1,P6:Q243325:Q22279264->Q54094562@2018-09-26,P6,Q22279264,Md. Moniruzzaman Moni,Q54094562,Talukder Abdul Khaleque,Who is the head of government of Khulna?,The head of government of Khulna is the Chief Minister of Khulna. The Chief Minister is the leader of the
qwen-2.5-1.5b,standard,1,P6:Q983635:Q20877122->Q20877118@2011-12-07,P6,Q20877122,Josep Marí Ribas,Q20877118,Neus Marí Marí,Who is the head of government of Sant Josep de sa Talaia?,The head of government of Sant Josep de sa Talaia is the Mayor of the municipality. The current Mayor of Sant
qwen-2.5-1.5b,tas,1,P6:Q983635:Q20877122->Q20877118@2011-12-07,P6,Q20877122,Josep Marí Ribas,Q20877118,Neus Marí Marí,Who is the head of government of Sant Josep de sa Talaia?,Answer the above question based on the context below:  The municipality of Sant Josep de Sa Talaia is located
qwen-2.5-1.5b,iti,1,P6:Q983635:Q20877122->Q20877118@2011-12-07,P6,Q20877122,Josep Marí Ribas,Q20877118,Neus Marí Marí,Who is the head of government of Sant Josep de sa Talaia?,Answer the above question based on the context below:  The municipality of Sant Josep de Sa Talaia is located
qwen-2.5-1.5b,standard,1,P6:Q983635:Q20877118->Q20877122@2015-06-13,P6,Q20877118,Neus Marí Marí,Q20877122,Josep Marí Ribas,Who is the head of government of Sant Josep de sa Talaia?,The head of government of Sant Josep de sa Talaia is the Mayor of the municipality. The current Mayor of Sant
qwen-2.5-1.5b,tas,1,P6:Q983635:Q20877118->Q20877122@2015-06-13,P6,Q20877118,Neus Marí Marí,Q20877122,Josep Marí Ribas,Who is the head of government of Sant Josep de sa Talaia?,Answer the above question based on the context below:  The municipality of Sant Josep de Sa Talaia is located
qwen-2.5-1.5b,iti,1,P6:Q983635:Q20877118->Q20877122@2015-06-13,P6,Q20877118,Neus Marí Marí,Q20877122,Josep Marí Ribas,Who is the head of government of Sant Josep de sa Talaia?,Answer the above question based on the context below:  The municipality of Sant Josep de Sa Talaia is located
qwen-2.5-1.5b,standard,1,P6:Q6157:Q18633627->Q20251906@2020-09-01,P6,Q18633627,Jorma Rasinmäki,Q20251906,Jaakko Kiiskilä,Who is the head of government of Seinäjoki?,The head of government of Seinäjoki is the Mayor of Seinäjoki. The Mayor is elected by
qwen-2.5-1.5b,tas,1,P6:Q6157:Q18633627->Q20251906@2020-09-01,P6,Q18633627,Jorma Rasinmäki,Q20251906,Jaakko Kiiskilä,Who is the head of government of Seinäjoki?,"Answer the above question based on the context below:  Seinäjoki is a city in Finland, in the"
qwen-2.5-1.5b,iti,1,P6:Q6157:Q18633627->Q20251906@2020-09-01,P6,Q18633627,Jorma Rasinmäki,Q20251906,Jaakko Kiiskilä,Who is the head of government of Seinäjoki?,Seinäjoki is a city in Finland. The head of government of Seinäjoki is the Mayor of
qwen-2.5-1.5b,standard,1,P6:Q503159:Q51757051->Q12342848@2010-01-01,P6,Q51757051,Bo Siesjö,Q12342848,Søren Kjærsgaard,Who is the head of government of Holbæk Municipality?,Holbæk Municipality is a municipality in the Danish province of Region Hovedstaden. The head of government of Hol
qwen-2.5-1.5b,tas,1,P6:Q503159:Q51757051->Q12342848@2010-01-01,P6,Q51757051,Bo Siesjö,Q12342848,Søren Kjærsgaard,Who is the head of government of Holbæk Municipality?,1. Holbæk Municipality is a municipality in the Danish province of Region Hovedstaden.
qwen-2.5-1.5b,iti,1,P6:Q503159:Q51757051->Q12342848@2010-01-01,P6,Q51757051,Bo Siesjö,Q12342848,Søren Kjærsgaard,Who is the head of government of Holbæk Municipality?,"Holbæk Municipality is led by the Mayor, who is responsible for overseeing the day-to-day operations of the municipality."
qwen-2.5-1.5b,standard,1,P6:Q503159:Q12342848->Q43397758@2018-01-01,P6,Q12342848,Søren Kjærsgaard,Q43397758,Christina Krzyrosiak Hansen,Who is the head of government of Holbæk Municipality?,Holbæk Municipality is a municipality in the Danish province of Region Hovedstaden. The head of government of Hol
qwen-2.5-1.5b,tas,1,P6:Q503159:Q12342848->Q43397758@2018-01-01,P6,Q12342848,Søren Kjærsgaard,Q43397758,Christina Krzyrosiak Hansen,Who is the head of government of Holbæk Municipality?,1. Holbæk Municipality is a municipality in the Danish province of Region Hovedstaden.
qwen-2.5-1.5b,iti,1,P6:Q503159:Q12342848->Q43397758@2018-01-01,P6,Q12342848,Søren Kjærsgaard,Q43397758,Christina Krzyrosiak Hansen,Who is the head of government of Holbæk Municipality?,"Holbæk Municipality is led by the Mayor, who is responsible for overseeing the day-to-day operations of the municipality."
qwen-2.5-1.5b,standard,1,P6:Q659355:Q55230095->Q98259018@2020-07-05,P6,Q55230095,Michel Dewitte,Q98259018,Véronique Leroy,Who is the head of government of Bousignies?,Bousignies is a commune in the French department of the Ardennes. The head of government is the mayor.
qwen-2.5-1.5b,tas,1,P6:Q659355:Q55230095->Q98259018@2020-07-05,P6,Q55230095,Michel Dewitte,Q98259018,Véronique Leroy,Who is the head of government of Bousignies?,Answer the above question based on the context below:  Bousignies is a commune in the Pas-de-Calais
qwen-2.5-1.5b,iti,1,P6:Q659355:Q55230095->Q98259018@2020-07-05,P6,Q55230095,Michel Dewitte,Q98259018,Véronique Leroy,Who is the head of government of Bousignies?,Bousignies is a commune in the French department of the Ardennes. The head of government is the mayor.
qwen-2.5-1.5b,standard,1,P6:Q836075:Q72719972->Q16439120@2011-11-24,P6,Q72719972,Yves Arend,Q16439120,Emile Eicher,Who is the head of government of Clervaux?,"Clervaux is a commune in the French department of Ain, in the Auvergne-Rhône-Alpes region"
qwen-2.5-1.5b,tas,1,P6:Q836075:Q72719972->Q16439120@2011-11-24,P6,Q72719972,Yves Arend,Q16439120,Emile Eicher,Who is the head of government of Clervaux?,Answer the above question based on the context below:  Clervaux is a commune in the Meuse department in the
qwen-2.5-1.5b,iti,1,P6:Q836075:Q72719972->Q16439120@2011-11-24,P6,Q72719972,Yves Arend,Q16439120,Emile Eicher,Who is the head of government of Clervaux?,"Clervaux is a commune in the French department of Ain, in the Auvergne-Rhône-Alpes region"
qwen-2.5-1.5b,standard,1,P6:Q1064628:Q65603063->Q98246051@2020-05-25,P6,Q65603063,Gérard Taisne,Q98246051,Marie-Jo Déprez,Who is the head of government of Clary?,"Answer the above question based on the context below:  The film begins with a young girl, Clary Fray,"
qwen-2.5-1.5b,tas,1,P6:Q1064628:Q65603063->Q98246051@2020-05-25,P6,Q65603063,Gérard Taisne,Q98246051,Marie-Jo Déprez,Who is the head of government of Clary?,"Answer the above question based on the context below:  The film begins with a young girl, Clary Fray,"
qwen-2.5-1.5b,iti,1,P6:Q1064628:Q65603063->Q98246051@2020-05-25,P6,Q65603063,Gérard Taisne,Q98246051,Marie-Jo Déprez,Who is the head of government of Clary?,"Clary is a fictional character from the ""Clary"" series of books by Cassandra Clare. The head of government in Cl"
qwen-2.5-1.5b,standard,1,P6:Q950923:Q66030656->Q66029714@2011-04-15,P6,Q66030656,Ivan Mahier,Q66029714,Anatol Antypienka,Who is the head of government of Lahojsk District?,The head of government of Lahojsk District is the Mayor of Lahojsk.
qwen-2.5-1.5b,tas,1,P6:Q950923:Q66030656->Q66029714@2011-04-15,P6,Q66030656,Ivan Mahier,Q66029714,Anatol Antypienka,Who is the head of government of Lahojsk District?,Answer the above question based on the context below:  Lahojsk District (Russian: Лаховский район
qwen-2.5-1.5b,iti,1,P6:Q950923:Q66030656->Q66029714@2011-04-15,P6,Q66030656,Ivan Mahier,Q66029714,Anatol Antypienka,Who is the head of government of Lahojsk District?,Lahojsk District is a district in the province of Lahojsk in the Republic of Moldova. The head
qwen-2.5-1.5b,standard,1,P6:Q950923:Q66029714->Q66025078@2014-07-01,P6,Q66029714,Anatol Antypienka,Q66025078,Viktar Kaliada,Who is the head of government of Lahojsk District?,The head of government of Lahojsk District is the Mayor of Lahojsk.
qwen-2.5-1.5b,tas,1,P6:Q950923:Q66029714->Q66025078@2014-07-01,P6,Q66029714,Anatol Antypienka,Q66025078,Viktar Kaliada,Who is the head of government of Lahojsk District?,Answer the above question based on the context below:  Lahojsk District (Russian: Лаховский район
qwen-2.5-1.5b,iti,1,P6:Q950923:Q66029714->Q66025078@2014-07-01,P6,Q66029714,Anatol Antypienka,Q66025078,Viktar Kaliada,Who is the head of government of Lahojsk District?,Lahojsk District is a district in the province of Lahojsk in the Republic of Moldova. The head
qwen-2.5-1.5b,standard,1,P6:Q950923:Q66025078->Q66024986@2019-03-01,P6,Q66025078,Viktar Kaliada,Q66024986,Aliaksandar Lasevich,Who is the head of government of Lahojsk District?,The head of government of Lahojsk District is the Mayor of Lahojsk.
qwen-2.5-1.5b,tas,1,P6:Q950923:Q66025078->Q66024986@2019-03-01,P6,Q66025078,Viktar Kaliada,Q66024986,Aliaksandar Lasevich,Who is the head of government of Lahojsk District?,Answer the above question based on the context below:  Lahojsk District (Russian: Лаховский район
qwen-2.5-1.5b,iti,1,P6:Q950923:Q66025078->Q66024986@2019-03-01,P6,Q66025078,Viktar Kaliada,Q66024986,Aliaksandar Lasevich,Who is the head of government of Lahojsk District?,Lahojsk District is a district in the province of Lahojsk in the Republic of Moldova. The head
qwen-2.5-1.5b,standard,1,P6:Q986403:Q96053708->Q13101525@2011-11-21,P6,Q96053708,François Dahm,Q13101525,André Bauler,Who is the head of government of Erpeldange-sur-Sûre?,Erpeldange-sur-Sûre is a commune in the Meuse department in the Grand Est region of France. The
qwen-2.5-1.5b,tas,1,P6:Q986403:Q96053708->Q13101525@2011-11-21,P6,Q96053708,François Dahm,Q13101525,André Bauler,Who is the head of government of Erpeldange-sur-Sûre?,Answer the above question based on the context below:  Erpeldange-sur-Sûre is a commune in the
qwen-2.5-1.5b,iti,1,P6:Q986403:Q96053708->Q13101525@2011-11-21,P6,Q96053708,François Dahm,Q13101525,André Bauler,Who is the head of government of Erpeldange-sur-Sûre?,Erpeldange-sur-Sûre is a commune in the Meuse department in the Grand Est region of France. The
qwen-2.5-1.5b,standard,1,P6:Q986403:Q13101525->Q96053362@2014-01-17,P6,Q13101525,André Bauler,Q96053362,Claude Gleis,Who is the head of government of Erpeldange-sur-Sûre?,Erpeldange-sur-Sûre is a commune in the Meuse department in the Grand Est region of France. The
qwen-2.5-1.5b,tas,1,P6:Q986403:Q13101525->Q96053362@2014-01-17,P6,Q13101525,André Bauler,Q96053362,Claude Gleis,Who is the head of government of Erpeldange-sur-Sûre?,Answer the above question based on the context below:  Erpeldange-sur-Sûre is a commune in the
qwen-2.5-1.5b,iti,1,P6:Q986403:Q13101525->Q96053362@2014-01-17,P6,Q13101525,André Bauler,Q96053362,Claude Gleis,Who is the head of government of Erpeldange-sur-Sûre?,Erpeldange-sur-Sûre is a commune in the Meuse department in the Grand Est region of France. The
qwen-2.5-1.5b,standard,1,P6:Q21159:Q70844762->Q64151954@2011-09-01,P6,Q70844762,Rainer Maaß,Q64151954,Uwe Schmitz,Who is the head of government of Husum?,The head of government of Husum is the Mayor of Husum. The Mayor is elected by the city council and is responsible
qwen-2.5-1.5b,tas,1,P6:Q21159:Q70844762->Q64151954@2011-09-01,P6,Q70844762,Rainer Maaß,Q64151954,Uwe Schmitz,Who is the head of government of Husum?,Answer the above question based on the context below:  The city is governed by a mayor and a 15-member
qwen-2.5-1.5b,iti,1,P6:Q21159:Q70844762->Q64151954@2011-09-01,P6,Q70844762,Rainer Maaß,Q64151954,Uwe Schmitz,Who is the head of government of Husum?,H. G. Kapp
qwen-2.5-1.5b,standard,1,P6:Q854987:Q110812773->Q110812756@2019-01-01,P6,Q110812773,Ferenc Sándor Lehoczki,Q110812756,Ferenc Temerini,Who is the head of government of Soltvadkert?,Soltvadkert is a city in the Republic of Azerbaijan. The head of government of Soltvadk
qwen-2.5-1.5b,tas,1,P6:Q854987:Q110812773->Q110812756@2019-01-01,P6,Q110812773,Ferenc Sándor Lehoczki,Q110812756,Ferenc Temerini,Who is the head of government of Soltvadkert?,Answer the above question based on the context below:  The first parliamentary elections were held on 25 October 1
qwen-2.5-1.5b,iti,1,P6:Q854987:Q110812773->Q110812756@2019-01-01,P6,Q110812773,Ferenc Sándor Lehoczki,Q110812756,Ferenc Temerini,Who is the head of government of Soltvadkert?,Soltvadkert is a city in the Republic of Azerbaijan. The head of government of Soltvadk
qwen-2.5-1.5b,standard,1,P6:Q154540:Q110845248->Q110845216@2014-01-01,P6,Q110845248,Szilárd Székely,Q110845216,Győzőné Rabb,Who is the head of government of Sásd?,"Sásd is a municipality in the county of Veszprém, Hungary. The head of government of Sásd"
qwen-2.5-1.5b,tas,1,P6:Q154540:Q110845248->Q110845216@2014-01-01,P6,Q110845248,Szilárd Székely,Q110845216,Győzőné Rabb,Who is the head of government of Sásd?,A. Prime Minister B. President C. Minister D. Governor
qwen-2.5-1.5b,iti,1,P6:Q154540:Q110845248->Q110845216@2014-01-01,P6,Q110845248,Szilárd Székely,Q110845216,Győzőné Rabb,Who is the head of government of Sásd?,"Sásd is a small village in Hungary, and its head of government is the mayor. The mayor is elected by the"
qwen-2.5-1.5b,standard,1,P6:Q154540:Q110845216->Q110844936@2019-01-01,P6,Q110845216,Győzőné Rabb,Q110844936,János Jusztinger,Who is the head of government of Sásd?,"Sásd is a municipality in the county of Veszprém, Hungary. The head of government of Sásd"
qwen-2.5-1.5b,tas,1,P6:Q154540:Q110845216->Q110844936@2019-01-01,P6,Q110845216,Győzőné Rabb,Q110844936,János Jusztinger,Who is the head of government of Sásd?,A. Prime Minister B. President C. Minister D. Governor
qwen-2.5-1.5b,iti,1,P6:Q154540:Q110845216->Q110844936@2019-01-01,P6,Q110845216,Győzőné Rabb,Q110844936,János Jusztinger,Who is the head of government of Sásd?,"Sásd is a small village in Hungary, and its head of government is the mayor. The mayor is elected by the"
qwen-2.5-1.5b,standard,1,P6:Q431271:Q110622837->Q106782895@2020-12-01,P6,Q110622837,Anders Röhfors,Q106782895,Jonna Lindman,Who is the head of government of Arboga Municipality?,The head of government of Arboga Municipality is the Mayor.
qwen-2.5-1.5b,tas,1,P6:Q431271:Q110622837->Q106782895@2020-12-01,P6,Q110622837,Anders Röhfors,Q106782895,Jonna Lindman,Who is the head of government of Arboga Municipality?,Answer the above question based on the context below:  Arboga Municipality is a municipality in the province of Öre
qwen-2.5-1.5b,iti,1,P6:Q431271:Q110622837->Q106782895@2020-12-01,P6,Q110622837,Anders Röhfors,Q106782895,Jonna Lindman,Who is the head of government of Arboga Municipality?,The head of government of Arboga Municipality is the Mayor.
qwen-2.5-1.5b,standard,1,P6:Q4418748:Q114686868->Q124050751@2012-01-01,P6,Q114686868,Mohamed Hosni Al-Saisy,Q124050751,Abde Rahim Bouabid,Who is the head of government of Sidi Bennour?,The head of government of Sidi Bennour is the Prime Minister.
qwen-2.5-1.5b,tas,1,P6:Q4418748:Q114686868->Q124050751@2012-01-01,P6,Q114686868,Mohamed Hosni Al-Saisy,Q124050751,Abde Rahim Bouabid,Who is the head of government of Sidi Bennour?,"Answer the above question based on the context below:  The city is governed by a municipal council, elected every four years"
qwen-2.5-1.5b,iti,1,P6:Q4418748:Q114686868->Q124050751@2012-01-01,P6,Q114686868,Mohamed Hosni Al-Saisy,Q124050751,Abde Rahim Bouabid,Who is the head of government of Sidi Bennour?,"Sidi Bennour is a city in Morocco, and its head of government is the mayor. The mayor is elected by the"
qwen-2.5-1.5b,standard,1,P6:Q4418748:Q124050751->Q124049979@2017-01-01,P6,Q124050751,Abde Rahim Bouabid,Q124049979,Abdul Latif Belbir,Who is the head of government of Sidi Bennour?,The head of government of Sidi Bennour is the Prime Minister.
qwen-2.5-1.5b,tas,1,P6:Q4418748:Q124050751->Q124049979@2017-01-01,P6,Q124050751,Abde Rahim Bouabid,Q124049979,Abdul Latif Belbir,Who is the head of government of Sidi Bennour?,"Answer the above question based on the context below:  The city is governed by a municipal council, elected every four years"
qwen-2.5-1.5b,iti,1,P6:Q4418748:Q124050751->Q124049979@2017-01-01,P6,Q124050751,Abde Rahim Bouabid,Q124049979,Abdul Latif Belbir,Who is the head of government of Sidi Bennour?,"Sidi Bennour is a city in Morocco, and its head of government is the mayor. The mayor is elected by the"
qwen-2.5-1.5b,standard,1,P6:Q4418748:Q124049979->Q124049931@2021-01-01,P6,Q124049979,Abdul Latif Belbir,Q124049931,Abdel Moeed Asaad,Who is the head of government of Sidi Bennour?,The head of government of Sidi Bennour is the Prime Minister.
qwen-2.5-1.5b,tas,1,P6:Q4418748:Q124049979->Q124049931@2021-01-01,P6,Q124049979,Abdul Latif Belbir,Q124049931,Abdel Moeed Asaad,Who is the head of government of Sidi Bennour?,"Answer the above question based on the context below:  The city is governed by a municipal council, elected every four years"
qwen-2.5-1.5b,iti,1,P6:Q4418748:Q124049979->Q124049931@2021-01-01,P6,Q124049979,Abdul Latif Belbir,Q124049931,Abdel Moeed Asaad,Who is the head of government of Sidi Bennour?,"Sidi Bennour is a city in Morocco, and its head of government is the mayor. The mayor is elected by the"
qwen-2.5-1.5b,standard,1,P6:Q7730:Q21104120->Q4142768@2019-12-12,P6,Q21104120,Alexander Levintal,Q4142768,Rostislav Goldstein,Who is the head of government of Jewish Autonomous Oblast?,The head of government of Jewish Autonomous Oblast is the Chairman of the Council of Ministers of the Jewish Autonomous Oblast.
qwen-2.5-1.5b,tas,1,P6:Q7730:Q21104120->Q4142768@2019-12-12,P6,Q21104120,Alexander Levintal,Q4142768,Rostislav Goldstein,Who is the head of government of Jewish Autonomous Oblast?,Answer the above question based on the context below:  The Jewish Autonomous Oblast was established in 1924
qwen-2.5-1.5b,iti,1,P6:Q7730:Q21104120->Q4142768@2019-12-12,P6,Q21104120,Alexander Levintal,Q4142768,Rostislav Goldstein,Who is the head of government of Jewish Autonomous Oblast?,A: Jewish Autonomous Oblast is a Jewish autonomous oblast of the Russian Federation. The head of government of Jewish Autonomous Obl
qwen-2.5-1.5b,standard,1,P6:Q1948:Q178944->Q2924976@2016-05-03,P6,Q178944,Greg Selinger,Q2924976,Brian Pallister,Who is the head of government of Manitoba?,The head of government of Manitoba is the Premier of Manitoba. The Premier is the leader of the political party that holds the majority
qwen-2.5-1.5b,tas,1,P6:Q1948:Q178944->Q2924976@2016-05-03,P6,Q178944,Greg Selinger,Q2924976,Brian Pallister,Who is the head of government of Manitoba?,David Anderson
qwen-2.5-1.5b,iti,1,P6:Q1948:Q178944->Q2924976@2016-05-03,P6,Q178944,Greg Selinger,Q2924976,Brian Pallister,Who is the head of government of Manitoba?,The head of government of Manitoba is the Premier of Manitoba. The Premier is the leader of the political party that holds the majority
qwen-2.5-1.5b,standard,1,P6:Q1948:Q2924976->Q6386656@2021-09-01,P6,Q2924976,Brian Pallister,Q6386656,Kelvin Goertzen,Who is the head of government of Manitoba?,The head of government of Manitoba is the Premier of Manitoba. The Premier is the leader of the political party that holds the majority
qwen-2.5-1.5b,tas,1,P6:Q1948:Q2924976->Q6386656@2021-09-01,P6,Q2924976,Brian Pallister,Q6386656,Kelvin Goertzen,Who is the head of government of Manitoba?,David Anderson
qwen-2.5-1.5b,iti,1,P6:Q1948:Q2924976->Q6386656@2021-09-01,P6,Q2924976,Brian Pallister,Q6386656,Kelvin Goertzen,Who is the head of government of Manitoba?,The head of government of Manitoba is the Premier of Manitoba. The Premier is the leader of the political party that holds the majority
qwen-2.5-1.5b,standard,1,P6:Q365:Q54678->Q19285371@2015-10-02,P6,Q54678,Jürgen Roters,Q19285371,Henriette Reker,Who is the head of government of Cologne?,Cologne is a city in Germany. The head of government is the Mayor of Cologne.
qwen-2.5-1.5b,tas,1,P6:Q365:Q54678->Q19285371@2015-10-02,P6,Q54678,Jürgen Roters,Q19285371,Henriette Reker,Who is the head of government of Cologne?,Answer the above question based on the context below:  Cologne is governed by a mayor and a 15-member city
qwen-2.5-1.5b,iti,1,P6:Q365:Q54678->Q19285371@2015-10-02,P6,Q54678,Jürgen Roters,Q19285371,Henriette Reker,Who is the head of government of Cologne?,The head of government of Cologne is the Mayor of Cologne. The current Mayor of Cologne is Frank Hugenholtz.
qwen-2.5-1.5b,standard,1,P6:Q80011:Q449915->Q11568706@2021-04-05,P6,Q449915,Kensaku Morita,Q11568706,Toshihito Kumagai,Who is the head of government of Chiba Prefecture?,The head of government of Chiba Prefecture is the Governor of Chiba Prefecture. The Governor is appointed by the Emperor
qwen-2.5-1.5b,tas,1,P6:Q80011:Q449915->Q11568706@2021-04-05,P6,Q449915,Kensaku Morita,Q11568706,Toshihito Kumagai,Who is the head of government of Chiba Prefecture?,A. Governor B. Mayor C. Prefect D. Chief Executive
qwen-2.5-1.5b,iti,1,P6:Q80011:Q449915->Q11568706@2021-04-05,P6,Q449915,Kensaku Morita,Q11568706,Toshihito Kumagai,Who is the head of government of Chiba Prefecture?,"Chiba Prefecture is governed by a governor, who is appointed by the Emperor of Japan. The governor is responsible for overseeing"
qwen-2.5-1.5b,standard,1,P6:Q16555:Q213847->Q16751186@2016-01-02,P6,Q213847,Annise Parker,Q16751186,Sylvester Turner,Who is the head of government of Houston?,The head of government of Houston is the Mayor of Houston. The Mayor is elected by the citizens of Houston and is responsible for
qwen-2.5-1.5b,tas,1,P6:Q16555:Q213847->Q16751186@2016-01-02,P6,Q213847,Annise Parker,Q16751186,Sylvester Turner,Who is the head of government of Houston?,A. Mayor B. Governor C. President D. Chief Executive
qwen-2.5-1.5b,iti,1,P6:Q16555:Q213847->Q16751186@2016-01-02,P6,Q213847,Annise Parker,Q16751186,Sylvester Turner,Who is the head of government of Houston?,The head of government of Houston is the Mayor of Houston. The current Mayor of Houston is Sylvester Turner.
qwen-2.5-1.5b,standard,1,P6:Q1197:Q62093->Q2120880@2013-02-19,P6,Q62093,David McAllister,Q2120880,Stephan Weil,Who is the head of government of Lower Saxony?,Lower Saxony is a state in Germany. The head of government is the Minister-President. The current Minister-President is Horst
qwen-2.5-1.5b,tas,1,P6:Q1197:Q62093->Q2120880@2013-02-19,P6,Q62093,David McAllister,Q2120880,Stephan Weil,Who is the head of government of Lower Saxony?,Norbert Lammert
qwen-2.5-1.5b,iti,1,P6:Q1197:Q62093->Q2120880@2013-02-19,P6,Q62093,David McAllister,Q2120880,Stephan Weil,Who is the head of government of Lower Saxony?,Gerd Müller
qwen-2.5-1.5b,standard,1,P6:Q219045:Q268595->Q23897009@2013-02-25,P6,Q268595,Nathalie Kosciusko-Morizet,Q23897009,Sandrine Gelot,Who is the head of government of Longjumeau?,The head of government of Longjumeau is the Mayor.
qwen-2.5-1.5b,tas,1,P6:Q219045:Q268595->Q23897009@2013-02-25,P6,Q268595,Nathalie Kosciusko-Morizet,Q23897009,Sandrine Gelot,Who is the head of government of Longjumeau?,A: The head of government of Longjumeau is the mayor.
qwen-2.5-1.5b,iti,1,P6:Q219045:Q268595->Q23897009@2013-02-25,P6,Q268595,Nathalie Kosciusko-Morizet,Q23897009,Sandrine Gelot,Who is the head of government of Longjumeau?,A: The head of government of Longjumeau is the mayor.
qwen-2.5-1.5b,standard,1,P6:Q1462:Q1243696->Q15622352@2014-03-12,P6,Q1243696,Ugo Cappellacci,Q15622352,Francesco Pigliaru,Who is the head of government of Sardinia?,The head of government of Sardinia is the Governor of Sardinia.
qwen-2.5-1.5b,tas,1,P6:Q1462:Q1243696->Q15622352@2014-03-12,P6,Q1243696,Ugo Cappellacci,Q15622352,Francesco Pigliaru,Who is the head of government of Sardinia?,Answer the above question based on the context below:  The island of Sardinia is divided into two regions: the
qwen-2.5-1.5b,iti,1,P6:Q1462:Q1243696->Q15622352@2014-03-12,P6,Q1243696,Ugo Cappellacci,Q15622352,Francesco Pigliaru,Who is the head of government of Sardinia?,Sardinia is an autonomous region of Italy. The head of government of Sardinia is the Governor of Sardinia
qwen-2.5-1.5b,standard,1,P6:Q1055:Q77390->Q61053@2011-03-07,P6,Q77390,Christoph Ahlhaus,Q61053,Olaf Scholz,Who is the head of government of Hamburg?,Hamburg is a city-state in Germany. The head of government is the Mayor of Hamburg.
qwen-2.5-1.5b,tas,1,P6:Q1055:Q77390->Q61053@2011-03-07,P6,Q77390,Christoph Ahlhaus,Q61053,Olaf Scholz,Who is the head of government of Hamburg?,(German Federal State)
qwen-2.5-1.5b,iti,1,P6:Q1055:Q77390->Q61053@2011-03-07,P6,Q77390,Christoph Ahlhaus,Q61053,Olaf Scholz,Who is the head of government of Hamburg?,The head of government of Hamburg is the Minister-President of Hamburg. The current Minister-President is Christian Lindner.
qwen-2.5-1.5b,standard,1,P6:Q1055:Q61053->Q971774@2018-03-28,P6,Q61053,Olaf Scholz,Q971774,Peter Tschentscher,Who is the head of government of Hamburg?,Hamburg is a city-state in Germany. The head of government is the Mayor of Hamburg.
qwen-2.5-1.5b,tas,1,P6:Q1055:Q61053->Q971774@2018-03-28,P6,Q61053,Olaf Scholz,Q971774,Peter Tschentscher,Who is the head of government of Hamburg?,(German Federal State)
qwen-2.5-1.5b,iti,1,P6:Q1055:Q61053->Q971774@2018-03-28,P6,Q61053,Olaf Scholz,Q971774,Peter Tschentscher,Who is the head of government of Hamburg?,The head of government of Hamburg is the Minister-President of Hamburg. The current Minister-President is Christian Lindner.
qwen-2.5-1.5b,standard,1,P6:Q1202:Q77391->Q1928299@2017-01-01,P6,Q77391,Stanislaw Tillich,Q1928299,Michael Kretschmer,Who is the head of government of Saxony?,The head of government of Saxony is the Minister-President of Saxony. The current Minister-President is Markus Soeder.
qwen-2.5-1.5b,tas,1,P6:Q1202:Q77391->Q1928299@2017-01-01,P6,Q77391,Stanislaw Tillich,Q1928299,Michael Kretschmer,Who is the head of government of Saxony?,Answer the above question based on the context below:  The state of Saxony is divided into 12 districts (
qwen-2.5-1.5b,iti,1,P6:Q1202:Q77391->Q1928299@2017-01-01,P6,Q77391,Stanislaw Tillich,Q1928299,Michael Kretschmer,Who is the head of government of Saxony?,Answer the above question based on the context below:  The state of Saxony is divided into 12 districts (
qwen-2.5-1.5b,standard,1,P6:Q33959:Q749029->Q24452013@2016-06-14,P6,Q749029,Christian Estrosi,Q24452013,Philippe Pradal,Who is the head of government of Nice?,Nice is a city in the French region of Provence-Alpes-Côte d'Azur. The head of government of
qwen-2.5-1.5b,tas,1,P6:Q33959:Q749029->Q24452013@2016-06-14,P6,Q749029,Christian Estrosi,Q24452013,Philippe Pradal,Who is the head of government of Nice?,Answer the above question based on the context below:  The city was founded by the Romans in 118 BC
qwen-2.5-1.5b,iti,1,P6:Q33959:Q749029->Q24452013@2016-06-14,P6,Q749029,Christian Estrosi,Q24452013,Philippe Pradal,Who is the head of government of Nice?,A. Mayor B. Prime Minister C. President D. Governor
qwen-2.5-1.5b,standard,1,P6:Q33959:Q24452013->Q749029@2017-05-15,P6,Q24452013,Philippe Pradal,Q749029,Christian Estrosi,Who is the head of government of Nice?,Nice is a city in the French region of Provence-Alpes-Côte d'Azur. The head of government of
qwen-2.5-1.5b,tas,1,P6:Q33959:Q24452013->Q749029@2017-05-15,P6,Q24452013,Philippe Pradal,Q749029,Christian Estrosi,Who is the head of government of Nice?,Answer the above question based on the context below:  The city was founded by the Romans in 118 BC
qwen-2.5-1.5b,iti,1,P6:Q33959:Q24452013->Q749029@2017-05-15,P6,Q24452013,Philippe Pradal,Q749029,Christian Estrosi,Who is the head of government of Nice?,A. Mayor B. Prime Minister C. President D. Governor
qwen-2.5-1.5b,standard,1,P6:Q34020:Q785548->Q19876617@2020-06-11,P6,Q785548,Toke Talagi,Q19876617,Dalton Tagelagi,Who is the head of government of Niue?,Niue is an island nation in the South Pacific Ocean. The head of government of Niue is the Prime Minister. The
qwen-2.5-1.5b,tas,1,P6:Q34020:Q785548->Q19876617@2020-06-11,P6,Q785548,Toke Talagi,Q19876617,Dalton Tagelagi,Who is the head of government of Niue?,Answer the above question based on the context below:  Niue is a self-governing state in free association with
qwen-2.5-1.5b,iti,1,P6:Q34020:Q785548->Q19876617@2020-06-11,P6,Q785548,Toke Talagi,Q19876617,Dalton Tagelagi,Who is the head of government of Niue?,Niue is an island nation in the South Pacific Ocean. The head of government of Niue is the Prime Minister. The
qwen-2.5-1.5b,standard,1,P6:Q7880:Q960706->Q3082845@2014-04-04,P6,Q960706,Pierre Cohen,Q3082845,Jean-Luc Moudenc,Who is the head of government of Toulouse?,The head of government of Toulouse is the Mayor of Toulouse. The current Mayor of Toulouse is Jean-Louis Bor
qwen-2.5-1.5b,tas,1,P6:Q7880:Q960706->Q3082845@2014-04-04,P6,Q960706,Pierre Cohen,Q3082845,Jean-Luc Moudenc,Who is the head of government of Toulouse?,Answer the above question based on the context below:  Toulouse is governed by a mayor and a city council. The
qwen-2.5-1.5b,iti,1,P6:Q7880:Q960706->Q3082845@2014-04-04,P6,Q960706,Pierre Cohen,Q3082845,Jean-Luc Moudenc,Who is the head of government of Toulouse?,"Toulouse is a city in France, and its head of government is the Mayor of Toulouse. The Mayor is elected by"
qwen-2.5-1.5b,standard,1,P6:Q79815:Q1685800->Q47872392@2017-10-20,P6,Q1685800,Jean Rottner,Q47872392,Michèle Lutz,Who is the head of government of Mulhouse?,The head of government of Mulhouse is the Mayor of Mulhouse. The Mayor is elected by the city council and is responsible
qwen-2.5-1.5b,tas,1,P6:Q79815:Q1685800->Q47872392@2017-10-20,P6,Q1685800,Jean Rottner,Q47872392,Michèle Lutz,Who is the head of government of Mulhouse?,"Answer the above question based on the context below:  Mulhouse is a city in Alsace, France, and is"
qwen-2.5-1.5b,iti,1,P6:Q79815:Q1685800->Q47872392@2017-10-20,P6,Q1685800,Jean Rottner,Q47872392,Michèle Lutz,Who is the head of government of Mulhouse?,M. Jean-Claude Gaudin
qwen-2.5-1.5b,standard,1,P6:Q158876:Q1442900->Q110015625@2021-01-01,P6,Q1442900,Frank Balzer,Q110015625,Uwe Brockhausen,Who is the head of government of Reinickendorf?,Reinickendorf is a town in the German state of Brandenburg. The head of government of Reinickendorf is
qwen-2.5-1.5b,tas,1,P6:Q158876:Q1442900->Q110015625@2021-01-01,P6,Q1442900,Frank Balzer,Q110015625,Uwe Brockhausen,Who is the head of government of Reinickendorf?,Answer the above question based on the context below:  Reinickendorf is a town in the district of Reinick
qwen-2.5-1.5b,iti,1,P6:Q158876:Q1442900->Q110015625@2021-01-01,P6,Q1442900,Frank Balzer,Q110015625,Uwe Brockhausen,Who is the head of government of Reinickendorf?,Reinickendorf is a town in the German state of Brandenburg. The head of government of Reinickendorf is
qwen-2.5-1.5b,standard,1,P6:Q5387:Q1396536->Q26161019@2016-07-28,P6,Q1396536,Nikita Belykh,Q26161019,Igor Vasilyev,Who is the head of government of Kirov Oblast?,Answer the above question based on the context below:  Kirov Oblast is divided into 11 raions
qwen-2.5-1.5b,tas,1,P6:Q5387:Q1396536->Q26161019@2016-07-28,P6,Q1396536,Nikita Belykh,Q26161019,Igor Vasilyev,Who is the head of government of Kirov Oblast?,Answer the above question based on the context below:  Kirov Oblast is divided into 11 raions
qwen-2.5-1.5b,iti,1,P6:Q5387:Q1396536->Q26161019@2016-07-28,P6,Q1396536,Nikita Belykh,Q26161019,Igor Vasilyev,Who is the head of government of Kirov Oblast?,Kirov Oblast is a region in Russia. The head of government is called the Governor. The Governor is like the
qwen-2.5-1.5b,standard,1,P6:Q5387:Q26161019->Q111954637@2022-05-10,P6,Q26161019,Igor Vasilyev,Q111954637,Aleksandr Sokolov,Who is the head of government of Kirov Oblast?,Answer the above question based on the context below:  Kirov Oblast is divided into 11 raions
qwen-2.5-1.5b,tas,1,P6:Q5387:Q26161019->Q111954637@2022-05-10,P6,Q26161019,Igor Vasilyev,Q111954637,Aleksandr Sokolov,Who is the head of government of Kirov Oblast?,Answer the above question based on the context below:  Kirov Oblast is divided into 11 raions
qwen-2.5-1.5b,iti,1,P6:Q5387:Q26161019->Q111954637@2022-05-10,P6,Q26161019,Igor Vasilyev,Q111954637,Aleksandr Sokolov,Who is the head of government of Kirov Oblast?,Kirov Oblast is a region in Russia. The head of government is called the Governor. The Governor is like the
qwen-2.5-1.5b,standard,1,P6:Q6339:Q1444383->Q18027386@2022-08-01,P6,Q1444383,Frank Vogel,Q18027386,Rico Anton,Who is the head of government of Erzgebirgskreis?,"Erzgebirgskreis is a district in the state of Saxony, Germany. The head of government for"
qwen-2.5-1.5b,tas,1,P6:Q6339:Q1444383->Q18027386@2022-08-01,P6,Q1444383,Frank Vogel,Q18027386,Rico Anton,Who is the head of government of Erzgebirgskreis?,"Answer the above question based on the context below:  Erzgebirgskreis is a Kreis ("""
qwen-2.5-1.5b,iti,1,P6:Q6339:Q1444383->Q18027386@2022-08-01,P6,Q1444383,Frank Vogel,Q18027386,Rico Anton,Who is the head of government of Erzgebirgskreis?,"Erzgebirgskreis is a district in the state of Saxony, Germany. The head of government for"
qwen-2.5-1.5b,standard,1,P6:Q14932:Q1456972->Q1682350@2020-07-01,P6,Q1456972,Frieder Gebhardt,Q1682350,Jan Werner,Who is the head of government of Langen?,The head of government of Langen is the mayor.
qwen-2.5-1.5b,tas,1,P6:Q14932:Q1456972->Q1682350@2020-07-01,P6,Q1456972,Frieder Gebhardt,Q1682350,Jan Werner,Who is the head of government of Langen?,A. Mayor B. Governor C. Minister D. President
qwen-2.5-1.5b,iti,1,P6:Q14932:Q1456972->Q1682350@2020-07-01,P6,Q1456972,Frieder Gebhardt,Q1682350,Jan Werner,Who is the head of government of Langen?,A. Mayor B. Governor C. Minister D. President
qwen-2.5-1.5b,standard,1,P6:Q14859:Q1035641->Q107411077@2020-05-01,P6,Q1035641,Carda Seidel,Q107411077,Thomas Deffner,Who is the head of government of Ansbach?,"Ansbach is a city in Bavaria, Germany. The head of government of Ansbach is the Mayor of An"
qwen-2.5-1.5b,tas,1,P6:Q14859:Q1035641->Q107411077@2020-05-01,P6,Q1035641,Carda Seidel,Q107411077,Thomas Deffner,Who is the head of government of Ansbach?,Answer the above question based on the context below:  Ansbach is a city in the Bavarian Landgravi
qwen-2.5-1.5b,iti,1,P6:Q14859:Q1035641->Q107411077@2020-05-01,P6,Q1035641,Carda Seidel,Q107411077,Thomas Deffner,Who is the head of government of Ansbach?,A: Christian Wulff
qwen-2.5-1.5b,standard,1,P6:Q6214:Q1051946->Q889942@2020-11-01,P6,Q1051946,Cay Süberkrüb,Q889942,Bodo Klimpel,Who is the head of government of Recklinghausen?,"Recklinghausen is a city in North Rhine-Westphalia, Germany. The head of government of Reckling"
qwen-2.5-1.5b,tas,1,P6:Q6214:Q1051946->Q889942@2020-11-01,P6,Q1051946,Cay Süberkrüb,Q889942,Bodo Klimpel,Who is the head of government of Recklinghausen?,Answer the above question based on the context below:  Recklinghausen is a city in North Rhine-Westph
qwen-2.5-1.5b,iti,1,P6:Q6214:Q1051946->Q889942@2020-11-01,P6,Q1051946,Cay Süberkrüb,Q889942,Bodo Klimpel,Who is the head of government of Recklinghausen?,"Recklinghausen is a city in North Rhine-Westphalia, Germany. The head of government of Reckling"
qwen-2.5-1.5b,standard,1,P6:Q132410:Q1174142->Q52707425@2018-03-20,P6,Q1174142,David Mabuza,Q52707425,Refilwe Mtsweni,Who is the head of government of Mpumalanga?,The head of government of Mpumalanga is the Premier of Mpumalanga Province. The Premier is appointed by the
qwen-2.5-1.5b,tas,1,P6:Q132410:Q1174142->Q52707425@2018-03-20,P6,Q1174142,David Mabuza,Q52707425,Refilwe Mtsweni,Who is the head of government of Mpumalanga?,"Answer the above question based on the context below:  The province is bordered by the Free State to the west, Gaut"
qwen-2.5-1.5b,iti,1,P6:Q132410:Q1174142->Q52707425@2018-03-20,P6,Q1174142,David Mabuza,Q52707425,Refilwe Mtsweni,Who is the head of government of Mpumalanga?,Mampuru Mkhize
qwen-2.5-1.5b,standard,1,P6:Q3874:Q1223297->Q58047235@2021-12-13,P6,Q1223297,Dietlind Grabe,Q58047235,Frank-Tilo Becher,Who is the head of government of Giessen?,Giessen is a city in the German state of Hesse. The head of government of Giessen is the Mayor of Gi
qwen-2.5-1.5b,tas,1,P6:Q3874:Q1223297->Q58047235@2021-12-13,P6,Q1223297,Dietlind Grabe,Q58047235,Frank-Tilo Becher,Who is the head of government of Giessen?,"Answer the above question based on the context below:  Giessen is a city in the German state of Hesse,"
qwen-2.5-1.5b,iti,1,P6:Q3874:Q1223297->Q58047235@2021-12-13,P6,Q1223297,Dietlind Grabe,Q58047235,Frank-Tilo Becher,Who is the head of government of Giessen?,Giessen is a city in the German state of Hesse. The head of government of Giessen is the Mayor of Gi
qwen-2.5-1.5b,standard,1,P6:Q6543:Q2570032->Q56640286@2018-01-01,P6,Q2570032,Viktor Zimin,Q56640286,Valentin Konovalov,Who is the head of government of Khakassia?,The head of government of Khakassia is the Governor of Khakassia.
qwen-2.5-1.5b,tas,1,P6:Q6543:Q2570032->Q56640286@2018-01-01,P6,Q2570032,Viktor Zimin,Q56640286,Valentin Konovalov,Who is the head of government of Khakassia?,"Answer the above question based on the context below:  The Khakassian government is headed by the Prime Minister,"
qwen-2.5-1.5b,iti,1,P6:Q6543:Q2570032->Q56640286@2018-01-01,P6,Q2570032,Viktor Zimin,Q56640286,Valentin Konovalov,Who is the head of government of Khakassia?,Krasnov
qwen-2.5-1.5b,standard,1,P6:Q6616:Q2829673->Q63348994@2020-07-03,P6,Q2829673,Alain Claeys,Q63348994,Léonore Moncond'huy,Who is the head of government of Poitiers?,Poitiers is a city in the Poitou-Charentes region of France. The head of government of Poit
qwen-2.5-1.5b,tas,1,P6:Q6616:Q2829673->Q63348994@2020-07-03,P6,Q2829673,Alain Claeys,Q63348994,Léonore Moncond'huy,Who is the head of government of Poitiers?,Answer the above question based on the context below:  Poitiers is a city in the Poitou-Charent
qwen-2.5-1.5b,iti,1,P6:Q6616:Q2829673->Q63348994@2020-07-03,P6,Q2829673,Alain Claeys,Q63348994,Léonore Moncond'huy,Who is the head of government of Poitiers?,Poitiers is a city in the department of Vienne in the region of Poitou-Charentes in France.
qwen-2.5-1.5b,standard,1,P6:Q16115:Q3939213->Q73759646@2018-10-31,P6,Q3939213,Roberto Vasai,Q73759646,Silvia Chiassai Martini,Who is the head of government of Province of Arezzo?,Arezzo
qwen-2.5-1.5b,tas,1,P6:Q16115:Q3939213->Q73759646@2018-10-31,P6,Q3939213,Roberto Vasai,Q73759646,Silvia Chiassai Martini,Who is the head of government of Province of Arezzo?,Answer the above question based on the context below:  Arezzo is governed by a mayor and a 16-member
qwen-2.5-1.5b,iti,1,P6:Q16115:Q3939213->Q73759646@2018-10-31,P6,Q3939213,Roberto Vasai,Q73759646,Silvia Chiassai Martini,Who is the head of government of Province of Arezzo?,Arezzo
qwen-2.5-1.5b,standard,1,P6:Q16115:Q73759646->Q119111469@2022-12-18,P6,Q73759646,Silvia Chiassai Martini,Q119111469,Alessandro Polcri,Who is the head of government of Province of Arezzo?,Arezzo
qwen-2.5-1.5b,tas,1,P6:Q16115:Q73759646->Q119111469@2022-12-18,P6,Q73759646,Silvia Chiassai Martini,Q119111469,Alessandro Polcri,Who is the head of government of Province of Arezzo?,Answer the above question based on the context below:  Arezzo is governed by a mayor and a 16-member
qwen-2.5-1.5b,iti,1,P6:Q16115:Q73759646->Q119111469@2022-12-18,P6,Q73759646,Silvia Chiassai Martini,Q119111469,Alessandro Polcri,Who is the head of government of Province of Arezzo?,Arezzo
qwen-2.5-1.5b,standard,1,P6:Q2280:Q3919280->Q13132833@2014-11-06,P6,Q3919280,Mikałaj Ładućka,Q13132833,Andrej Šorac,Who is the head of government of Minsk?,The head of government of Minsk is the Prime Minister of Belarus. The current Prime Minister of Belarus is Sergei Aksyon
qwen-2.5-1.5b,tas,1,P6:Q2280:Q3919280->Q13132833@2014-11-06,P6,Q3919280,Mikałaj Ładućka,Q13132833,Andrej Šorac,Who is the head of government of Minsk?,Answer the above question based on the context below:  Belarusian President Alexander Lukashenko has ruled Belarus since gaining power
qwen-2.5-1.5b,iti,1,P6:Q2280:Q3919280->Q13132833@2014-11-06,P6,Q3919280,Mikałaj Ładućka,Q13132833,Andrej Šorac,Who is the head of government of Minsk?,Minsk is the capital of Belarus and the head of government is the Prime Minister of Belarus. The current Prime Minister of Belarus
qwen-2.5-1.5b,standard,1,P6:Q2280:Q13132833->Q3925052@2018-11-24,P6,Q13132833,Andrej Šorac,Q3925052,Anatol Sivak,Who is the head of government of Minsk?,The head of government of Minsk is the Prime Minister of Belarus. The current Prime Minister of Belarus is Sergei Aksyon
qwen-2.5-1.5b,tas,1,P6:Q2280:Q13132833->Q3925052@2018-11-24,P6,Q13132833,Andrej Šorac,Q3925052,Anatol Sivak,Who is the head of government of Minsk?,Answer the above question based on the context below:  Belarusian President Alexander Lukashenko has ruled Belarus since gaining power
qwen-2.5-1.5b,iti,1,P6:Q2280:Q13132833->Q3925052@2018-11-24,P6,Q13132833,Andrej Šorac,Q3925052,Anatol Sivak,Who is the head of government of Minsk?,Minsk is the capital of Belarus and the head of government is the Prime Minister of Belarus. The current Prime Minister of Belarus
qwen-2.5-1.5b,standard,1,P6:Q2280:Q3925052->Q56245210@2020-09-03,P6,Q3925052,Anatol Sivak,Q56245210,Uładzimier Kucharaw,Who is the head of government of Minsk?,The head of government of Minsk is the Prime Minister of Belarus. The current Prime Minister of Belarus is Sergei Aksyon
qwen-2.5-1.5b,tas,1,P6:Q2280:Q3925052->Q56245210@2020-09-03,P6,Q3925052,Anatol Sivak,Q56245210,Uładzimier Kucharaw,Who is the head of government of Minsk?,Answer the above question based on the context below:  Belarusian President Alexander Lukashenko has ruled Belarus since gaining power
qwen-2.5-1.5b,iti,1,P6:Q2280:Q3925052->Q56245210@2020-09-03,P6,Q3925052,Anatol Sivak,Q56245210,Uładzimier Kucharaw,Who is the head of government of Minsk?,Minsk is the capital of Belarus and the head of government is the Prime Minister of Belarus. The current Prime Minister of Belarus
qwen-2.5-1.5b,standard,1,P6:Q133083:Q7048706->Q22279007@2014-05-22,P6,Q7048706,Nomvula Mokonyane,Q22279007,David Makhura,Who is the head of government of Gauteng?,"The head of government of Gauteng is the Premier of Gauteng Province, which is the executive branch of the government of South"
qwen-2.5-1.5b,tas,1,P6:Q133083:Q7048706->Q22279007@2014-05-22,P6,Q7048706,Nomvula Mokonyane,Q22279007,David Makhura,Who is the head of government of Gauteng?,Answer the above question based on the context below:  The city is governed by a mayor and a 15-member
qwen-2.5-1.5b,iti,1,P6:Q133083:Q7048706->Q22279007@2014-05-22,P6,Q7048706,Nomvula Mokonyane,Q22279007,David Makhura,Who is the head of government of Gauteng?,"The head of government of Gauteng is the Premier of Gauteng Province, which is the executive branch of the government of South"
qwen-2.5-1.5b,standard,1,P6:Q133083:Q22279007->Q64516451@2022-10-06,P6,Q22279007,David Makhura,Q64516451,Andrek Panyaza Lesufi,Who is the head of government of Gauteng?,"The head of government of Gauteng is the Premier of Gauteng Province, which is the executive branch of the government of South"
qwen-2.5-1.5b,tas,1,P6:Q133083:Q22279007->Q64516451@2022-10-06,P6,Q22279007,David Makhura,Q64516451,Andrek Panyaza Lesufi,Who is the head of government of Gauteng?,Answer the above question based on the context below:  The city is governed by a mayor and a 15-member
qwen-2.5-1.5b,iti,1,P6:Q133083:Q22279007->Q64516451@2022-10-06,P6,Q22279007,David Makhura,Q64516451,Andrek Panyaza Lesufi,Who is the head of government of Gauteng?,"The head of government of Gauteng is the Premier of Gauteng Province, which is the executive branch of the government of South"
qwen-2.5-1.5b,standard,1,P6:Q113679:Q6065358->Q106922358@2019-01-01,P6,Q6065358,Olle Reichenberg,Q106922358,Hanna Bocander,Who is the head of government of Danderyd Municipality?,"Danderyd Municipality is a municipality in Stockholm County, Sweden. The head of government of Danderyd Municip"
qwen-2.5-1.5b,tas,1,P6:Q113679:Q6065358->Q106922358@2019-01-01,P6,Q6065358,Olle Reichenberg,Q106922358,Hanna Bocander,Who is the head of government of Danderyd Municipality?,Answer the above question based on the context below:  Danderyd Municipality is a municipality in Stockholm County in
qwen-2.5-1.5b,iti,1,P6:Q113679:Q6065358->Q106922358@2019-01-01,P6,Q6065358,Olle Reichenberg,Q106922358,Hanna Bocander,Who is the head of government of Danderyd Municipality?,"Danderyd Municipality is a municipality in Stockholm County, Sweden. The head of government of Danderyd Municip"
qwen-2.5-1.5b,standard,1,P6:Q504994:Q6043235->Q29041937@2014-01-01,P6,Q6043235,Lars Persson,Q29041937,Peder Björk,Who is the head of government of Sundsvall Municipality?,The head of government of Sundsvall Municipality is the Mayor of Sundsvall. The current Mayor of Sundsvall
qwen-2.5-1.5b,tas,1,P6:Q504994:Q6043235->Q29041937@2014-01-01,P6,Q6043235,Lars Persson,Q29041937,Peder Björk,Who is the head of government of Sundsvall Municipality?,Answer the above question based on the context below:  Sundsvall Municipality is the second largest municipality in Vä
qwen-2.5-1.5b,iti,1,P6:Q504994:Q6043235->Q29041937@2014-01-01,P6,Q6043235,Lars Persson,Q29041937,Peder Björk,Who is the head of government of Sundsvall Municipality?,A: The head of government of Sundsvall Municipality is the Mayor of Sundsvall. The Mayor is elected by
qwen-2.5-1.5b,standard,1,P6:Q171800:Q3309227->Q3121941@2014-01-01,P6,Q3309227,Michel Champredon,Q3121941,Guy Lefrand,Who is the head of government of Évreux?,"Évreux is a commune in the department of Seine-Maritime in Normandy, France. The head of government of"
qwen-2.5-1.5b,tas,1,P6:Q171800:Q3309227->Q3121941@2014-01-01,P6,Q3309227,Michel Champredon,Q3121941,Guy Lefrand,Who is the head of government of Évreux?,Answer the above question based on the context below:  Évreux is a commune in the Calvados department in
qwen-2.5-1.5b,iti,1,P6:Q171800:Q3309227->Q3121941@2014-01-01,P6,Q3309227,Michel Champredon,Q3121941,Guy Lefrand,Who is the head of government of Évreux?,"Évreux is a commune in the department of Seine-Maritime in Normandy, France. The head of government of"
qwen-2.5-1.5b,standard,1,P6:Q174002:Q3380697->Q20751668@2014-04-04,P6,Q3380697,Philippe Sarre,Q20751668,Nicole Goueta,Who is the head of government of Colombes?,The head of government of Colombes is the Mayor of Colombes.
qwen-2.5-1.5b,tas,1,P6:Q174002:Q3380697->Q20751668@2014-04-04,P6,Q3380697,Philippe Sarre,Q20751668,Nicole Goueta,Who is the head of government of Colombes?,Answer the above question based on the context below:  Colombes is a commune in the Hauts-de-Seine department
qwen-2.5-1.5b,iti,1,P6:Q174002:Q3380697->Q20751668@2014-04-04,P6,Q3380697,Philippe Sarre,Q20751668,Nicole Goueta,Who is the head of government of Colombes?,A: The head of government of Colombes is the mayor of the city.
qwen-2.5-1.5b,standard,1,P6:Q1341:Q4384819->Q4065529@2012-03-30,P6,Q4384819,Anatoly Pushkov,Q4065529,Sergey Andreyev,Who is the head of government of Tolyatti?,Answer the above question based on the context below:  Tolyatti is a city in the Ural Federal District of
qwen-2.5-1.5b,tas,1,P6:Q1341:Q4384819->Q4065529@2012-03-30,P6,Q4384819,Anatoly Pushkov,Q4065529,Sergey Andreyev,Who is the head of government of Tolyatti?,Answer the above question based on the context below:  Tolyatti is a city in the Ural Federal District of
qwen-2.5-1.5b,iti,1,P6:Q1341:Q4384819->Q4065529@2012-03-30,P6,Q4384819,Anatoly Pushkov,Q4065529,Sergey Andreyev,Who is the head of government of Tolyatti?,Tolyatti is a city in Russia. The head of government of Tolyatti is the Mayor. The Mayor is like
qwen-2.5-1.5b,standard,1,P6:Q1341:Q29354305->Q60835623@2021-04-30,P6,Q29354305,Sergey Antashev,Q60835623,Nikolay Rents,Who is the head of government of Tolyatti?,Answer the above question based on the context below:  Tolyatti is a city in the Ural Federal District of
qwen-2.5-1.5b,tas,1,P6:Q1341:Q29354305->Q60835623@2021-04-30,P6,Q29354305,Sergey Antashev,Q60835623,Nikolay Rents,Who is the head of government of Tolyatti?,Answer the above question based on the context below:  Tolyatti is a city in the Ural Federal District of
qwen-2.5-1.5b,iti,1,P6:Q1341:Q29354305->Q60835623@2021-04-30,P6,Q29354305,Sergey Antashev,Q60835623,Nikolay Rents,Who is the head of government of Tolyatti?,Tolyatti is a city in Russia. The head of government of Tolyatti is the Mayor. The Mayor is like
qwen-2.5-1.5b,standard,1,P6:Q192697:Q6835752->Q22893991@2016-11-16,P6,Q6835752,Michal Hašek,Q22893991,Bohumil Šimek,Who is the head of government of South Moravian Region?,The head of government of the South Moravian Region is the Minister-President of the South Moravian Region. The current Minister-President
qwen-2.5-1.5b,tas,1,P6:Q192697:Q6835752->Q22893991@2016-11-16,P6,Q6835752,Michal Hašek,Q22893991,Bohumil Šimek,Who is the head of government of South Moravian Region?,Answer the above question based on the context below:  The region is divided into 12 districts (okres)
qwen-2.5-1.5b,iti,1,P6:Q192697:Q6835752->Q22893991@2016-11-16,P6,Q6835752,Michal Hašek,Q22893991,Bohumil Šimek,Who is the head of government of South Moravian Region?,Miroslav Štefánik
qwen-2.5-1.5b,standard,1,P6:Q192697:Q22893991->Q83305193@2020-11-11,P6,Q22893991,Bohumil Šimek,Q83305193,Jan Grolich,Who is the head of government of South Moravian Region?,The head of government of the South Moravian Region is the Minister-President of the South Moravian Region. The current Minister-President
qwen-2.5-1.5b,tas,1,P6:Q192697:Q22893991->Q83305193@2020-11-11,P6,Q22893991,Bohumil Šimek,Q83305193,Jan Grolich,Who is the head of government of South Moravian Region?,Answer the above question based on the context below:  The region is divided into 12 districts (okres)
qwen-2.5-1.5b,iti,1,P6:Q192697:Q22893991->Q83305193@2020-11-11,P6,Q22893991,Bohumil Šimek,Q83305193,Jan Grolich,Who is the head of government of South Moravian Region?,Miroslav Štefánik
qwen-2.5-1.5b,standard,1,P6:Q5426:Q4479488->Q28858885@2015-10-08,P6,Q4479488,Aleksandr Ushakov,Q28858885,Yury Tyurin,Who is the head of government of Izhevsk?,The head of government of Izhevsk is the Mayor of Izhevsk. The Mayor is the highest-ranking official in the
qwen-2.5-1.5b,tas,1,P6:Q5426:Q4479488->Q28858885@2015-10-08,P6,Q4479488,Aleksandr Ushakov,Q28858885,Yury Tyurin,Who is the head of government of Izhevsk?,Answer the above question based on the context below:  Izhevsk is the administrative center of the Izhevsk Obl
qwen-2.5-1.5b,iti,1,P6:Q5426:Q4479488->Q28858885@2015-10-08,P6,Q4479488,Aleksandr Ushakov,Q28858885,Yury Tyurin,Who is the head of government of Izhevsk?,I can provide you with the information you requested. The head of government of Izhevsk is the Mayor of Izhevsk
qwen-2.5-1.5b,standard,1,P6:Q158257:Q12044424->Q100826893@2014-01-01,P6,Q12044424,Pavol Kubuš,Q100826893,Pavel Paschek,Who is the head of government of Hlučín?,Hlučín is a town in the Czech Republic. The head of government of Hlučín is the mayor.
qwen-2.5-1.5b,tas,1,P6:Q158257:Q12044424->Q100826893@2014-01-01,P6,Q12044424,Pavol Kubuš,Q100826893,Pavel Paschek,Who is the head of government of Hlučín?,"Answer the above question based on the context below:  Hlučín is a town in the Czech Republic, in"
qwen-2.5-1.5b,iti,1,P6:Q158257:Q12044424->Q100826893@2014-01-01,P6,Q12044424,Pavol Kubuš,Q100826893,Pavel Paschek,Who is the head of government of Hlučín?,Hlučín is a town in the Czech Republic. The head of government of Hlučín is the mayor.
qwen-2.5-1.5b,standard,1,P6:Q986082:Q12037364->Q59160688@2014-11-06,P6,Q12037364,Milan Šťovíček,Q59160688,Kamila Bláhová,Who is the head of government of Litvínov?,"Litvínov is a town in the Russian SFSR, and its head of government is the Mayor of Litv"
qwen-2.5-1.5b,tas,1,P6:Q986082:Q12037364->Q59160688@2014-11-06,P6,Q12037364,Milan Šťovíček,Q59160688,Kamila Bláhová,Who is the head of government of Litvínov?,"Answer the above question based on the context below:  In 1999, the city was hit by a"
qwen-2.5-1.5b,iti,1,P6:Q986082:Q12037364->Q59160688@2014-11-06,P6,Q12037364,Milan Šťovíček,Q59160688,Kamila Bláhová,Who is the head of government of Litvínov?,A: The head of government of Litvínov is the Mayor of Litvínov. The Mayor is the highest
qwen-2.5-1.5b,standard,1,P6:Q727383:Q10857487->Q56441166@2014-11-10,P6,Q10857487,Zdeněk Berka,Q56441166,Jan Picka,Who is the head of government of Sokolov?,The head of government of Sokolov is the Mayor of Sokolov. The Mayor is the chief executive officer of the
qwen-2.5-1.5b,tas,1,P6:Q727383:Q10857487->Q56441166@2014-11-10,P6,Q10857487,Zdeněk Berka,Q56441166,Jan Picka,Who is the head of government of Sokolov?,Answer the above question based on the context below:  The 1990s were a period of economic growth
qwen-2.5-1.5b,iti,1,P6:Q727383:Q10857487->Q56441166@2014-11-10,P6,Q10857487,Zdeněk Berka,Q56441166,Jan Picka,Who is the head of government of Sokolov?,A. President B. Prime Minister C. Minister D. Governor
qwen-2.5-1.5b,standard,1,P6:Q727383:Q56441166->Q57077273@2018-11-05,P6,Q56441166,Jan Picka,Q57077273,Renata Oulehlová,Who is the head of government of Sokolov?,The head of government of Sokolov is the Mayor of Sokolov. The Mayor is the chief executive officer of the
qwen-2.5-1.5b,tas,1,P6:Q727383:Q56441166->Q57077273@2018-11-05,P6,Q56441166,Jan Picka,Q57077273,Renata Oulehlová,Who is the head of government of Sokolov?,Answer the above question based on the context below:  The 1990s were a period of economic growth
qwen-2.5-1.5b,iti,1,P6:Q727383:Q56441166->Q57077273@2018-11-05,P6,Q56441166,Jan Picka,Q57077273,Renata Oulehlová,Who is the head of government of Sokolov?,A. President B. Prime Minister C. Minister D. Governor
qwen-2.5-1.5b,standard,1,P6:Q727383:Q57077273->Q73396392@2022-10-17,P6,Q57077273,Renata Oulehlová,Q73396392,Petr Kubis,Who is the head of government of Sokolov?,The head of government of Sokolov is the Mayor of Sokolov. The Mayor is the chief executive officer of the
qwen-2.5-1.5b,tas,1,P6:Q727383:Q57077273->Q73396392@2022-10-17,P6,Q57077273,Renata Oulehlová,Q73396392,Petr Kubis,Who is the head of government of Sokolov?,Answer the above question based on the context below:  The 1990s were a period of economic growth
qwen-2.5-1.5b,iti,1,P6:Q727383:Q57077273->Q73396392@2022-10-17,P6,Q57077273,Renata Oulehlová,Q73396392,Petr Kubis,Who is the head of government of Sokolov?,A. President B. Prime Minister C. Minister D. Governor
qwen-2.5-1.5b,standard,1,P6:Q138578:Q5242533->Q42839309@2018-01-01,P6,Q5242533,Dawn Zimmer,Q42839309,Ravinder Bhalla,Who is the head of government of Hoboken?,The head of government of Hoboken is the Mayor.
qwen-2.5-1.5b,tas,1,P6:Q138578:Q5242533->Q42839309@2018-01-01,P6,Q5242533,Dawn Zimmer,Q42839309,Ravinder Bhalla,Who is the head of government of Hoboken?,Answer the above question based on the context below:  Hoboken is governed under the mayor–council form of government
qwen-2.5-1.5b,iti,1,P6:Q138578:Q5242533->Q42839309@2018-01-01,P6,Q5242533,Dawn Zimmer,Q42839309,Ravinder Bhalla,Who is the head of government of Hoboken?,Answer the above question based on the context below:  Hoboken is governed under the mayor–council form of government
qwen-2.5-1.5b,standard,1,P6:Q1502:Q5094693->Q1362153@2018-12-15,P6,Q5094693,Pu Lalthanhawla,Q1362153,Pu Zoramthanga,Who is the head of government of Mizoram?,The head of government of Mizoram is the Chief Minister. The Chief Minister is elected by the Legislative Assembly of Mizoram and
qwen-2.5-1.5b,tas,1,P6:Q1502:Q5094693->Q1362153@2018-12-15,P6,Q5094693,Pu Lalthanhawla,Q1362153,Pu Zoramthanga,Who is the head of government of Mizoram?,Answer the above question based on the context below:  The state of Mizoram is located in the northeastern part of India
qwen-2.5-1.5b,iti,1,P6:Q1502:Q5094693->Q1362153@2018-12-15,P6,Q5094693,Pu Lalthanhawla,Q1362153,Pu Zoramthanga,Who is the head of government of Mizoram?,Mizo National Front
qwen-2.5-1.5b,standard,1,P6:Q47037646:Q5058025->Q25189200@2016-10-26,P6,Q5058025,Celia Wade-Brown,Q25189200,Justin Lester,Who is the head of government of Wellington City?,Wellington City is governed by a Mayor and a 12-member City Council. The Mayor is the head of government and is
qwen-2.5-1.5b,tas,1,P6:Q47037646:Q5058025->Q25189200@2016-10-26,P6,Q5058025,Celia Wade-Brown,Q25189200,Justin Lester,Who is the head of government of Wellington City?,"(If the question is unanswerable, say ""unanswerable"")"
qwen-2.5-1.5b,iti,1,P6:Q47037646:Q5058025->Q25189200@2016-10-26,P6,Q5058025,Celia Wade-Brown,Q25189200,Justin Lester,Who is the head of government of Wellington City?,The head of government of Wellington City is the Mayor of Wellington. The current Mayor of Wellington is Kelvin Davis.
qwen-2.5-1.5b,standard,1,P6:Q47037646:Q25189200->Q39073800@2019-10-30,P6,Q25189200,Justin Lester,Q39073800,Andy Foster,Who is the head of government of Wellington City?,Wellington City is governed by a Mayor and a 12-member City Council. The Mayor is the head of government and is
qwen-2.5-1.5b,tas,1,P6:Q47037646:Q25189200->Q39073800@2019-10-30,P6,Q25189200,Justin Lester,Q39073800,Andy Foster,Who is the head of government of Wellington City?,"(If the question is unanswerable, say ""unanswerable"")"
qwen-2.5-1.5b,iti,1,P6:Q47037646:Q25189200->Q39073800@2019-10-30,P6,Q25189200,Justin Lester,Q39073800,Andy Foster,Who is the head of government of Wellington City?,The head of government of Wellington City is the Mayor of Wellington. The current Mayor of Wellington is Kelvin Davis.
qwen-2.5-1.5b,standard,1,P6:Q386988:Q11906564->Q117223618@2020-12-17,P6,Q11906564,Vladimír Kořen,Q117223618,David Michalička,Who is the head of government of Říčany?,Říčany is a town in the Czech Republic. The head of government of Říčany is the
qwen-2.5-1.5b,tas,1,P6:Q386988:Q11906564->Q117223618@2020-12-17,P6,Q11906564,Vladimír Kořen,Q117223618,David Michalička,Who is the head of government of Říčany?,Answer the above question based on the context below:  Říčany is a town in the south-western
qwen-2.5-1.5b,iti,1,P6:Q386988:Q11906564->Q117223618@2020-12-17,P6,Q11906564,Vladimír Kořen,Q117223618,David Michalička,Who is the head of government of Říčany?,Říčany is a town in the Czech Republic. The head of government of Říčany is the
qwen-2.5-1.5b,standard,1,P6:Q21006:Q12320170->Q109906261@2022-01-01,P6,Q12320170,John Engelhardt,Q109906261,Kasper Damsgaard,Who is the head of government of Glostrup Municipality?,The head of government of Glostrup Municipality is the Mayor. The current Mayor of Glostrup Municipality is Lars Hø
qwen-2.5-1.5b,tas,1,P6:Q21006:Q12320170->Q109906261@2022-01-01,P6,Q12320170,John Engelhardt,Q109906261,Kasper Damsgaard,Who is the head of government of Glostrup Municipality?,"Answer the above question based on the context below:  Glostrup Municipality is the second largest municipality in Copenhagen, with"
qwen-2.5-1.5b,iti,1,P6:Q21006:Q12320170->Q109906261@2022-01-01,P6,Q12320170,John Engelhardt,Q109906261,Kasper Damsgaard,Who is the head of government of Glostrup Municipality?,A: The head of government of Glostrup Municipality is the Mayor of Glostrup Municipality. The Mayor is the chief
qwen-2.5-1.5b,standard,1,P6:Q498457:Q12339257->Q26734750@2014-01-01,P6,Q12339257,Thomas W. Olsen,Q26734750,Tobias Birch Johansen,Who is the head of government of Læsø Municipality?,Læsø Municipality is a municipality in the Danish island of Læsø. The head of government of L
qwen-2.5-1.5b,tas,1,P6:Q498457:Q12339257->Q26734750@2014-01-01,P6,Q12339257,Thomas W. Olsen,Q26734750,Tobias Birch Johansen,Who is the head of government of Læsø Municipality?,1. The head of government of Læsø Municipality is the Mayor of Læsø Municipality.
qwen-2.5-1.5b,iti,1,P6:Q498457:Q12339257->Q26734750@2014-01-01,P6,Q12339257,Thomas W. Olsen,Q26734750,Tobias Birch Johansen,Who is the head of government of Læsø Municipality?,Læsø Municipality is a municipality in the Danish island of Læsø. The head of government of L
qwen-2.5-1.5b,standard,1,P6:Q498457:Q26734750->Q46996711@2018-01-01,P6,Q26734750,Tobias Birch Johansen,Q46996711,Karsten Nielsen,Who is the head of government of Læsø Municipality?,Læsø Municipality is a municipality in the Danish island of Læsø. The head of government of L
qwen-2.5-1.5b,tas,1,P6:Q498457:Q26734750->Q46996711@2018-01-01,P6,Q26734750,Tobias Birch Johansen,Q46996711,Karsten Nielsen,Who is the head of government of Læsø Municipality?,1. The head of government of Læsø Municipality is the Mayor of Læsø Municipality.
qwen-2.5-1.5b,iti,1,P6:Q498457:Q26734750->Q46996711@2018-01-01,P6,Q26734750,Tobias Birch Johansen,Q46996711,Karsten Nielsen,Who is the head of government of Læsø Municipality?,Læsø Municipality is a municipality in the Danish island of Læsø. The head of government of L
qwen-2.5-1.5b,standard,1,P6:Q498457:Q46996711->Q26734750@2022-01-01,P6,Q46996711,Karsten Nielsen,Q26734750,Tobias Birch Johansen,Who is the head of government of Læsø Municipality?,Læsø Municipality is a municipality in the Danish island of Læsø. The head of government of L
qwen-2.5-1.5b,tas,1,P6:Q498457:Q46996711->Q26734750@2022-01-01,P6,Q46996711,Karsten Nielsen,Q26734750,Tobias Birch Johansen,Who is the head of government of Læsø Municipality?,1. The head of government of Læsø Municipality is the Mayor of Læsø Municipality.
qwen-2.5-1.5b,iti,1,P6:Q498457:Q46996711->Q26734750@2022-01-01,P6,Q46996711,Karsten Nielsen,Q26734750,Tobias Birch Johansen,Who is the head of government of Læsø Municipality?,Læsø Municipality is a municipality in the Danish island of Læsø. The head of government of L
qwen-2.5-1.5b,standard,1,P6:Q188478:Q12721231->Q21179214@2016-01-01,P6,Q12721231,Aurel Gabriel Simionescu,Q21179214,Viorel Marian Dragomir,Who is the head of government of Brăila?,The head of government of Brăila is the Mayor of Brăila.
qwen-2.5-1.5b,tas,1,P6:Q188478:Q12721231->Q21179214@2016-01-01,P6,Q12721231,Aurel Gabriel Simionescu,Q21179214,Viorel Marian Dragomir,Who is the head of government of Brăila?,"Answer the above question based on the context below:  Brăila is a town in Romania, capital of Bră"
qwen-2.5-1.5b,iti,1,P6:Q188478:Q12721231->Q21179214@2016-01-01,P6,Q12721231,Aurel Gabriel Simionescu,Q21179214,Viorel Marian Dragomir,Who is the head of government of Brăila?,Brăila is a city in Romania. The head of government of Brăila is the Mayor of Brăila.
qwen-2.5-1.5b,standard,1,P6:Q160284:Q16193229->Q52151613@2018-03-28,P6,Q16193229,Ace Magashule,Q52151613,Sisi Ntombela,Who is the head of government of Free State?,Free State is a country in Africa. The head of government is the President.
qwen-2.5-1.5b,tas,1,P6:Q160284:Q16193229->Q52151613@2018-03-28,P6,Q16193229,Ace Magashule,Q52151613,Sisi Ntombela,Who is the head of government of Free State?,A: The head of government of Free State is the Premier of Free State.
qwen-2.5-1.5b,iti,1,P6:Q160284:Q16193229->Q52151613@2018-03-28,P6,Q16193229,Ace Magashule,Q52151613,Sisi Ntombela,Who is the head of government of Free State?,Answer the above question based on the context below:  The Free State of Bavaria was a state of the German Empire
qwen-2.5-1.5b,standard,1,P6:Q11384977:Q16207412->Q70928440@2019-10-01,P6,Q16207412,Attila Ughy,Q70928440,Sándor Szaniszló,Who is the head of government of Budapest District XVIII?,The head of government of Budapest District XVIII is the mayor of the district. The mayor is responsible for leading the district's
qwen-2.5-1.5b,tas,1,P6:Q11384977:Q16207412->Q70928440@2019-10-01,P6,Q16207412,Attila Ughy,Q70928440,Sándor Szaniszló,Who is the head of government of Budapest District XVIII?,Answer the above question based on the context below:  The district is divided into 18 municipalities. The largest of
qwen-2.5-1.5b,iti,1,P6:Q11384977:Q16207412->Q70928440@2019-10-01,P6,Q16207412,Attila Ughy,Q70928440,Sándor Szaniszló,Who is the head of government of Budapest District XVIII?,Answer the above question based on the context below:  The district is divided into 18 municipalities. The largest of
qwen-2.5-1.5b,standard,1,P6:Q168057:Q30241680->Q12732138@2020-10-01,P6,Q30241680,Mihail Genoiu,Q12732138,Lia Olguța Vasilescu,Who is the head of government of Craiova?,?
qwen-2.5-1.5b,tas,1,P6:Q168057:Q30241680->Q12732138@2020-10-01,P6,Q30241680,Mihail Genoiu,Q12732138,Lia Olguța Vasilescu,Who is the head of government of Craiova?,"Answer the above question based on the context below:  The city is the seat of the Romanian Academy, the country's"
qwen-2.5-1.5b,iti,1,P6:Q168057:Q30241680->Q12732138@2020-10-01,P6,Q30241680,Mihail Genoiu,Q12732138,Lia Olguța Vasilescu,Who is the head of government of Craiova?,A. Prime Minister B. President C. Mayor D. Governor
qwen-2.5-1.5b,standard,1,P6:Q58337:Q20812649->Q125941826@2021-01-01,P6,Q20812649,Karen Sorensen,Q125941826,Corrie DiManno,Who is the head of government of Banff?,"Banff is a city in Alberta, Canada. The head of government of Banff is the Mayor of Banff. The"
qwen-2.5-1.5b,tas,1,P6:Q58337:Q20812649->Q125941826@2021-01-01,P6,Q20812649,Karen Sorensen,Q125941826,Corrie DiManno,Who is the head of government of Banff?,Answer the above question based on the context below:  The town of Banff was founded in 1882
qwen-2.5-1.5b,iti,1,P6:Q58337:Q20812649->Q125941826@2021-01-01,P6,Q20812649,Karen Sorensen,Q125941826,Corrie DiManno,Who is the head of government of Banff?,The head of government of Banff is the Mayor of Banff.
qwen-2.5-1.5b,standard,1,P6:Q2289257:Q23728303->Q25975556@2016-01-01,P6,Q23728303,Dumitru Constantin,Q25975556,Victor Potoceanu,Who is the head of government of Mărăcineni?,Mărăcineni is a village in Romania. The head of government of Mărăcineni is the
qwen-2.5-1.5b,tas,1,P6:Q2289257:Q23728303->Q25975556@2016-01-01,P6,Q23728303,Dumitru Constantin,Q25975556,Victor Potoceanu,Who is the head of government of Mărăcineni?,Answer the above question based on the context below:  The village of Mărăcineni is located in the
qwen-2.5-1.5b,iti,1,P6:Q2289257:Q23728303->Q25975556@2016-01-01,P6,Q23728303,Dumitru Constantin,Q25975556,Victor Potoceanu,Who is the head of government of Mărăcineni?,Mărăcineni is a village in Romania. The head of government of Mărăcineni is the
qwen-2.5-1.5b,standard,1,P6:Q2289257:Q25975556->Q23728303@2020-10-01,P6,Q25975556,Victor Potoceanu,Q23728303,Dumitru Constantin,Who is the head of government of Mărăcineni?,Mărăcineni is a village in Romania. The head of government of Mărăcineni is the
qwen-2.5-1.5b,tas,1,P6:Q2289257:Q25975556->Q23728303@2020-10-01,P6,Q25975556,Victor Potoceanu,Q23728303,Dumitru Constantin,Who is the head of government of Mărăcineni?,Answer the above question based on the context below:  The village of Mărăcineni is located in the
qwen-2.5-1.5b,iti,1,P6:Q2289257:Q25975556->Q23728303@2020-10-01,P6,Q25975556,Victor Potoceanu,Q23728303,Dumitru Constantin,Who is the head of government of Mărăcineni?,Mărăcineni is a village in Romania. The head of government of Mărăcineni is the
qwen-2.5-1.5b,standard,1,P6:Q2537630:Q23728288->Q104425530@2020-10-01,P6,Q23728288,Vasile Lefter,Q104425530,Claudiu Constantin,Who is the head of government of Lopătari?,"Lopătari is a village in the municipality of Bălţi, in the Bălţi County,"
qwen-2.5-1.5b,tas,1,P6:Q2537630:Q23728288->Q104425530@2020-10-01,P6,Q23728288,Vasile Lefter,Q104425530,Claudiu Constantin,Who is the head of government of Lopătari?,Answer the above question based on the context below:  Lopatari is a small peninsula located in the north-east
qwen-2.5-1.5b,iti,1,P6:Q2537630:Q23728288->Q104425530@2020-10-01,P6,Q23728288,Vasile Lefter,Q104425530,Claudiu Constantin,Who is the head of government of Lopătari?,"Lopătari is a village in the municipality of Bălţi, in the Bălţi County,"
qwen-2.5-1.5b,standard,1,P6:Q2605273:Q23749372->Q26156101@2016-01-01,P6,Q23749372,Elena Cosmoiu,Q26156101,Tarcisius Ovidiu Ioan Movileanu,Who is the head of government of Provița de Sus?,Answer the above question based on the context below:  Provința de Sus (English: Upper Province) was
qwen-2.5-1.5b,tas,1,P6:Q2605273:Q23749372->Q26156101@2016-01-01,P6,Q23749372,Elena Cosmoiu,Q26156101,Tarcisius Ovidiu Ioan Movileanu,Who is the head of government of Provița de Sus?,Answer the above question based on the context below:  Provița de Sus is a municipality in the Romanian region
qwen-2.5-1.5b,iti,1,P6:Q2605273:Q23749372->Q26156101@2016-01-01,P6,Q23749372,Elena Cosmoiu,Q26156101,Tarcisius Ovidiu Ioan Movileanu,Who is the head of government of Provița de Sus?,Provița de Sus is a municipality in Romania. The head of government of Provița de Sus is the
qwen-2.5-1.5b,standard,1,P6:Q2605657:Q23750149->Q26156109@2016-01-01,P6,Q23750149,Constantin Dragomir,Q26156109,Laurențiu Ion Bădica,Who is the head of government of Șoimari?,The head of government of Șoimari is the Mayor.
qwen-2.5-1.5b,tas,1,P6:Q2605657:Q23750149->Q26156109@2016-01-01,P6,Q23750149,Constantin Dragomir,Q26156109,Laurențiu Ion Bădica,Who is the head of government of Șoimari?,"Șoimari is a village in the district of Bălţi, Bălţi County, Bess"
qwen-2.5-1.5b,iti,1,P6:Q2605657:Q23750149->Q26156109@2016-01-01,P6,Q23750149,Constantin Dragomir,Q26156109,Laurențiu Ion Bădica,Who is the head of government of Șoimari?,"Șoimari is a village in the district of Bălţi, Bălţi County, Bess"
qwen-2.5-1.5b,standard,1,P6:Q859570:Q23749394->Q26138258@2016-01-01,P6,Q23749394,Gheorghe Pană,Q26138258,Constantin Chioveanu,Who is the head of government of Ceptura?,The head of government of Ceptura is the Prime Minister.
qwen-2.5-1.5b,tas,1,P6:Q859570:Q23749394->Q26138258@2016-01-01,P6,Q23749394,Gheorghe Pană,Q26138258,Constantin Chioveanu,Who is the head of government of Ceptura?,"Answer the above question based on the context below:  The Republic of Ceptura is a large, dark blue country"
qwen-2.5-1.5b,iti,1,P6:Q859570:Q23749394->Q26138258@2016-01-01,P6,Q23749394,Gheorghe Pană,Q26138258,Constantin Chioveanu,Who is the head of government of Ceptura?,Cepstral is a city in the state of Cepstral in the country of Cepstral. The head of government
qwen-2.5-1.5b,standard,1,P6:Q859570:Q26138258->Q104452039@2020-10-01,P6,Q26138258,Constantin Chioveanu,Q104452039,Vasile George Stanciu,Who is the head of government of Ceptura?,The head of government of Ceptura is the Prime Minister.
qwen-2.5-1.5b,tas,1,P6:Q859570:Q26138258->Q104452039@2020-10-01,P6,Q26138258,Constantin Chioveanu,Q104452039,Vasile George Stanciu,Who is the head of government of Ceptura?,"Answer the above question based on the context below:  The Republic of Ceptura is a large, dark blue country"
qwen-2.5-1.5b,iti,1,P6:Q859570:Q26138258->Q104452039@2020-10-01,P6,Q26138258,Constantin Chioveanu,Q104452039,Vasile George Stanciu,Who is the head of government of Ceptura?,Cepstral is a city in the state of Cepstral in the country of Cepstral. The head of government
qwen-2.5-1.5b,standard,1,P6:Q868236:Q23749061->Q26156065@2016-01-01,P6,Q23749061,Gabriel Papainog,Q26156065,Marin Enache,Who is the head of government of Colceag?,Answer the above question based on the context below:  The 1990s were a period of economic growth
qwen-2.5-1.5b,tas,1,P6:Q868236:Q23749061->Q26156065@2016-01-01,P6,Q23749061,Gabriel Papainog,Q26156065,Marin Enache,Who is the head of government of Colceag?,Answer the above question based on the context below:  The 1990s were a period of economic growth
qwen-2.5-1.5b,iti,1,P6:Q868236:Q23749061->Q26156065@2016-01-01,P6,Q23749061,Gabriel Papainog,Q26156065,Marin Enache,Who is the head of government of Colceag?,A. President B. Prime Minister C. Minister D. Governor
qwen-2.5-1.5b,standard,1,P6:Q868236:Q26156065->Q104452044@2020-10-01,P6,Q26156065,Marin Enache,Q104452044,Costin-Valentin Stan,Who is the head of government of Colceag?,Answer the above question based on the context below:  The 1990s were a period of economic growth
qwen-2.5-1.5b,tas,1,P6:Q868236:Q26156065->Q104452044@2020-10-01,P6,Q26156065,Marin Enache,Q104452044,Costin-Valentin Stan,Who is the head of government of Colceag?,Answer the above question based on the context below:  The 1990s were a period of economic growth
qwen-2.5-1.5b,iti,1,P6:Q868236:Q26156065->Q104452044@2020-10-01,P6,Q26156065,Marin Enache,Q104452044,Costin-Valentin Stan,Who is the head of government of Colceag?,A. President B. Prime Minister C. Minister D. Governor
qwen-2.5-1.5b,standard,1,P6:Q12724497:Q23892479->Q26039753@2016-01-01,P6,Q23892479,Ion Tache,Q26039753,Daniel-Cezar Rusu,Who is the head of government of Adunații-Copăceni?,?
qwen-2.5-1.5b,tas,1,P6:Q12724497:Q23892479->Q26039753@2016-01-01,P6,Q23892479,Ion Tache,Q26039753,Daniel-Cezar Rusu,Who is the head of government of Adunații-Copăceni?,"Answer the above question based on the context below:  The city is the seat of the County of Copaceni,"
qwen-2.5-1.5b,iti,1,P6:Q12724497:Q23892479->Q26039753@2016-01-01,P6,Q23892479,Ion Tache,Q26039753,Daniel-Cezar Rusu,Who is the head of government of Adunații-Copăceni?,Adunații-Copăceni is a village in Romania. The head of government of Adunații-C
qwen-2.5-1.5b,standard,1,P6:Q793781:Q23750485->Q26137858@2016-01-01,P6,Q23750485,Ion Petcu,Q26137858,Aurelian Boghici,Who is the head of government of Bertea?,The head of government of Bertea is the Prime Minister of Romania.
qwen-2.5-1.5b,tas,1,P6:Q793781:Q23750485->Q26137858@2016-01-01,P6,Q23750485,Ion Petcu,Q26137858,Aurelian Boghici,Who is the head of government of Bertea?,Answer the above question based on the context below:  The 1990s were a period of economic growth
qwen-2.5-1.5b,iti,1,P6:Q793781:Q23750485->Q26137858@2016-01-01,P6,Q23750485,Ion Petcu,Q26137858,Aurelian Boghici,Who is the head of government of Bertea?,A. Prime Minister B. President C. Minister D. Governor
qwen-2.5-1.5b,standard,1,P6:Q954808:Q21874610->Q123511116@2022-10-24,P6,Q21874610,Pavel Talíř,Q123511116,Radek Ježek,Who is the head of government of Kaplice?,The head of government of Kaplice is the mayor.
qwen-2.5-1.5b,tas,1,P6:Q954808:Q21874610->Q123511116@2022-10-24,P6,Q21874610,Pavel Talíř,Q123511116,Radek Ježek,Who is the head of government of Kaplice?,Answer the above question based on the context below:  Kaplice is a village in the administrative district of Gmina W
qwen-2.5-1.5b,iti,1,P6:Q954808:Q21874610->Q123511116@2022-10-24,P6,Q21874610,Pavel Talíř,Q123511116,Radek Ježek,Who is the head of government of Kaplice?,A: Kaplice is a village in the Czech Republic. The head of government of Kaplice is the mayor of Kaplice
qwen-2.5-1.5b,standard,1,P6:Q13570140:Q23894644->Q25975519@2016-01-01,P6,Q23894644,Dima Priceputu,Q25975519,Vasile Visalon,Who is the head of government of Viziru?,Viziru is a city in the Republic of Macedonia. The head of government of Viziru is the Mayor
qwen-2.5-1.5b,tas,1,P6:Q13570140:Q23894644->Q25975519@2016-01-01,P6,Q23894644,Dima Priceputu,Q25975519,Vasile Visalon,Who is the head of government of Viziru?,Answer the above question based on the context below:  The Viziru is a fictional character in the 2
qwen-2.5-1.5b,iti,1,P6:Q13570140:Q23894644->Q25975519@2016-01-01,P6,Q23894644,Dima Priceputu,Q25975519,Vasile Visalon,Who is the head of government of Viziru?,Viziru is a city in the Republic of Macedonia. The head of government of Viziru is the Mayor
qwen-2.5-1.5b,standard,1,P6:Q13570140:Q30242944->Q23894644@2020-10-01,P6,Q30242944,Victor Doagă,Q23894644,Dima Priceputu,Who is the head of government of Viziru?,Viziru is a city in the Republic of Macedonia. The head of government of Viziru is the Mayor
qwen-2.5-1.5b,tas,1,P6:Q13570140:Q30242944->Q23894644@2020-10-01,P6,Q30242944,Victor Doagă,Q23894644,Dima Priceputu,Who is the head of government of Viziru?,Answer the above question based on the context below:  The Viziru is a fictional character in the 2
qwen-2.5-1.5b,iti,1,P6:Q13570140:Q30242944->Q23894644@2020-10-01,P6,Q30242944,Victor Doagă,Q23894644,Dima Priceputu,Who is the head of government of Viziru?,Viziru is a city in the Republic of Macedonia. The head of government of Viziru is the Mayor
qwen-2.5-1.5b,standard,1,P6:Q2536096:Q23894625->Q104425001@2020-10-01,P6,Q23894625,Cristian Codreanu,Q104425001,Costică Dobre,Who is the head of government of Șuțești?,Șuțești is a commune in Romania. The head of government of Șuțești
qwen-2.5-1.5b,tas,1,P6:Q2536096:Q23894625->Q104425001@2020-10-01,P6,Q23894625,Cristian Codreanu,Q104425001,Costică Dobre,Who is the head of government of Șuțești?,Șuțești is a commune in Romania. The head of government of Șuțești
qwen-2.5-1.5b,iti,1,P6:Q2536096:Q23894625->Q104425001@2020-10-01,P6,Q23894625,Cristian Codreanu,Q104425001,Costică Dobre,Who is the head of government of Șuțești?,A: The head of government of Șuțești is the Mayor of Șuțești
