model,method,is_control,record_id,relation_pid,a_old_qid,a_old_label,a_new_qid,a_new_label,prompt,generated
llama-3.1-8b,standard,0,P6:Q794:Q348144->Q5947347@2021-08-03,P6,Q348144,Hassan Rouhani,Q5947347,Ebrahim Raisi,Who is the head of government of Iran?,"Iran is a theocratic republic, with the Supreme Leader of Iran as the head of state and the President of Iran as the"
llama-3.1-8b,date_prefix,0,P6:Q794:Q348144->Q5947347@2021-08-03,P6,Q348144,Hassan Rouhani,Q5947347,Ebrahim Raisi,In 2021: Who is the head of government of Iran?,The answer is
llama-3.1-8b,instruction,0,P6:Q794:Q348144->Q5947347@2021-08-03,P6,Q348144,Hassan Rouhani,Q5947347,Ebrahim Raisi,"Answer with the current, most up-to-date fact. Who is the head of government of Iran?",What is the capital of Iran? What is the currency of Iran? What is the population of Iran? What is the area
llama-3.1-8b,tas,0,P6:Q794:Q348144->Q5947347@2021-08-03,P6,Q348144,Hassan Rouhani,Q5947347,Ebrahim Raisi,Who is the head of government of Iran?,
llama-3.1-8b,iti,0,P6:Q794:Q348144->Q5947347@2021-08-03,P6,Q348144,Hassan Rouhani,Q5947347,Ebrahim Raisi,Who is the head of government of Iran?,Nicolás Maduro
llama-3.1-8b,standard,0,P6:Q236:Q97999161->Q16353146@2022-04-28,P6,Q97999161,Zdravko Krivokapić,Q16353146,Dritan Abazović,Who is the head of government of Montenegro?,The head of government of Montenegro is the Prime Minister of Montenegro. The Prime Minister is the head of government and the
llama-3.1-8b,date_prefix,0,P6:Q236:Q97999161->Q16353146@2022-04-28,P6,Q97999161,Zdravko Krivokapić,Q16353146,Dritan Abazović,In 2022: Who is the head of government of Montenegro?,The Prime Minister of Montenegro is Dritan Abazović. He is the 30th Prime Minister of Mont
llama-3.1-8b,instruction,0,P6:Q236:Q97999161->Q16353146@2022-04-28,P6,Q97999161,Zdravko Krivokapić,Q16353146,Dritan Abazović,"Answer with the current, most up-to-date fact. Who is the head of government of Montenegro?",Who is the head of state of Montenegro? What is the capital of Montenegro? What is the currency of Montenegro
llama-3.1-8b,tas,0,P6:Q236:Q97999161->Q16353146@2022-04-28,P6,Q97999161,Zdravko Krivokapić,Q16353146,Dritan Abazović,Who is the head of government of Montenegro?,
llama-3.1-8b,iti,0,P6:Q236:Q97999161->Q16353146@2022-04-28,P6,Q97999161,Zdravko Krivokapić,Q16353146,Dritan Abazović,Who is the head of government of Montenegro?,Nicolai Vucic
llama-3.1-8b,standard,0,P6:Q23681:Q58174->Q47188815@2018-02-02,P6,Q58174,Hüseyin Özgürgün,Q47188815,Tufan Erhürman,Who is the head of government of Northern Cyprus?,The head of government of Northern Cyprus is the leader of the executive branch of the government of Northern Cyprus. The head of government
llama-3.1-8b,date_prefix,0,P6:Q23681:Q58174->Q47188815@2018-02-02,P6,Q58174,Hüseyin Özgürgün,Q47188815,Tufan Erhürman,In 2018: Who is the head of government of Northern Cyprus?,Who is the head of government of Northern Cyprus?
llama-3.1-8b,instruction,0,P6:Q23681:Q58174->Q47188815@2018-02-02,P6,Q58174,Hüseyin Özgürgün,Q47188815,Tufan Erhürman,"Answer with the current, most up-to-date fact. Who is the head of government of Northern Cyprus?",What is the capital of Northern Cyprus? What is the currency of Northern Cyprus? What is the population of Northern Cyprus? What
llama-3.1-8b,tas,0,P6:Q23681:Q58174->Q47188815@2018-02-02,P6,Q58174,Hüseyin Özgürgün,Q47188815,Tufan Erhürman,Who is the head of government of Northern Cyprus?,
llama-3.1-8b,iti,0,P6:Q23681:Q58174->Q47188815@2018-02-02,P6,Q58174,Hüseyin Özgürgün,Q47188815,Tufan Erhürman,Who is the head of government of Northern Cyprus?,Nicolás Maduro
llama-3.1-8b,standard,0,P6:Q975:Q970720->Q17721870@2014-07-22,P6,Q970720,Julián Castro,Q17721870,Ivy Taylor,Who is the head of government of San Antonio?,The mayor of San Antonio is Ron Nirenberg. The mayor is the head of the city government and is elected by the
llama-3.1-8b,date_prefix,0,P6:Q975:Q970720->Q17721870@2014-07-22,P6,Q970720,Julián Castro,Q17721870,Ivy Taylor,In 2014: Who is the head of government of San Antonio?,Who is the head of government of San Antonio?
llama-3.1-8b,instruction,0,P6:Q975:Q970720->Q17721870@2014-07-22,P6,Q970720,Julián Castro,Q17721870,Ivy Taylor,"Answer with the current, most up-to-date fact. Who is the head of government of San Antonio?",Who is the head of state of San Antonio? Who is the head of government of San Antonio? Who is the head of
llama-3.1-8b,tas,0,P6:Q975:Q970720->Q17721870@2014-07-22,P6,Q970720,Julián Castro,Q17721870,Ivy Taylor,Who is the head of government of San Antonio?,
llama-3.1-8b,iti,0,P6:Q975:Q970720->Q17721870@2014-07-22,P6,Q970720,Julián Castro,Q17721870,Ivy Taylor,Who is the head of government of San Antonio?,Mayor Ron Nirenberg
llama-3.1-8b,standard,0,P6:Q104746:Q4935267->Q4753774@2016-10-01,P6,Q4935267,Kristina Alsér,Q4753774,Anders Flanking,Who is the head of government of Kronoberg County?,The head of government of Kronoberg County is the county governor. The county governor is appointed by the government of Sweden.
llama-3.1-8b,date_prefix,0,P6:Q104746:Q4935267->Q4753774@2016-10-01,P6,Q4935267,Kristina Alsér,Q4753774,Anders Flanking,In 2016: Who is the head of government of Kronoberg County?,Who is the head of government of Kronoberg County?
llama-3.1-8b,instruction,0,P6:Q104746:Q4935267->Q4753774@2016-10-01,P6,Q4935267,Kristina Alsér,Q4753774,Anders Flanking,"Answer with the current, most up-to-date fact. Who is the head of government of Kronoberg County?",What is the name of the county? What is the name of the county seat? What is the population of the county?
llama-3.1-8b,tas,0,P6:Q104746:Q4935267->Q4753774@2016-10-01,P6,Q4935267,Kristina Alsér,Q4753774,Anders Flanking,Who is the head of government of Kronoberg County?,
llama-3.1-8b,iti,0,P6:Q104746:Q4935267->Q4753774@2016-10-01,P6,Q4935267,Kristina Alsér,Q4753774,Anders Flanking,Who is the head of government of Kronoberg County?,Municipality of Växjö. The municipality of Växjö is the largest municipality in Kronoberg
llama-3.1-8b,standard,0,P6:Q389371:Q5349705->Q25438801@2015-01-01,P6,Q5349705,Einar Strøm,Q25438801,Steinar Saghaug,Who is the head of government of Leksvik Municipality?,The head of government of Leksvik Municipality is the mayor. The mayor is elected by the municipal council. The
llama-3.1-8b,date_prefix,0,P6:Q389371:Q5349705->Q25438801@2015-01-01,P6,Q5349705,Einar Strøm,Q25438801,Steinar Saghaug,In 2015: Who is the head of government of Leksvik Municipality?,Who is the head of government of Leksvik Municipality?
llama-3.1-8b,instruction,0,P6:Q389371:Q5349705->Q25438801@2015-01-01,P6,Q5349705,Einar Strøm,Q25438801,Steinar Saghaug,"Answer with the current, most up-to-date fact. Who is the head of government of Leksvik Municipality?",Who is the head of government of Leksvik Municipality? Who is the head of government of Leksvik
llama-3.1-8b,tas,0,P6:Q389371:Q5349705->Q25438801@2015-01-01,P6,Q5349705,Einar Strøm,Q25438801,Steinar Saghaug,Who is the head of government of Leksvik Municipality?,
llama-3.1-8b,iti,0,P6:Q389371:Q5349705->Q25438801@2015-01-01,P6,Q5349705,Einar Strøm,Q25438801,Steinar Saghaug,Who is the head of government of Leksvik Municipality?,"Municipality of Leksvik is a municipality in Trøndelag county, Norway. It is located in the"
llama-3.1-8b,standard,0,P6:Q494005:Q10957767->Q95985690@2019-01-01,P6,Q10957767,Asle Schrøder,Q95985690,Aase Refsnes,Who is the head of government of Steigen Municipality?,The head of government of Steigen Municipality is the mayor. The mayor is elected by the municipal council. The mayor is
llama-3.1-8b,date_prefix,0,P6:Q494005:Q10957767->Q95985690@2019-01-01,P6,Q10957767,Asle Schrøder,Q95985690,Aase Refsnes,In 2019: Who is the head of government of Steigen Municipality?,Who is the head of government of Steigen Municipality?
llama-3.1-8b,instruction,0,P6:Q494005:Q10957767->Q95985690@2019-01-01,P6,Q10957767,Asle Schrøder,Q95985690,Aase Refsnes,"Answer with the current, most up-to-date fact. Who is the head of government of Steigen Municipality?",What is the name of the municipality? What is the name of the county? What is the name of the country? What
llama-3.1-8b,tas,0,P6:Q494005:Q10957767->Q95985690@2019-01-01,P6,Q10957767,Asle Schrøder,Q95985690,Aase Refsnes,Who is the head of government of Steigen Municipality?,
llama-3.1-8b,iti,0,P6:Q494005:Q10957767->Q95985690@2019-01-01,P6,Q10957767,Asle Schrøder,Q95985690,Aase Refsnes,Who is the head of government of Steigen Municipality?,"Steigen Municipality is a municipality in Nordland county, Norway. The administrative centre of the municipality is the village of Le"
llama-3.1-8b,standard,0,P6:Q47048:Q11881667->Q28720770@2017-04-01,P6,Q11881667,Matti Pennanen,Q28720770,Päivi Laajala,Who is the head of government of Oulu?,"The mayor of Oulu is the head of the city government in the city of Oulu, Finland. The current mayor is"
llama-3.1-8b,date_prefix,0,P6:Q47048:Q11881667->Q28720770@2017-04-01,P6,Q11881667,Matti Pennanen,Q28720770,Päivi Laajala,In 2017: Who is the head of government of Oulu?,Who is the head of government of Oulu?
llama-3.1-8b,instruction,0,P6:Q47048:Q11881667->Q28720770@2017-04-01,P6,Q11881667,Matti Pennanen,Q28720770,Päivi Laajala,"Answer with the current, most up-to-date fact. Who is the head of government of Oulu?",What is the capital of Oulu? What is the currency of Oulu? What is the area of Oulu? What
llama-3.1-8b,tas,0,P6:Q47048:Q11881667->Q28720770@2017-04-01,P6,Q11881667,Matti Pennanen,Q28720770,Päivi Laajala,Who is the head of government of Oulu?,
llama-3.1-8b,iti,0,P6:Q47048:Q11881667->Q28720770@2017-04-01,P6,Q11881667,Matti Pennanen,Q28720770,Päivi Laajala,Who is the head of government of Oulu?,Oulu is a city in Finland. The head of government of Oulu is the mayor of Oulu. The current mayor
llama-3.1-8b,standard,0,P6:Q14960:Q17541652->Q52276807@2018-11-20,P6,Q17541652,Petr Vokřál,Q52276807,Markéta Vaňková,Who is the head of government of Brno?,Who is the head of government of Brno?
llama-3.1-8b,date_prefix,0,P6:Q14960:Q17541652->Q52276807@2018-11-20,P6,Q17541652,Petr Vokřál,Q52276807,Markéta Vaňková,In 2018: Who is the head of government of Brno?,Who is the head of government of Brno?
llama-3.1-8b,instruction,0,P6:Q14960:Q17541652->Q52276807@2018-11-20,P6,Q17541652,Petr Vokřál,Q52276807,Markéta Vaňková,"Answer with the current, most up-to-date fact. Who is the head of government of Brno?",What is the name of the mayor of Brno? What is the name of the head of the city council of Brno? What
llama-3.1-8b,tas,0,P6:Q14960:Q17541652->Q52276807@2018-11-20,P6,Q17541652,Petr Vokřál,Q52276807,Markéta Vaňková,Who is the head of government of Brno?,
llama-3.1-8b,iti,0,P6:Q14960:Q17541652->Q52276807@2018-11-20,P6,Q17541652,Petr Vokřál,Q52276807,Markéta Vaňková,Who is the head of government of Brno?,Mayor of Brno
llama-3.1-8b,standard,0,P6:Q656781:Q14089827->Q98818898@2015-01-01,P6,Q14089827,Antonio Gila Gila,Q98818898,Ander Oroz,Who is the head of government of Ansoáin-Antsoain?,Who is the head of government of Ansoáin-Antsoain?
llama-3.1-8b,date_prefix,0,P6:Q656781:Q14089827->Q98818898@2015-01-01,P6,Q14089827,Antonio Gila Gila,Q98818898,Ander Oroz,In 2015: Who is the head of government of Ansoáin-Antsoain?,Who is the head of government of Ansoáin-Antsoain?
llama-3.1-8b,instruction,0,P6:Q656781:Q14089827->Q98818898@2015-01-01,P6,Q14089827,Antonio Gila Gila,Q98818898,Ander Oroz,"Answer with the current, most up-to-date fact. Who is the head of government of Ansoáin-Antsoain?",Who is the head of state of Ansoáin-Antsoain? What is the capital of Ansoáin
llama-3.1-8b,tas,0,P6:Q656781:Q14089827->Q98818898@2015-01-01,P6,Q14089827,Antonio Gila Gila,Q98818898,Ander Oroz,Who is the head of government of Ansoáin-Antsoain?,
llama-3.1-8b,iti,0,P6:Q656781:Q14089827->Q98818898@2015-01-01,P6,Q14089827,Antonio Gila Gila,Q98818898,Ander Oroz,Who is the head of government of Ansoáin-Antsoain?,Municipality of Ansoáin-Antsoain (Navarre) in the region of Navarre (in
llama-3.1-8b,standard,0,P6:Q6157:Q18633627->Q20251906@2020-09-01,P6,Q18633627,Jorma Rasinmäki,Q20251906,Jaakko Kiiskilä,Who is the head of government of Seinäjoki?,The head of government of Seinäjoki is the person who is responsible for the day-to-day administration of the city
llama-3.1-8b,date_prefix,0,P6:Q6157:Q18633627->Q20251906@2020-09-01,P6,Q18633627,Jorma Rasinmäki,Q20251906,Jaakko Kiiskilä,In 2020: Who is the head of government of Seinäjoki?,Who is the head of government of Seinäjoki?
llama-3.1-8b,instruction,0,P6:Q6157:Q18633627->Q20251906@2020-09-01,P6,Q18633627,Jorma Rasinmäki,Q20251906,Jaakko Kiiskilä,"Answer with the current, most up-to-date fact. Who is the head of government of Seinäjoki?",What is the capital of Finland? What is the name of the largest city in Finland? What is the name of the largest
llama-3.1-8b,tas,0,P6:Q6157:Q18633627->Q20251906@2020-09-01,P6,Q18633627,Jorma Rasinmäki,Q20251906,Jaakko Kiiskilä,Who is the head of government of Seinäjoki?,
llama-3.1-8b,iti,0,P6:Q6157:Q18633627->Q20251906@2020-09-01,P6,Q18633627,Jorma Rasinmäki,Q20251906,Jaakko Kiiskilä,Who is the head of government of Seinäjoki?,Mayor of Seinäjoki
llama-3.1-8b,standard,0,P6:Q1948:Q2924976->Q6386656@2021-09-01,P6,Q2924976,Brian Pallister,Q6386656,Kelvin Goertzen,Who is the head of government of Manitoba?,The head of government of Manitoba is the Premier of Manitoba. The Premier is the leader of the party with the most seats in
llama-3.1-8b,date_prefix,0,P6:Q1948:Q2924976->Q6386656@2021-09-01,P6,Q2924976,Brian Pallister,Q6386656,Kelvin Goertzen,In 2021: Who is the head of government of Manitoba?,Who is the head of government of Manitoba?
llama-3.1-8b,instruction,0,P6:Q1948:Q2924976->Q6386656@2021-09-01,P6,Q2924976,Brian Pallister,Q6386656,Kelvin Goertzen,"Answer with the current, most up-to-date fact. Who is the head of government of Manitoba?",Who is the head of government of Manitoba? Who is the head of government of Manitoba? Who is the head of government of
llama-3.1-8b,tas,0,P6:Q1948:Q2924976->Q6386656@2021-09-01,P6,Q2924976,Brian Pallister,Q6386656,Kelvin Goertzen,Who is the head of government of Manitoba?,
llama-3.1-8b,iti,0,P6:Q1948:Q2924976->Q6386656@2021-09-01,P6,Q2924976,Brian Pallister,Q6386656,Kelvin Goertzen,Who is the head of government of Manitoba?,"Ludlow, Manitoba, Canada. The head of government of Manitoba is the Premier of Manitoba. The current Premier is Brian Pall"
llama-3.1-8b,standard,0,P6:Q1462:Q15622352->Q52419169@2019-03-20,P6,Q15622352,Francesco Pigliaru,Q52419169,Christian Solinas,Who is the head of government of Sardinia?,"The President of the Region of Sardinia is the head of government of the autonomous region of Sardinia, Italy."
llama-3.1-8b,date_prefix,0,P6:Q1462:Q15622352->Q52419169@2019-03-20,P6,Q15622352,Francesco Pigliaru,Q52419169,Christian Solinas,In 2019: Who is the head of government of Sardinia?,Who is the head of government of Sardinia?
llama-3.1-8b,instruction,0,P6:Q1462:Q15622352->Q52419169@2019-03-20,P6,Q15622352,Francesco Pigliaru,Q52419169,Christian Solinas,"Answer with the current, most up-to-date fact. Who is the head of government of Sardinia?",What is the capital of Sardinia? What is the population of Sardinia? What is the area of Sardin
llama-3.1-8b,tas,0,P6:Q1462:Q15622352->Q52419169@2019-03-20,P6,Q15622352,Francesco Pigliaru,Q52419169,Christian Solinas,Who is the head of government of Sardinia?,
llama-3.1-8b,iti,0,P6:Q1462:Q15622352->Q52419169@2019-03-20,P6,Q15622352,Francesco Pigliaru,Q52419169,Christian Solinas,Who is the head of government of Sardinia?,Nicolò Zedda
llama-3.1-8b,standard,0,P6:Q34020:Q785548->Q19876617@2020-06-11,P6,Q785548,Toke Talagi,Q19876617,Dalton Tagelagi,Who is the head of government of Niue?,Niue is a self-governing state in free association with New Zealand. Niue is a member of the Pacific Community
llama-3.1-8b,date_prefix,0,P6:Q34020:Q785548->Q19876617@2020-06-11,P6,Q785548,Toke Talagi,Q19876617,Dalton Tagelagi,In 2020: Who is the head of government of Niue?,What is the capital of Niue?
llama-3.1-8b,instruction,0,P6:Q34020:Q785548->Q19876617@2020-06-11,P6,Q785548,Toke Talagi,Q19876617,Dalton Tagelagi,"Answer with the current, most up-to-date fact. Who is the head of government of Niue?",The head of government of Niue is the Premier of Niue. The Premier of Niue is the head of government of
llama-3.1-8b,tas,0,P6:Q34020:Q785548->Q19876617@2020-06-11,P6,Q785548,Toke Talagi,Q19876617,Dalton Tagelagi,Who is the head of government of Niue?,
llama-3.1-8b,iti,0,P6:Q34020:Q785548->Q19876617@2020-06-11,P6,Q785548,Toke Talagi,Q19876617,Dalton Tagelagi,Who is the head of government of Niue?,Nicolai Carstensen
llama-3.1-8b,standard,0,P6:Q5387:Q26161019->Q111954637@2022-05-10,P6,Q26161019,Igor Vasilyev,Q111954637,Aleksandr Sokolov,Who is the head of government of Kirov Oblast?,Who is the head of government of Kirov Oblast?
llama-3.1-8b,date_prefix,0,P6:Q5387:Q26161019->Q111954637@2022-05-10,P6,Q26161019,Igor Vasilyev,Q111954637,Aleksandr Sokolov,In 2022: Who is the head of government of Kirov Oblast?,Who is the head of government of Kirov Oblast?
llama-3.1-8b,instruction,0,P6:Q5387:Q26161019->Q111954637@2022-05-10,P6,Q26161019,Igor Vasilyev,Q111954637,Aleksandr Sokolov,"Answer with the current, most up-to-date fact. Who is the head of government of Kirov Oblast?",What is the name of the capital of Kirov Oblast? What is the name of the head of government of K
llama-3.1-8b,tas,0,P6:Q5387:Q26161019->Q111954637@2022-05-10,P6,Q26161019,Igor Vasilyev,Q111954637,Aleksandr Sokolov,Who is the head of government of Kirov Oblast?,
llama-3.1-8b,iti,0,P6:Q5387:Q26161019->Q111954637@2022-05-10,P6,Q26161019,Igor Vasilyev,Q111954637,Aleksandr Sokolov,Who is the head of government of Kirov Oblast?,Vladislav Tikhonov
llama-3.1-8b,standard,0,P6:Q16115:Q3939213->Q73759646@2018-10-31,P6,Q3939213,Roberto Vasai,Q73759646,Silvia Chiassai Martini,Who is the head of government of Province of Arezzo?,Who is the head of government of Province of Arezzo?
llama-3.1-8b,date_prefix,0,P6:Q16115:Q3939213->Q73759646@2018-10-31,P6,Q3939213,Roberto Vasai,Q73759646,Silvia Chiassai Martini,In 2018: Who is the head of government of Province of Arezzo?,What is the area of Province of Arezzo? What is the population of Province of Arezzo?
llama-3.1-8b,instruction,0,P6:Q16115:Q3939213->Q73759646@2018-10-31,P6,Q3939213,Roberto Vasai,Q73759646,Silvia Chiassai Martini,"Answer with the current, most up-to-date fact. Who is the head of government of Province of Arezzo?",Who is the head of government of Province of Arezzo?
llama-3.1-8b,tas,0,P6:Q16115:Q3939213->Q73759646@2018-10-31,P6,Q3939213,Roberto Vasai,Q73759646,Silvia Chiassai Martini,Who is the head of government of Province of Arezzo?,
llama-3.1-8b,iti,0,P6:Q16115:Q3939213->Q73759646@2018-10-31,P6,Q3939213,Roberto Vasai,Q73759646,Silvia Chiassai Martini,Who is the head of government of Province of Arezzo?,Municipality of Arezzo
llama-3.1-8b,standard,0,P6:Q47037646:Q5058025->Q25189200@2016-10-26,P6,Q5058025,Celia Wade-Brown,Q25189200,Justin Lester,Who is the head of government of Wellington City?,The Mayor of Wellington is the head of the city council. The current Mayor is Justin Lester. The Mayor is elected by the
llama-3.1-8b,date_prefix,0,P6:Q47037646:Q5058025->Q25189200@2016-10-26,P6,Q5058025,Celia Wade-Brown,Q25189200,Justin Lester,In 2016: Who is the head of government of Wellington City?,Who is the head of government of the Wellington Region? Who is the head of government of the Wellington Region? Who is the
llama-3.1-8b,instruction,0,P6:Q47037646:Q5058025->Q25189200@2016-10-26,P6,Q5058025,Celia Wade-Brown,Q25189200,Justin Lester,"Answer with the current, most up-to-date fact. Who is the head of government of Wellington City?",Who is the head of government of the Wellington Region? Who is the head of government of New Zealand? Who is the head
llama-3.1-8b,tas,0,P6:Q47037646:Q5058025->Q25189200@2016-10-26,P6,Q5058025,Celia Wade-Brown,Q25189200,Justin Lester,Who is the head of government of Wellington City?,
llama-3.1-8b,iti,0,P6:Q47037646:Q5058025->Q25189200@2016-10-26,P6,Q5058025,Celia Wade-Brown,Q25189200,Justin Lester,Who is the head of government of Wellington City?,Mayor Justin Lester.
llama-3.1-8b,standard,0,P6:Q47037646:Q25189200->Q39073800@2019-10-30,P6,Q25189200,Justin Lester,Q39073800,Andy Foster,Who is the head of government of Wellington City?,The Mayor of Wellington is the head of the city council. The current Mayor is Justin Lester. The Mayor is elected by the
llama-3.1-8b,date_prefix,0,P6:Q47037646:Q25189200->Q39073800@2019-10-30,P6,Q25189200,Justin Lester,Q39073800,Andy Foster,In 2019: Who is the head of government of Wellington City?,Who is the head of government of Wellington City?
llama-3.1-8b,instruction,0,P6:Q47037646:Q25189200->Q39073800@2019-10-30,P6,Q25189200,Justin Lester,Q39073800,Andy Foster,"Answer with the current, most up-to-date fact. Who is the head of government of Wellington City?",Who is the head of government of the Wellington Region? Who is the head of government of New Zealand? Who is the head
llama-3.1-8b,tas,0,P6:Q47037646:Q25189200->Q39073800@2019-10-30,P6,Q25189200,Justin Lester,Q39073800,Andy Foster,Who is the head of government of Wellington City?,
llama-3.1-8b,iti,0,P6:Q47037646:Q25189200->Q39073800@2019-10-30,P6,Q25189200,Justin Lester,Q39073800,Andy Foster,Who is the head of government of Wellington City?,Mayor Justin Lester.
llama-3.1-8b,standard,0,P6:Q224:Q57687->Q21821359@2016-01-22,P6,Q57687,Zoran Milanović,Q21821359,Tihomir Orešković,Who is the head of government of Croatia?,The head of government of Croatia is the prime minister of Croatia. The prime minister is the head of the government of Croatia and
llama-3.1-8b,date_prefix,0,P6:Q224:Q57687->Q21821359@2016-01-22,P6,Q57687,Zoran Milanović,Q21821359,Tihomir Orešković,In 2016: Who is the head of government of Croatia?,Who is the head of state of Croatia? Who is the head of government of Croatia? Who is the head of state of
llama-3.1-8b,instruction,0,P6:Q224:Q57687->Q21821359@2016-01-22,P6,Q57687,Zoran Milanović,Q21821359,Tihomir Orešković,"Answer with the current, most up-to-date fact. Who is the head of government of Croatia?",What is the capital of Croatia? What is the currency of Croatia? What is the population of Croatia? What is the area
llama-3.1-8b,tas,0,P6:Q224:Q57687->Q21821359@2016-01-22,P6,Q57687,Zoran Milanović,Q21821359,Tihomir Orešković,Who is the head of government of Croatia?,
llama-3.1-8b,iti,0,P6:Q224:Q57687->Q21821359@2016-01-22,P6,Q57687,Zoran Milanović,Q21821359,Tihomir Orešković,Who is the head of government of Croatia?,Marijan Pavliček
llama-3.1-8b,standard,0,P6:Q47974:Q8989779->Q9095293@2020-08-01,P6,Q8989779,Liu Guozhong,Q9095293,Zhao Yide,Who is the head of government of Shaanxi?,Who is the head of government of Shaanxi?
llama-3.1-8b,date_prefix,0,P6:Q47974:Q8989779->Q9095293@2020-08-01,P6,Q8989779,Liu Guozhong,Q9095293,Zhao Yide,In 2020: Who is the head of government of Shaanxi?,Who is the head of government of Shaanxi?
llama-3.1-8b,instruction,0,P6:Q47974:Q8989779->Q9095293@2020-08-01,P6,Q8989779,Liu Guozhong,Q9095293,Zhao Yide,"Answer with the current, most up-to-date fact. Who is the head of government of Shaanxi?",What is the capital of Shaanxi? What is the population of Shaanxi? What is the area of Shaan
llama-3.1-8b,tas,0,P6:Q47974:Q8989779->Q9095293@2020-08-01,P6,Q8989779,Liu Guozhong,Q9095293,Zhao Yide,Who is the head of government of Shaanxi?,
llama-3.1-8b,iti,0,P6:Q47974:Q8989779->Q9095293@2020-08-01,P6,Q8989779,Liu Guozhong,Q9095293,Zhao Yide,Who is the head of government of Shaanxi?,"Henan Province, Shaanxi Province, Sichuan Province, Yunnan Province, Guizhou Province, Ch"
llama-3.1-8b,standard,0,P6:Q215:Q3739767->Q17117413@2014-09-18,P6,Q3739767,Alenka Bratušek,Q17117413,Miro Cerar,Who is the head of government of Slovenia?,The head of government of Slovenia is the Prime Minister of Slovenia. The Prime Minister is the head of government and the leader of
llama-3.1-8b,date_prefix,0,P6:Q215:Q3739767->Q17117413@2014-09-18,P6,Q3739767,Alenka Bratušek,Q17117413,Miro Cerar,In 2014: Who is the head of government of Slovenia?,Who is the head of state of Slovenia? Who is the head of government of Slovenia? Who is the head of state of
llama-3.1-8b,instruction,0,P6:Q215:Q3739767->Q17117413@2014-09-18,P6,Q3739767,Alenka Bratušek,Q17117413,Miro Cerar,"Answer with the current, most up-to-date fact. Who is the head of government of Slovenia?",Who is the head of state of Slovenia? Who is the head of government of the United States? Who is the head of
llama-3.1-8b,tas,0,P6:Q215:Q3739767->Q17117413@2014-09-18,P6,Q3739767,Alenka Bratušek,Q17117413,Miro Cerar,Who is the head of government of Slovenia?,
llama-3.1-8b,iti,0,P6:Q215:Q3739767->Q17117413@2014-09-18,P6,Q3739767,Alenka Bratušek,Q17117413,Miro Cerar,Who is the head of government of Slovenia?,Anton Rop
llama-3.1-8b,standard,0,P6:Q215:Q57627->Q18645045@2022-05-25,P6,Q57627,Janez Janša,Q18645045,Robert Golob,Who is the head of government of Slovenia?,The head of government of Slovenia is the Prime Minister of Slovenia. The Prime Minister is the head of government and the leader of
llama-3.1-8b,date_prefix,0,P6:Q215:Q57627->Q18645045@2022-05-25,P6,Q57627,Janez Janša,Q18645045,Robert Golob,In 2022: Who is the head of government of Slovenia?,"The Prime Minister of Slovenia is Janez Janša. He is the 11th and current Prime Minister of Slovenia,"
llama-3.1-8b,instruction,0,P6:Q215:Q57627->Q18645045@2022-05-25,P6,Q57627,Janez Janša,Q18645045,Robert Golob,"Answer with the current, most up-to-date fact. Who is the head of government of Slovenia?",Who is the head of state of Slovenia? Who is the head of government of the United States? Who is the head of
llama-3.1-8b,tas,0,P6:Q215:Q57627->Q18645045@2022-05-25,P6,Q57627,Janez Janša,Q18645045,Robert Golob,Who is the head of government of Slovenia?,
llama-3.1-8b,iti,0,P6:Q215:Q57627->Q18645045@2022-05-25,P6,Q57627,Janez Janša,Q18645045,Robert Golob,Who is the head of government of Slovenia?,Anton Rop
llama-3.1-8b,standard,0,P6:Q865:Q3847080->Q551904@2019-01-14,P6,Q3847080,Lai Ching-te,Q551904,Su Tseng-chang,Who is the head of government of Taiwan?,A. Tsai Ing-wen B. Ma Ying-jeou C. Chen Shui-bian D. Lee T
llama-3.1-8b,date_prefix,0,P6:Q865:Q3847080->Q551904@2019-01-14,P6,Q3847080,Lai Ching-te,Q551904,Su Tseng-chang,In 2019: Who is the head of government of Taiwan?,What is the capital of Taiwan?
llama-3.1-8b,instruction,0,P6:Q865:Q3847080->Q551904@2019-01-14,P6,Q3847080,Lai Ching-te,Q551904,Su Tseng-chang,"Answer with the current, most up-to-date fact. Who is the head of government of Taiwan?",What is the capital of Taiwan? What is the currency of Taiwan? What is the population of Taiwan? What is the area
llama-3.1-8b,tas,0,P6:Q865:Q3847080->Q551904@2019-01-14,P6,Q3847080,Lai Ching-te,Q551904,Su Tseng-chang,Who is the head of government of Taiwan?,
llama-3.1-8b,iti,0,P6:Q865:Q3847080->Q551904@2019-01-14,P6,Q3847080,Lai Ching-te,Q551904,Su Tseng-chang,Who is the head of government of Taiwan?,Nicolás Maduro
llama-3.1-8b,standard,0,P6:Q31:Q950958->Q18434995@2019-10-27,P6,Q950958,Charles Michel,Q18434995,Sophie Wilmès,Who is the head of government of Belgium?,The head of government of Belgium is the Prime Minister of Belgium. The Prime Minister is the head of the Belgian government and is
llama-3.1-8b,date_prefix,0,P6:Q31:Q950958->Q18434995@2019-10-27,P6,Q950958,Charles Michel,Q18434995,Sophie Wilmès,In 2019: Who is the head of government of Belgium?,What is the capital of Belgium? What is the currency of Belgium? What time is it in Belgium?
llama-3.1-8b,instruction,0,P6:Q31:Q950958->Q18434995@2019-10-27,P6,Q950958,Charles Michel,Q18434995,Sophie Wilmès,"Answer with the current, most up-to-date fact. Who is the head of government of Belgium?",Who is the head of state of Belgium? Who is the head of government of Belgium? Who is the head of state of
llama-3.1-8b,tas,0,P6:Q31:Q950958->Q18434995@2019-10-27,P6,Q950958,Charles Michel,Q18434995,Sophie Wilmès,Who is the head of government of Belgium?,
llama-3.1-8b,iti,0,P6:Q31:Q950958->Q18434995@2019-10-27,P6,Q950958,Charles Michel,Q18434995,Sophie Wilmès,Who is the head of government of Belgium?,Antonia Fraser
llama-3.1-8b,standard,0,P6:Q5851:Q2587229->Q41657764@2017-10-06,P6,Q2587229,Vladimir Gorodetsky,Q41657764,Andrei Travnikov,Who is the head of government of Novosibirsk Oblast?,Who is the head of government of Novosibirsk Oblast?
llama-3.1-8b,date_prefix,0,P6:Q5851:Q2587229->Q41657764@2017-10-06,P6,Q2587229,Vladimir Gorodetsky,Q41657764,Andrei Travnikov,In 2017: Who is the head of government of Novosibirsk Oblast?,Who is the head of government of Novosibirsk Oblast?
llama-3.1-8b,instruction,0,P6:Q5851:Q2587229->Q41657764@2017-10-06,P6,Q2587229,Vladimir Gorodetsky,Q41657764,Andrei Travnikov,"Answer with the current, most up-to-date fact. Who is the head of government of Novosibirsk Oblast?",What is the name of the current head of government of Novosibirsk Oblast? Who is the current head of government
llama-3.1-8b,tas,0,P6:Q5851:Q2587229->Q41657764@2017-10-06,P6,Q2587229,Vladimir Gorodetsky,Q41657764,Andrei Travnikov,Who is the head of government of Novosibirsk Oblast?,
llama-3.1-8b,iti,0,P6:Q5851:Q2587229->Q41657764@2017-10-06,P6,Q2587229,Vladimir Gorodetsky,Q41657764,Andrei Travnikov,Who is the head of government of Novosibirsk Oblast?,Nicolai Vinnichenko
llama-3.1-8b,standard,0,P6:Q734:Q6915896->Q98053664@2020-08-02,P6,Q6915896,Moses Nagamootoo,Q98053664,Mark Phillips,Who is the head of government of Guyana?,The head of government of Guyana is the President of Guyana. The President is the head of state and the head of
llama-3.1-8b,date_prefix,0,P6:Q734:Q6915896->Q98053664@2020-08-02,P6,Q6915896,Moses Nagamootoo,Q98053664,Mark Phillips,In 2020: Who is the head of government of Guyana?,Who is the head of state of Guyana?
llama-3.1-8b,instruction,0,P6:Q734:Q6915896->Q98053664@2020-08-02,P6,Q6915896,Moses Nagamootoo,Q98053664,Mark Phillips,"Answer with the current, most up-to-date fact. Who is the head of government of Guyana?",What is the capital of Guyana? What is the currency of Guyana? What is the population of Guyana? What
llama-3.1-8b,tas,0,P6:Q734:Q6915896->Q98053664@2020-08-02,P6,Q6915896,Moses Nagamootoo,Q98053664,Mark Phillips,Who is the head of government of Guyana?,
llama-3.1-8b,iti,0,P6:Q734:Q6915896->Q98053664@2020-08-02,P6,Q6915896,Moses Nagamootoo,Q98053664,Mark Phillips,Who is the head of government of Guyana?,Nicolás Maduro
llama-3.1-8b,standard,0,P6:Q40956:Q8297956->Q9315455@2021-02-01,P6,Q8297956,Li Guoying,Q9315455,Wang Qingxian,Who is the head of government of Anhui?,Who is the head of government of Anhui?
llama-3.1-8b,date_prefix,0,P6:Q40956:Q8297956->Q9315455@2021-02-01,P6,Q8297956,Li Guoying,Q9315455,Wang Qingxian,In 2021: Who is the head of government of Anhui?,Who is the head of government of Anhui?
llama-3.1-8b,instruction,0,P6:Q40956:Q8297956->Q9315455@2021-02-01,P6,Q8297956,Li Guoying,Q9315455,Wang Qingxian,"Answer with the current, most up-to-date fact. Who is the head of government of Anhui?",What is the capital of Anhui? What is the population of Anhui? What is the area of Anhui? What
llama-3.1-8b,tas,0,P6:Q40956:Q8297956->Q9315455@2021-02-01,P6,Q8297956,Li Guoying,Q9315455,Wang Qingxian,Who is the head of government of Anhui?,
llama-3.1-8b,iti,0,P6:Q40956:Q8297956->Q9315455@2021-02-01,P6,Q8297956,Li Guoying,Q9315455,Wang Qingxian,Who is the head of government of Anhui?,The head of government of Anhui is the governor of Anhui. The governor is appointed by the People's Republic of China
llama-3.1-8b,standard,0,P6:Q620600:Q20129724->Q65018269@2017-01-01,P6,Q20129724,Jaime Pérez Pacheco,Q65018269,María Gómez García,Who is the head of government of Almoradí?,"The mayor of Almoradí is the head of the local government in Almoradí, a town in the province of Alic"
llama-3.1-8b,date_prefix,0,P6:Q620600:Q20129724->Q65018269@2017-01-01,P6,Q20129724,Jaime Pérez Pacheco,Q65018269,María Gómez García,In 2017: Who is the head of government of Almoradí?,Who is the mayor of Almoradí? Who is the president of the Junta of Almoradí? Who is the
llama-3.1-8b,instruction,0,P6:Q620600:Q20129724->Q65018269@2017-01-01,P6,Q20129724,Jaime Pérez Pacheco,Q65018269,María Gómez García,"Answer with the current, most up-to-date fact. Who is the head of government of Almoradí?",Who is the head of government of Almoradí? Who is the head of government of Almoradí? Who is the
llama-3.1-8b,tas,0,P6:Q620600:Q20129724->Q65018269@2017-01-01,P6,Q20129724,Jaime Pérez Pacheco,Q65018269,María Gómez García,Who is the head of government of Almoradí?,
llama-3.1-8b,iti,0,P6:Q620600:Q20129724->Q65018269@2017-01-01,P6,Q20129724,Jaime Pérez Pacheco,Q65018269,María Gómez García,Who is the head of government of Almoradí?,Mayor of Almoradí
llama-3.1-8b,standard,0,P6:Q1191:Q3634346->Q18750400@2022-06-30,P6,Q3634346,Uddhav Thackeray,Q18750400,Eknath Shinde,Who is the head of government of Maharashtra?,Who is the head of government of Maharashtra?
llama-3.1-8b,date_prefix,0,P6:Q1191:Q3634346->Q18750400@2022-06-30,P6,Q3634346,Uddhav Thackeray,Q18750400,Eknath Shinde,In 2022: Who is the head of government of Maharashtra?,Who is the head of government of Maharashtra? Who is the head of government of Maharashtra? Who is the head of government of
llama-3.1-8b,instruction,0,P6:Q1191:Q3634346->Q18750400@2022-06-30,P6,Q3634346,Uddhav Thackeray,Q18750400,Eknath Shinde,"Answer with the current, most up-to-date fact. Who is the head of government of Maharashtra?",Who is the head of government of Maharashtra? Who is the head of government of Maharashtra? Who is the head of government of
llama-3.1-8b,tas,0,P6:Q1191:Q3634346->Q18750400@2022-06-30,P6,Q3634346,Uddhav Thackeray,Q18750400,Eknath Shinde,Who is the head of government of Maharashtra?,
llama-3.1-8b,iti,0,P6:Q1191:Q3634346->Q18750400@2022-06-30,P6,Q3634346,Uddhav Thackeray,Q18750400,Eknath Shinde,Who is the head of government of Maharashtra?,Marathi
llama-3.1-8b,standard,0,P6:Q8826:Q20875257->Q20088957@2019-06-15,P6,Q20875257,Antoni Noguera Ortega,Q20088957,José Hila Vargas,Who is the head of government of Palma?,The head of government of Palma is the person who is responsible for the executive branch of the government of Palma. The
llama-3.1-8b,date_prefix,0,P6:Q8826:Q20875257->Q20088957@2019-06-15,P6,Q20875257,Antoni Noguera Ortega,Q20088957,José Hila Vargas,In 2019: Who is the head of government of Palma?,What is the capital of Palma? What is the currency of Palma?
llama-3.1-8b,instruction,0,P6:Q8826:Q20875257->Q20088957@2019-06-15,P6,Q20875257,Antoni Noguera Ortega,Q20088957,José Hila Vargas,"Answer with the current, most up-to-date fact. Who is the head of government of Palma?",What is the capital of Palma? What is the currency of Palma? What is the area of Palma? What
llama-3.1-8b,tas,0,P6:Q8826:Q20875257->Q20088957@2019-06-15,P6,Q20875257,Antoni Noguera Ortega,Q20088957,José Hila Vargas,Who is the head of government of Palma?,
llama-3.1-8b,iti,0,P6:Q8826:Q20875257->Q20088957@2019-06-15,P6,Q20875257,Antoni Noguera Ortega,Q20088957,José Hila Vargas,Who is the head of government of Palma?,Nicolau Casaus
llama-3.1-8b,standard,0,P6:Q2837:Q55186057->Q86606978@2019-12-20,P6,Q55186057,Dmitry Razumovsky,Q86606978,Dmitry Denisov,Who is the head of government of Kaluga?,Who is the head of government of Kaluga?
llama-3.1-8b,date_prefix,0,P6:Q2837:Q55186057->Q86606978@2019-12-20,P6,Q55186057,Dmitry Razumovsky,Q86606978,Dmitry Denisov,In 2019: Who is the head of government of Kaluga?,What is the population of Kaluga? What is the area of Kaluga? What is the GDP of Kaluga? What
llama-3.1-8b,instruction,0,P6:Q2837:Q55186057->Q86606978@2019-12-20,P6,Q55186057,Dmitry Razumovsky,Q86606978,Dmitry Denisov,"Answer with the current, most up-to-date fact. Who is the head of government of Kaluga?",What is the capital of Kaluga? What is the area of Kaluga? What is the population of Kaluga? What
llama-3.1-8b,tas,0,P6:Q2837:Q55186057->Q86606978@2019-12-20,P6,Q55186057,Dmitry Razumovsky,Q86606978,Dmitry Denisov,Who is the head of government of Kaluga?,
llama-3.1-8b,iti,0,P6:Q2837:Q55186057->Q86606978@2019-12-20,P6,Q55186057,Dmitry Razumovsky,Q86606978,Dmitry Denisov,Who is the head of government of Kaluga?,Mayor of Kaluga
llama-3.1-8b,standard,0,P6:Q15428:Q60668341->Q69753967@2019-06-15,P6,Q60668341,Xavier Serrate i Cunill,Q69753967,Marta Bertran i Ramón,Who is the head of government of Lliçà de Vall?,The mayor of Lliçà de Vall is the head of the local government of Lliçà de Vall. The
llama-3.1-8b,date_prefix,0,P6:Q15428:Q60668341->Q69753967@2019-06-15,P6,Q60668341,Xavier Serrate i Cunill,Q69753967,Marta Bertran i Ramón,In 2019: Who is the head of government of Lliçà de Vall?,Who is the mayor of Lliçà de Vall? Who is the president of the Generalitat de Catalunya? Who
llama-3.1-8b,instruction,0,P6:Q15428:Q60668341->Q69753967@2019-06-15,P6,Q60668341,Xavier Serrate i Cunill,Q69753967,Marta Bertran i Ramón,"Answer with the current, most up-to-date fact. Who is the head of government of Lliçà de Vall?",Who is the head of state of Lliçà de Vall? What is the capital of Lliçà de Vall
llama-3.1-8b,tas,0,P6:Q15428:Q60668341->Q69753967@2019-06-15,P6,Q60668341,Xavier Serrate i Cunill,Q69753967,Marta Bertran i Ramón,Who is the head of government of Lliçà de Vall?,
llama-3.1-8b,iti,0,P6:Q15428:Q60668341->Q69753967@2019-06-15,P6,Q60668341,Xavier Serrate i Cunill,Q69753967,Marta Bertran i Ramón,Who is the head of government of Lliçà de Vall?,Mayor
llama-3.1-8b,standard,0,P6:Q106306784:Q39318->Q1396120@2022-07-01,P6,Q39318,Naftali Bennett,Q1396120,Yair Lapid,Who is the head of government of thirty-sixth government of Israel?,The correct answer is Benjamin Netanyahu. Benjamin Netanyahu is the head of government of thirty-sixth government of Israel. He is the
llama-3.1-8b,date_prefix,0,P6:Q106306784:Q39318->Q1396120@2022-07-01,P6,Q39318,Naftali Bennett,Q1396120,Yair Lapid,In 2022: Who is the head of government of thirty-sixth government of Israel?,The answer is
llama-3.1-8b,instruction,0,P6:Q106306784:Q39318->Q1396120@2022-07-01,P6,Q39318,Naftali Bennett,Q1396120,Yair Lapid,"Answer with the current, most up-to-date fact. Who is the head of government of thirty-sixth government of Israel?",What is the name of the current president of the United States? What is the name of the current prime minister of the United
llama-3.1-8b,tas,0,P6:Q106306784:Q39318->Q1396120@2022-07-01,P6,Q39318,Naftali Bennett,Q1396120,Yair Lapid,Who is the head of government of thirty-sixth government of Israel?,
llama-3.1-8b,iti,0,P6:Q106306784:Q39318->Q1396120@2022-07-01,P6,Q39318,Naftali Bennett,Q1396120,Yair Lapid,Who is the head of government of thirty-sixth government of Israel?,Nicolás Maduro
llama-3.1-8b,standard,0,P35:Q224:Q3176299->Q57687@2020-02-19,P35,Q3176299,Kolinda Grabar-Kitarović,Q57687,Zoran Milanović,Who is the head of state of Croatia?,The head of state of Croatia is the President of Croatia. The President is elected by popular vote for a five-year term.
llama-3.1-8b,date_prefix,0,P35:Q224:Q3176299->Q57687@2020-02-19,P35,Q3176299,Kolinda Grabar-Kitarović,Q57687,Zoran Milanović,In 2020: Who is the head of state of Croatia?,What is the capital of Croatia? What is the currency of Croatia? What is the area of Croatia? What is the population
llama-3.1-8b,instruction,0,P35:Q224:Q3176299->Q57687@2020-02-19,P35,Q3176299,Kolinda Grabar-Kitarović,Q57687,Zoran Milanović,"Answer with the current, most up-to-date fact. Who is the head of state of Croatia?",What is the capital of Croatia? What is the currency of Croatia? What is the population of Croatia? What is the area
llama-3.1-8b,tas,0,P35:Q224:Q3176299->Q57687@2020-02-19,P35,Q3176299,Kolinda Grabar-Kitarović,Q57687,Zoran Milanović,Who is the head of state of Croatia?,
llama-3.1-8b,iti,0,P35:Q224:Q3176299->Q57687@2020-02-19,P35,Q3176299,Kolinda Grabar-Kitarović,Q57687,Zoran Milanović,Who is the head of state of Croatia?,Antonija Kovačević
llama-3.1-8b,standard,0,P169:Q156578:Q68355->Q1910173@2015-09-01,P169,Q68355,Martin Winterkorn,Q1910173,Matthias Müller,Who is the chief executive officer of Volkswagen Group?,- Quora
llama-3.1-8b,date_prefix,0,P169:Q156578:Q68355->Q1910173@2015-09-01,P169,Q68355,Martin Winterkorn,Q1910173,Matthias Müller,In 2015: Who is the chief executive officer of Volkswagen Group?,Martin Winterkorn. Who is the chief executive officer of Volkswagen Group? Martin Winterkorn. Who is the chief executive
llama-3.1-8b,instruction,0,P169:Q156578:Q68355->Q1910173@2015-09-01,P169,Q68355,Martin Winterkorn,Q1910173,Matthias Müller,"Answer with the current, most up-to-date fact. Who is the chief executive officer of Volkswagen Group?",What is the name of the new Volkswagen Golf? What is the name of the new Volkswagen Golf? What is the name of
llama-3.1-8b,tas,0,P169:Q156578:Q68355->Q1910173@2015-09-01,P169,Q68355,Martin Winterkorn,Q1910173,Matthias Müller,Who is the chief executive officer of Volkswagen Group?,…
llama-3.1-8b,iti,0,P169:Q156578:Q68355->Q1910173@2015-09-01,P169,Q68355,Martin Winterkorn,Q1910173,Matthias Müller,Who is the chief executive officer of Volkswagen Group?,Martin Winterkorn
llama-3.1-8b,standard,0,P169:Q157617:Q112942->Q49006056@2016-01-01,P169,Q112942,Martin Blessing,Q49006056,Martin Zielke,Who is the chief executive officer of Commerzbank AG?,A. Martin Blessing B. Martin Winterkorn C. Martin Schulz D. Martin Winter
llama-3.1-8b,date_prefix,0,P169:Q157617:Q112942->Q49006056@2016-01-01,P169,Q112942,Martin Blessing,Q49006056,Martin Zielke,In 2016: Who is the chief executive officer of Commerzbank AG?,Who is the chief executive officer of Commerzbank AG?
llama-3.1-8b,instruction,0,P169:Q157617:Q112942->Q49006056@2016-01-01,P169,Q112942,Martin Blessing,Q49006056,Martin Zielke,"Answer with the current, most up-to-date fact. Who is the chief executive officer of Commerzbank AG?",What is the current market capitalization of the company? What is the current price of the company's stock? What is the
llama-3.1-8b,tas,0,P169:Q157617:Q112942->Q49006056@2016-01-01,P169,Q112942,Martin Blessing,Q49006056,Martin Zielke,Who is the chief executive officer of Commerzbank AG?,…
llama-3.1-8b,iti,0,P169:Q157617:Q112942->Q49006056@2016-01-01,P169,Q112942,Martin Blessing,Q49006056,Martin Zielke,Who is the chief executive officer of Commerzbank AG?,Klaus-Peter Müller
llama-3.1-8b,standard,0,P169:Q163241:Q1332719->Q108566246@2020-01-01,P169,Q1332719,Elmar Degenhart,Q108566246,Nikolai Setzer,Who is the chief executive officer of Continental AG?,- Continental AG
llama-3.1-8b,date_prefix,0,P169:Q163241:Q1332719->Q108566246@2020-01-01,P169,Q1332719,Elmar Degenhart,Q108566246,Nikolai Setzer,In 2020: Who is the chief executive officer of Continental AG?,Who is the chief executive officer of Continental AG?
llama-3.1-8b,instruction,0,P169:Q163241:Q1332719->Q108566246@2020-01-01,P169,Q1332719,Elmar Degenhart,Q108566246,Nikolai Setzer,"Answer with the current, most up-to-date fact. Who is the chief executive officer of Continental AG?",What is the name of the company that owns Continental AG? What is the name of the company that owns Continental AG? What
llama-3.1-8b,tas,0,P169:Q163241:Q1332719->Q108566246@2020-01-01,P169,Q1332719,Elmar Degenhart,Q108566246,Nikolai Setzer,Who is the chief executive officer of Continental AG?,…
llama-3.1-8b,iti,0,P169:Q163241:Q1332719->Q108566246@2020-01-01,P169,Q1332719,Elmar Degenhart,Q108566246,Nikolai Setzer,Who is the chief executive officer of Continental AG?,Klaus-Michael Kuehne
llama-3.1-8b,standard,0,P169:Q155026:Q55196710->Q21551443@2020-01-01,P169,Q55196710,David Abney,Q21551443,Carol Tomé,Who is the chief executive officer of United Parcel Service?,A. Michael Eskew B. Michael L. Eskew C. Michael Eskew D. Michael Eskew
llama-3.1-8b,date_prefix,0,P169:Q155026:Q55196710->Q21551443@2020-01-01,P169,Q55196710,David Abney,Q21551443,Carol Tomé,In 2020: Who is the chief executive officer of United Parcel Service?,Who is the chief executive officer of United Parcel Service?
llama-3.1-8b,instruction,0,P169:Q155026:Q55196710->Q21551443@2020-01-01,P169,Q55196710,David Abney,Q21551443,Carol Tomé,"Answer with the current, most up-to-date fact. Who is the chief executive officer of United Parcel Service?",What is the name of the new president of the United States? What is the name of the new pope? What is the
llama-3.1-8b,tas,0,P169:Q155026:Q55196710->Q21551443@2020-01-01,P169,Q55196710,David Abney,Q21551443,Carol Tomé,Who is the chief executive officer of United Parcel Service?,…
llama-3.1-8b,iti,0,P169:Q155026:Q55196710->Q21551443@2020-01-01,P169,Q55196710,David Abney,Q21551443,Carol Tomé,Who is the chief executive officer of United Parcel Service?,Miriam E. Murphy
llama-3.1-8b,standard,0,P286:Q81888:Q2844569->Q348301@2022-07-01,P286,Q2844569,Erik ten Hag,Q348301,Alfred Schreuder,Who is the head coach of AFC Ajax?,The head coach of AFC Ajax is Erik ten Hag. He is a Dutch professional football manager and former player who is the current
llama-3.1-8b,date_prefix,0,P286:Q81888:Q2844569->Q348301@2022-07-01,P286,Q2844569,Erik ten Hag,Q348301,Alfred Schreuder,In 2022: Who is the head coach of AFC Ajax?,| Football
llama-3.1-8b,instruction,0,P286:Q81888:Q2844569->Q348301@2022-07-01,P286,Q2844569,Erik ten Hag,Q348301,Alfred Schreuder,"Answer with the current, most up-to-date fact. Who is the head coach of AFC Ajax?",What is the name of the stadium where AFC Ajax plays? What is the name of the city where AFC Ajax plays? What
llama-3.1-8b,tas,0,P286:Q81888:Q2844569->Q348301@2022-07-01,P286,Q2844569,Erik ten Hag,Q348301,Alfred Schreuder,Who is the head coach of AFC Ajax?,as of 2022
llama-3.1-8b,iti,0,P286:Q81888:Q2844569->Q348301@2022-07-01,P286,Q2844569,Erik ten Hag,Q348301,Alfred Schreuder,Who is the head coach of AFC Ajax?,Marcel Keizer is the head coach of AFC Ajax. He was appointed as the head coach of AFC Ajax on 1 July
llama-3.1-8b,standard,0,P286:Q631:Q310813->Q26580@2019-07-01,P286,Q310813,Luciano Spalletti,Q26580,Antonio Conte,Who is the head coach of Inter Milan?,"The answer to this question is a bit complicated. The club has had a number of different coaches over the years, and the"
llama-3.1-8b,date_prefix,0,P286:Q631:Q310813->Q26580@2019-07-01,P286,Q310813,Luciano Spalletti,Q26580,Antonio Conte,In 2019: Who is the head coach of Inter Milan?,Who is the head coach of Inter Milan? Who is the head coach of Inter Milan? Who is the head coach of Inter
llama-3.1-8b,instruction,0,P286:Q631:Q310813->Q26580@2019-07-01,P286,Q310813,Luciano Spalletti,Q26580,Antonio Conte,"Answer with the current, most up-to-date fact. Who is the head coach of Inter Milan?",Who is the head coach of Manchester United? Who is the head coach of Real Madrid? Who is the head coach of Barcelona
llama-3.1-8b,tas,0,P286:Q631:Q310813->Q26580@2019-07-01,P286,Q310813,Luciano Spalletti,Q26580,Antonio Conte,Who is the head coach of Inter Milan?,as of 2022
llama-3.1-8b,iti,0,P286:Q631:Q310813->Q26580@2019-07-01,P286,Q310813,Luciano Spalletti,Q26580,Antonio Conte,Who is the head coach of Inter Milan?,Luciano Spalletti is the head coach of Inter Milan. He is an Italian football manager and former player. He is
llama-3.1-8b,standard,0,P286:Q615:Q164038->Q222924@2012-01-01,P286,Q164038,Pep Guardiola,Q222924,Tito Vilanova,Who is the head coach of Lionel Messi?,Lionel Messi is a professional footballer who plays for the Argentine national team and the Spanish club Barcelona. He is widely regarded as
llama-3.1-8b,date_prefix,0,P286:Q615:Q164038->Q222924@2012-01-01,P286,Q164038,Pep Guardiola,Q222924,Tito Vilanova,In 2012: Who is the head coach of Lionel Messi?,Who is the head coach of Cristiano Ronaldo? Who is the head coach of Neymar? Who is the head coach of Luis
llama-3.1-8b,instruction,0,P286:Q615:Q164038->Q222924@2012-01-01,P286,Q164038,Pep Guardiola,Q222924,Tito Vilanova,"Answer with the current, most up-to-date fact. Who is the head coach of Lionel Messi?",Who is the head coach of Cristiano Ronaldo? Who is the head coach of Neymar? Who is the head coach of Ky
llama-3.1-8b,tas,0,P286:Q615:Q164038->Q222924@2012-01-01,P286,Q164038,Pep Guardiola,Q222924,Tito Vilanova,Who is the head coach of Lionel Messi?,as he is set to join Inter Miami
llama-3.1-8b,iti,0,P286:Q615:Q164038->Q222924@2012-01-01,P286,Q164038,Pep Guardiola,Q222924,Tito Vilanova,Who is the head coach of Lionel Messi?,Marcelo Bielsa is the head coach of Lionel Messi. Lionel Messi is a professional footballer who plays for the Argentine
llama-3.1-8b,standard,0,P286:Q1544869:Q3013100->Q275350@2021-05-31,P286,Q3013100,Dan Hughes,Q275350,Noelle Quinn,Who is the head coach of Seattle Storm?,Sue Bird
llama-3.1-8b,date_prefix,0,P286:Q1544869:Q3013100->Q275350@2021-05-31,P286,Q3013100,Dan Hughes,Q275350,Noelle Quinn,In 2021: Who is the head coach of Seattle Storm?,Sue Bird and Breanna Stewart are the two most famous players on the Seattle Storm. Sue Bird is a 5-time WN
llama-3.1-8b,instruction,0,P286:Q1544869:Q3013100->Q275350@2021-05-31,P286,Q3013100,Dan Hughes,Q275350,Noelle Quinn,"Answer with the current, most up-to-date fact. Who is the head coach of Seattle Storm?",Sue Bird. Who is the head coach of the Seattle Storm? Dan Hughes. Who is the head coach of the Seattle Storm
llama-3.1-8b,tas,0,P286:Q1544869:Q3013100->Q275350@2021-05-31,P286,Q3013100,Dan Hughes,Q275350,Noelle Quinn,Who is the head coach of Seattle Storm?,as of 2022
llama-3.1-8b,iti,0,P286:Q1544869:Q3013100->Q275350@2021-05-31,P286,Q3013100,Dan Hughes,Q275350,Noelle Quinn,Who is the head coach of Seattle Storm?,Nicol Galovic is the head coach of the Seattle Storm. He is a former professional basketball player who played for the Seattle Storm
llama-3.1-8b,standard,0,P286:Q319136:Q56544048->Q3178809@2019-06-27,P286,Q56544048,Oran Kearney,Q3178809,Jim Goodwin,Who is the head coach of St. Mirren F.C.?,Who is the head coach of St. Mirren F.C.?
llama-3.1-8b,date_prefix,0,P286:Q319136:Q56544048->Q3178809@2019-06-27,P286,Q56544048,Oran Kearney,Q3178809,Jim Goodwin,In 2019: Who is the head coach of St. Mirren F.C.?,Who is the head coach of St. Mirren F.C.?
llama-3.1-8b,instruction,0,P286:Q319136:Q56544048->Q3178809@2019-06-27,P286,Q56544048,Oran Kearney,Q3178809,Jim Goodwin,"Answer with the current, most up-to-date fact. Who is the head coach of St. Mirren F.C.?",What is the name of the stadium where St. Mirren F.C. plays? What is the name of the city where
llama-3.1-8b,tas,0,P286:Q319136:Q56544048->Q3178809@2019-06-27,P286,Q56544048,Oran Kearney,Q3178809,Jim Goodwin,Who is the head coach of St. Mirren F.C.?,as of 2018
llama-3.1-8b,iti,0,P286:Q319136:Q56544048->Q3178809@2019-06-27,P286,Q56544048,Oran Kearney,Q3178809,Jim Goodwin,Who is the head coach of St. Mirren F.C.?,"St. Mirren F.C. is a Scottish professional football club based in the town of Paisley, Renfrewshire"
llama-3.1-8b,standard,0,P286:Q190916:Q1338480->Q348301@2022-01-03,P286,Q1338480,Philippe Clement,Q348301,Alfred Schreuder,Who is the head coach of Club Brugge K.V.?,- Club Brugge K.V.
llama-3.1-8b,date_prefix,0,P286:Q190916:Q1338480->Q348301@2022-01-03,P286,Q1338480,Philippe Clement,Q348301,Alfred Schreuder,In 2022: Who is the head coach of Club Brugge K.V.?,Who is the head coach of Club Brugge K.V.?
llama-3.1-8b,instruction,0,P286:Q190916:Q1338480->Q348301@2022-01-03,P286,Q1338480,Philippe Clement,Q348301,Alfred Schreuder,"Answer with the current, most up-to-date fact. Who is the head coach of Club Brugge K.V.?",What is the name of the stadium where Club Brugge K.V. plays? What is the name of the city where
llama-3.1-8b,tas,0,P286:Q190916:Q1338480->Q348301@2022-01-03,P286,Q1338480,Philippe Clement,Q348301,Alfred Schreuder,Who is the head coach of Club Brugge K.V.?,as of 2022
llama-3.1-8b,iti,0,P286:Q190916:Q1338480->Q348301@2022-01-03,P286,Q1338480,Philippe Clement,Q348301,Alfred Schreuder,Who is the head coach of Club Brugge K.V.?,Marcelo Plets
llama-3.1-8b,standard,0,P286:Q364698:Q934797->Q1237899@2021-11-28,P286,Q934797,Yves Vanderhaeghe,Q1237899,Dominik Thalhammer,Who is the head coach of Cercle Brugge K.S.V.?,Cercle Brugge K.S.V. is a Belgian football club based in Bruges. The club was founded in
llama-3.1-8b,date_prefix,0,P286:Q364698:Q934797->Q1237899@2021-11-28,P286,Q934797,Yves Vanderhaeghe,Q1237899,Dominik Thalhammer,In 2021: Who is the head coach of Cercle Brugge K.S.V.?,Who is the head coach of Cercle Brugge K.S.V.?
llama-3.1-8b,instruction,0,P286:Q364698:Q934797->Q1237899@2021-11-28,P286,Q934797,Yves Vanderhaeghe,Q1237899,Dominik Thalhammer,"Answer with the current, most up-to-date fact. Who is the head coach of Cercle Brugge K.S.V.?",
llama-3.1-8b,tas,0,P286:Q364698:Q934797->Q1237899@2021-11-28,P286,Q934797,Yves Vanderhaeghe,Q1237899,Dominik Thalhammer,Who is the head coach of Cercle Brugge K.S.V.?,as of 2022
llama-3.1-8b,iti,0,P286:Q364698:Q934797->Q1237899@2021-11-28,P286,Q934797,Yves Vanderhaeghe,Q1237899,Dominik Thalhammer,Who is the head coach of Cercle Brugge K.S.V.?,Marcel Hjerkinn
llama-3.1-8b,standard,0,P286:Q13361030:Q24082703->Q1784080@2020-01-06,P286,Q24082703,Domènec Torrent,Q1784080,Ronny Deila,Who is the head coach of New York City FC?,The New York City FC head coach is Ronny Deila. Ronny Deila is a Norwegian professional football manager and former
llama-3.1-8b,date_prefix,0,P286:Q13361030:Q24082703->Q1784080@2020-01-06,P286,Q24082703,Domènec Torrent,Q1784080,Ronny Deila,In 2020: Who is the head coach of New York City FC?,Who is the head coach of New York City FC?
llama-3.1-8b,instruction,0,P286:Q13361030:Q24082703->Q1784080@2020-01-06,P286,Q24082703,Domènec Torrent,Q1784080,Ronny Deila,"Answer with the current, most up-to-date fact. Who is the head coach of New York City FC?",What is the name of the stadium where New York City FC plays? What is the name of the team's mascot? What
llama-3.1-8b,tas,0,P286:Q13361030:Q24082703->Q1784080@2020-01-06,P286,Q24082703,Domènec Torrent,Q1784080,Ronny Deila,Who is the head coach of New York City FC?,as of 2022
llama-3.1-8b,iti,0,P286:Q13361030:Q24082703->Q1784080@2020-01-06,P286,Q24082703,Domènec Torrent,Q1784080,Ronny Deila,Who is the head coach of New York City FC?,Marcelo Bielsa
llama-3.1-8b,standard,0,P286:Q192071:Q235068->Q30612224@2018-06-13,P286,Q235068,Claudio Ranieri,Q30612224,Miguel Cardoso,Who is the head coach of FC Nantes?,"The French club has a new manager, and it’s not who you might expect. The club has been struggling in recent years"
llama-3.1-8b,date_prefix,0,P286:Q192071:Q235068->Q30612224@2018-06-13,P286,Q235068,Claudio Ranieri,Q30612224,Miguel Cardoso,In 2018: Who is the head coach of FC Nantes?,Who is the head coach of FC Nantes?
llama-3.1-8b,instruction,0,P286:Q192071:Q235068->Q30612224@2018-06-13,P286,Q235068,Claudio Ranieri,Q30612224,Miguel Cardoso,"Answer with the current, most up-to-date fact. Who is the head coach of FC Nantes?",What is the name of the stadium where FC Nantes plays? What is the name of the city where FC Nantes plays
llama-3.1-8b,tas,0,P286:Q192071:Q235068->Q30612224@2018-06-13,P286,Q235068,Claudio Ranieri,Q30612224,Miguel Cardoso,Who is the head coach of FC Nantes?,as of 2022
llama-3.1-8b,iti,0,P286:Q192071:Q235068->Q30612224@2018-06-13,P286,Q235068,Claudio Ranieri,Q30612224,Miguel Cardoso,Who is the head coach of FC Nantes?,Marcelino Garcia Toral
llama-3.1-8b,standard,0,P286:Q19500:Q372372->Q56434101@2021-07-01,P286,Q372372,Nuno Espírito Santo,Q56434101,Bruno Lage,Who is the head coach of Wolverhampton Wanderers F.C.?,- Who Posted?
llama-3.1-8b,date_prefix,0,P286:Q19500:Q372372->Q56434101@2021-07-01,P286,Q372372,Nuno Espírito Santo,Q56434101,Bruno Lage,In 2021: Who is the head coach of Wolverhampton Wanderers F.C.?,Who is the head coach of Wolverhampton Wanderers F.C.?
llama-3.1-8b,instruction,0,P286:Q19500:Q372372->Q56434101@2021-07-01,P286,Q372372,Nuno Espírito Santo,Q56434101,Bruno Lage,"Answer with the current, most up-to-date fact. Who is the head coach of Wolverhampton Wanderers F.C.?",Who is the head coach of Wolverhampton Wanderers F.C.? Nuno Espirito Santo. Who is the head
llama-3.1-8b,tas,0,P286:Q19500:Q372372->Q56434101@2021-07-01,P286,Q372372,Nuno Espírito Santo,Q56434101,Bruno Lage,Who is the head coach of Wolverhampton Wanderers F.C.?,as of 2022
llama-3.1-8b,iti,0,P286:Q19500:Q372372->Q56434101@2021-07-01,P286,Q372372,Nuno Espírito Santo,Q56434101,Bruno Lage,Who is the head coach of Wolverhampton Wanderers F.C.?,Marcelo Bielsa
llama-3.1-8b,standard,0,P286:Q10407:Q5573535->Q3321444@2023-07-01,P286,Q5573535,Joan Francesc Ferrer Sicilia,Q3321444,Vicente Moreno,Who is the head coach of Unión Deportiva Almería?,Who is the head coach of Unión Deportiva Almería?
llama-3.1-8b,date_prefix,0,P286:Q10407:Q5573535->Q3321444@2023-07-01,P286,Q5573535,Joan Francesc Ferrer Sicilia,Q3321444,Vicente Moreno,In 2023: Who is the head coach of Unión Deportiva Almería?,Who is the head coach of Unión Deportiva Almería?
llama-3.1-8b,instruction,0,P286:Q10407:Q5573535->Q3321444@2023-07-01,P286,Q5573535,Joan Francesc Ferrer Sicilia,Q3321444,Vicente Moreno,"Answer with the current, most up-to-date fact. Who is the head coach of Unión Deportiva Almería?",What is the name of the stadium where Unión Deportiva Almería plays? What is the name of the city
llama-3.1-8b,tas,0,P286:Q10407:Q5573535->Q3321444@2023-07-01,P286,Q5573535,Joan Francesc Ferrer Sicilia,Q3321444,Vicente Moreno,Who is the head coach of Unión Deportiva Almería?,"As of 2022, the head coach of Unión Deportiva Almería is Rubén Baraja."
llama-3.1-8b,iti,0,P286:Q10407:Q5573535->Q3321444@2023-07-01,P286,Q5573535,Joan Francesc Ferrer Sicilia,Q3321444,Vicente Moreno,Who is the head coach of Unión Deportiva Almería?,Marcelino García Toral
llama-3.1-8b,standard,0,P286:Q18729:Q4342579->Q1092611@2019-10-14,P286,Q4342579,José Manuel Gomes,Q1092611,Mark Bowen,Who is the head coach of Reading F.C.?,- Who is the head coach of Reading F.C.?
llama-3.1-8b,date_prefix,0,P286:Q18729:Q4342579->Q1092611@2019-10-14,P286,Q4342579,José Manuel Gomes,Q1092611,Mark Bowen,In 2019: Who is the head coach of Reading F.C.?,Who is the head coach of Reading F.C.?
llama-3.1-8b,instruction,0,P286:Q18729:Q4342579->Q1092611@2019-10-14,P286,Q4342579,José Manuel Gomes,Q1092611,Mark Bowen,"Answer with the current, most up-to-date fact. Who is the head coach of Reading F.C.?",What is the name of the stadium where Reading F.C. plays? What is the name of the team's mascot? What
llama-3.1-8b,tas,0,P286:Q18729:Q4342579->Q1092611@2019-10-14,P286,Q4342579,José Manuel Gomes,Q1092611,Mark Bowen,Who is the head coach of Reading F.C.?,as of 2022
llama-3.1-8b,iti,0,P286:Q18729:Q4342579->Q1092611@2019-10-14,P286,Q4342579,José Manuel Gomes,Q1092611,Mark Bowen,Who is the head coach of Reading F.C.?,Marcelo Bielsa
llama-3.1-8b,standard,0,P286:Q8615:Q1091404->Q191885@2021-07-08,P286,Q1091404,Vincenzo Italiano,Q191885,Thiago Motta,Who is the head coach of Spezia Calcio?,"The answer to this question is a bit complicated. The club has had several different coaches over the years, and the current one"
llama-3.1-8b,date_prefix,0,P286:Q8615:Q1091404->Q191885@2021-07-08,P286,Q1091404,Vincenzo Italiano,Q191885,Thiago Motta,In 2021: Who is the head coach of Spezia Calcio?,Who is the head coach of Spezia Calcio?
llama-3.1-8b,instruction,0,P286:Q8615:Q1091404->Q191885@2021-07-08,P286,Q1091404,Vincenzo Italiano,Q191885,Thiago Motta,"Answer with the current, most up-to-date fact. Who is the head coach of Spezia Calcio?",What is the name of the stadium where Spezia Calcio plays? What is the name of the city where Spezia Calc
llama-3.1-8b,tas,0,P286:Q8615:Q1091404->Q191885@2021-07-08,P286,Q1091404,Vincenzo Italiano,Q191885,Thiago Motta,Who is the head coach of Spezia Calcio?,as of 2022
llama-3.1-8b,iti,0,P286:Q8615:Q1091404->Q191885@2021-07-08,P286,Q1091404,Vincenzo Italiano,Q191885,Thiago Motta,Who is the head coach of Spezia Calcio?,Marcello Giannini is the head coach of Spezia Calcio.
llama-3.1-8b,standard,0,P286:Q385042:Q4405706->Q350263@2024-01-01,P286,Q4405706,Vesa Vasara,Q350263,Mika Väyrynen,Who is the head coach of FC Honka?,The head coach of FC Honka is Toni Koskela. Toni Koskela is a Finnish football manager and former player
llama-3.1-8b,date_prefix,0,P286:Q385042:Q4405706->Q350263@2024-01-01,P286,Q4405706,Vesa Vasara,Q350263,Mika Väyrynen,In 2024: Who is the head coach of FC Honka?,Who is the head coach of FC Honka?
llama-3.1-8b,instruction,0,P286:Q385042:Q4405706->Q350263@2024-01-01,P286,Q4405706,Vesa Vasara,Q350263,Mika Väyrynen,"Answer with the current, most up-to-date fact. Who is the head coach of FC Honka?",What is the name of the stadium where FC Honka plays? What is the name of the city where FC Honka plays
llama-3.1-8b,tas,0,P286:Q385042:Q4405706->Q350263@2024-01-01,P286,Q4405706,Vesa Vasara,Q350263,Mika Väyrynen,Who is the head coach of FC Honka?,"As of 2022, the head coach of FC Honka is Toni Koskela. He is a Finnish football manager"
llama-3.1-8b,iti,0,P286:Q385042:Q4405706->Q350263@2024-01-01,P286,Q4405706,Vesa Vasara,Q350263,Mika Väyrynen,Who is the head coach of FC Honka?,Marcelo Sarvas
llama-3.1-8b,standard,0,P286:Q239520:Q5481632->Q3157575@2020-10-15,P286,Q5481632,Francis Kimanzi,Q3157575,Jacob Mulee,Who is the head coach of Kenya men's national football team?,Who is the head coach of Kenya men's national football team?
llama-3.1-8b,date_prefix,0,P286:Q239520:Q5481632->Q3157575@2020-10-15,P286,Q5481632,Francis Kimanzi,Q3157575,Jacob Mulee,In 2020: Who is the head coach of Kenya men's national football team?,Who is the head coach of Kenya men's national football team?
llama-3.1-8b,instruction,0,P286:Q239520:Q5481632->Q3157575@2020-10-15,P286,Q5481632,Francis Kimanzi,Q3157575,Jacob Mulee,"Answer with the current, most up-to-date fact. Who is the head coach of Kenya men's national football team?",Who is the head coach of Kenya women's national football team? Who is the head coach of Kenya men's national under-
llama-3.1-8b,tas,0,P286:Q239520:Q5481632->Q3157575@2020-10-15,P286,Q5481632,Francis Kimanzi,Q3157575,Jacob Mulee,Who is the head coach of Kenya men's national football team?,as of 2018
llama-3.1-8b,iti,0,P286:Q239520:Q5481632->Q3157575@2020-10-15,P286,Q5481632,Francis Kimanzi,Q3157575,Jacob Mulee,Who is the head coach of Kenya men's national football team?,Andre Arendse
llama-3.1-8b,standard,0,P286:Q16969982:Q6288980->Q5620734@2021-02-15,P286,Q6288980,Josh Heupel,Q5620734,Gus Malzahn,Who is the head coach of UCF Knights football?,The UCF Knights football team is led by head coach Gus Malzahn. He is in his first season as the head
llama-3.1-8b,date_prefix,0,P286:Q16969982:Q6288980->Q5620734@2021-02-15,P286,Q6288980,Josh Heupel,Q5620734,Gus Malzahn,In 2021: Who is the head coach of UCF Knights football?,Scott Frost
llama-3.1-8b,instruction,0,P286:Q16969982:Q6288980->Q5620734@2021-02-15,P286,Q6288980,Josh Heupel,Q5620734,Gus Malzahn,"Answer with the current, most up-to-date fact. Who is the head coach of UCF Knights football?",Scott Frost.
llama-3.1-8b,tas,0,P286:Q16969982:Q6288980->Q5620734@2021-02-15,P286,Q6288980,Josh Heupel,Q5620734,Gus Malzahn,Who is the head coach of UCF Knights football?,as of 2022
llama-3.1-8b,iti,0,P286:Q16969982:Q6288980->Q5620734@2021-02-15,P286,Q6288980,Josh Heupel,Q5620734,Gus Malzahn,Who is the head coach of UCF Knights football?,Cam Cameron
llama-3.1-8b,standard,0,P286:Q340038:Q30902717->Q113869343@2022-01-01,P286,Q30902717,Artur Gronek,Q113869343,Marek Popiołek,Who is the head coach of Astoria Bydgoszcz?,Who is the head coach of Astoria Bydgoszcz?
llama-3.1-8b,date_prefix,0,P286:Q340038:Q30902717->Q113869343@2022-01-01,P286,Q30902717,Artur Gronek,Q113869343,Marek Popiołek,In 2022: Who is the head coach of Astoria Bydgoszcz?,Who is the head coach of Astoria Bydgoszcz?
llama-3.1-8b,instruction,0,P286:Q340038:Q30902717->Q113869343@2022-01-01,P286,Q30902717,Artur Gronek,Q113869343,Marek Popiołek,"Answer with the current, most up-to-date fact. Who is the head coach of Astoria Bydgoszcz?",What is the name of the team's arena? What is the name of the team's mascot? What is the name of
llama-3.1-8b,tas,0,P286:Q340038:Q30902717->Q113869343@2022-01-01,P286,Q30902717,Artur Gronek,Q113869343,Marek Popiołek,Who is the head coach of Astoria Bydgoszcz?,"As of 2022, the head coach of Astoria Bydgoszcz is Tomasz Wasilewski."
llama-3.1-8b,iti,0,P286:Q340038:Q30902717->Q113869343@2022-01-01,P286,Q30902717,Artur Gronek,Q113869343,Marek Popiołek,Who is the head coach of Astoria Bydgoszcz?,Mariusz Kozłowski
llama-3.1-8b,standard,0,P286:Q1346314:Q934127->Q121147850@2023-07-05,P286,Q934127,Paulo Alves,Q121147850,Rui Borges,Who is the head coach of Moreirense F.C.?,"Moreirense F.C. is a Portuguese football club based in Moreira de Cónegos, Vila Nova de"
llama-3.1-8b,date_prefix,0,P286:Q1346314:Q934127->Q121147850@2023-07-05,P286,Q934127,Paulo Alves,Q121147850,Rui Borges,In 2023: Who is the head coach of Moreirense F.C.?,"Moreirense F.C. is a Portuguese football club based in Moreira de Cónegos, Portugal. The club"
llama-3.1-8b,instruction,0,P286:Q1346314:Q934127->Q121147850@2023-07-05,P286,Q934127,Paulo Alves,Q121147850,Rui Borges,"Answer with the current, most up-to-date fact. Who is the head coach of Moreirense F.C.?",
llama-3.1-8b,tas,0,P286:Q1346314:Q934127->Q121147850@2023-07-05,P286,Q934127,Paulo Alves,Q121147850,Rui Borges,Who is the head coach of Moreirense F.C.?,as of 2022
llama-3.1-8b,iti,0,P286:Q1346314:Q934127->Q121147850@2023-07-05,P286,Q934127,Paulo Alves,Q121147850,Rui Borges,Who is the head coach of Moreirense F.C.?,Marcel Keizer
llama-3.1-8b,standard,0,P286:Q19473:Q60738841->Q28925194@2019-09-09,P286,Q60738841,Jan Siewert,Q28925194,Danny Cowley,Who is the head coach of Huddersfield Town A.F.C.?,Who is the head coach of Huddersfield Town A.F.C.?
llama-3.1-8b,date_prefix,0,P286:Q19473:Q60738841->Q28925194@2019-09-09,P286,Q60738841,Jan Siewert,Q28925194,Danny Cowley,In 2019: Who is the head coach of Huddersfield Town A.F.C.?,Who is the head coach of Huddersfield Town A.F.C.?
llama-3.1-8b,instruction,0,P286:Q19473:Q60738841->Q28925194@2019-09-09,P286,Q60738841,Jan Siewert,Q28925194,Danny Cowley,"Answer with the current, most up-to-date fact. Who is the head coach of Huddersfield Town A.F.C.?",What is the name of the stadium where Huddersfield Town A.F.C. plays? What is the name of the
llama-3.1-8b,tas,0,P286:Q19473:Q60738841->Q28925194@2019-09-09,P286,Q60738841,Jan Siewert,Q28925194,Danny Cowley,Who is the head coach of Huddersfield Town A.F.C.?,as of 2018?
llama-3.1-8b,iti,0,P286:Q19473:Q60738841->Q28925194@2019-09-09,P286,Q60738841,Jan Siewert,Q28925194,Danny Cowley,Who is the head coach of Huddersfield Town A.F.C.?,Filip Radakovic
llama-3.1-8b,standard,0,P286:Q19473:Q28925194->Q5220807@2020-07-20,P286,Q28925194,Danny Cowley,Q5220807,Danny Schofield,Who is the head coach of Huddersfield Town A.F.C.?,Who is the head coach of Huddersfield Town A.F.C.?
llama-3.1-8b,date_prefix,0,P286:Q19473:Q28925194->Q5220807@2020-07-20,P286,Q28925194,Danny Cowley,Q5220807,Danny Schofield,In 2020: Who is the head coach of Huddersfield Town A.F.C.?,Who is the head coach of Huddersfield Town A.F.C.?
llama-3.1-8b,instruction,0,P286:Q19473:Q28925194->Q5220807@2020-07-20,P286,Q28925194,Danny Cowley,Q5220807,Danny Schofield,"Answer with the current, most up-to-date fact. Who is the head coach of Huddersfield Town A.F.C.?",What is the name of the stadium where Huddersfield Town A.F.C. plays? What is the name of the
llama-3.1-8b,tas,0,P286:Q19473:Q28925194->Q5220807@2020-07-20,P286,Q28925194,Danny Cowley,Q5220807,Danny Schofield,Who is the head coach of Huddersfield Town A.F.C.?,as of 2018?
llama-3.1-8b,iti,0,P286:Q19473:Q28925194->Q5220807@2020-07-20,P286,Q28925194,Danny Cowley,Q5220807,Danny Schofield,Who is the head coach of Huddersfield Town A.F.C.?,Filip Radakovic
llama-3.1-8b,standard,0,P286:Q1404649:Q15427356->Q3554259@2023-08-28,P286,Q15427356,Marina Maljković,Q3554259,Valérie Garnier,Who is the head coach of Fenerbahçe S.K.?,- Who is the head coach of Fenerbahçe S.K.?
llama-3.1-8b,date_prefix,0,P286:Q1404649:Q15427356->Q3554259@2023-08-28,P286,Q15427356,Marina Maljković,Q3554259,Valérie Garnier,In 2023: Who is the head coach of Fenerbahçe S.K.?,Who is the head coach of Fenerbahçe S.K.?
llama-3.1-8b,instruction,0,P286:Q1404649:Q15427356->Q3554259@2023-08-28,P286,Q15427356,Marina Maljković,Q3554259,Valérie Garnier,"Answer with the current, most up-to-date fact. Who is the head coach of Fenerbahçe S.K.?",What is the population of the city of Istanbul? What is the capital of Turkey? What is the name of the Turkish president
llama-3.1-8b,tas,0,P286:Q1404649:Q15427356->Q3554259@2023-08-28,P286,Q15427356,Marina Maljković,Q3554259,Valérie Garnier,Who is the head coach of Fenerbahçe S.K.?,as of 2022
llama-3.1-8b,iti,0,P286:Q1404649:Q15427356->Q3554259@2023-08-28,P286,Q15427356,Marina Maljković,Q3554259,Valérie Garnier,Who is the head coach of Fenerbahçe S.K.?,Marcelo Lippi
llama-3.1-8b,standard,0,P488:Q1937121:Q69301->Q72845@2017-07-04,P488,Q69301,Erwin Sellering,Q72845,Manuela Schwesig,Who is the chairperson of Conference of Ministers-President?,The Conference of Ministers-President is the highest decision-making body of the Conference of the Heads of Government of the Federal Republic of Germany
llama-3.1-8b,date_prefix,0,P488:Q1937121:Q69301->Q72845@2017-07-04,P488,Q69301,Erwin Sellering,Q72845,Manuela Schwesig,In 2017: Who is the chairperson of Conference of Ministers-President?,Who is the chairperson of Conference of Ministers-President?
llama-3.1-8b,instruction,0,P488:Q1937121:Q69301->Q72845@2017-07-04,P488,Q69301,Erwin Sellering,Q72845,Manuela Schwesig,"Answer with the current, most up-to-date fact. Who is the chairperson of Conference of Ministers-President?",Who is the current president of the European Council? Who is the current president of the European Commission? Who is the current president
llama-3.1-8b,tas,0,P488:Q1937121:Q69301->Q72845@2017-07-04,P488,Q69301,Erwin Sellering,Q72845,Manuela Schwesig,Who is the chairperson of Conference of Ministers-President?,
llama-3.1-8b,iti,0,P488:Q1937121:Q69301->Q72845@2017-07-04,P488,Q69301,Erwin Sellering,Q72845,Manuela Schwesig,Who is the chairperson of Conference of Ministers-President?,Ludovic Orban
llama-3.1-8b,standard,0,P488:Q1937121:Q971774->Q50664@2019-10-01,P488,Q971774,Peter Tschentscher,Q50664,Markus Söder,Who is the chairperson of Conference of Ministers-President?,The Conference of Ministers-President is the highest decision-making body of the Conference of the Heads of Government of the Federal Republic of Germany
llama-3.1-8b,date_prefix,0,P488:Q1937121:Q971774->Q50664@2019-10-01,P488,Q971774,Peter Tschentscher,Q50664,Markus Söder,In 2019: Who is the chairperson of Conference of Ministers-President?,Who is the chairperson of Conference of Ministers-President?
llama-3.1-8b,instruction,0,P488:Q1937121:Q971774->Q50664@2019-10-01,P488,Q971774,Peter Tschentscher,Q50664,Markus Söder,"Answer with the current, most up-to-date fact. Who is the chairperson of Conference of Ministers-President?",Who is the current president of the European Council? Who is the current president of the European Commission? Who is the current president
llama-3.1-8b,tas,0,P488:Q1937121:Q971774->Q50664@2019-10-01,P488,Q971774,Peter Tschentscher,Q50664,Markus Söder,Who is the chairperson of Conference of Ministers-President?,
llama-3.1-8b,iti,0,P488:Q1937121:Q971774->Q50664@2019-10-01,P488,Q971774,Peter Tschentscher,Q50664,Markus Söder,Who is the chairperson of Conference of Ministers-President?,Ludovic Orban
llama-3.1-8b,standard,0,P488:Q324555:Q57301->Q57474@2018-01-01,P488,Q57301,Hans-Gert Pöttering,Q57474,Norbert Lammert,Who is the chairperson of Konrad Adenauer Foundation?,The Konrad Adenauer Foundation (KAS) is a German political foundation affiliated with the Christian Democratic Union (CDU
llama-3.1-8b,date_prefix,0,P488:Q324555:Q57301->Q57474@2018-01-01,P488,Q57301,Hans-Gert Pöttering,Q57474,Norbert Lammert,In 2018: Who is the chairperson of Konrad Adenauer Foundation?,Who is the chairperson of Konrad Adenauer Foundation?
llama-3.1-8b,instruction,0,P488:Q324555:Q57301->Q57474@2018-01-01,P488,Q57301,Hans-Gert Pöttering,Q57474,Norbert Lammert,"Answer with the current, most up-to-date fact. Who is the chairperson of Konrad Adenauer Foundation?",What is the name of the new German ambassador to India? What is the name of the new German ambassador to India? What
llama-3.1-8b,tas,0,P488:Q324555:Q57301->Q57474@2018-01-01,P488,Q57301,Hans-Gert Pöttering,Q57474,Norbert Lammert,Who is the chairperson of Konrad Adenauer Foundation?,
llama-3.1-8b,iti,0,P488:Q324555:Q57301->Q57474@2018-01-01,P488,Q57301,Hans-Gert Pöttering,Q57474,Norbert Lammert,Who is the chairperson of Konrad Adenauer Foundation?,"Konrad Adenauer Foundation is a German political foundation named after Konrad Adenauer, the first Chancellor of the Federal"
llama-3.1-8b,standard,0,P488:Q1142687:Q30184731->Q13434626@2020-01-25,P488,Q30184731,Marek Výborný,Q13434626,Marian Jurečka,Who is the chairperson of KDU-ČSL?,Who is the chairperson of KDU-ČSL?
llama-3.1-8b,date_prefix,0,P488:Q1142687:Q30184731->Q13434626@2020-01-25,P488,Q30184731,Marek Výborný,Q13434626,Marian Jurečka,In 2020: Who is the chairperson of KDU-ČSL?,Who is the chairperson of KDU-ČSL?
llama-3.1-8b,instruction,0,P488:Q1142687:Q30184731->Q13434626@2020-01-25,P488,Q30184731,Marek Výborný,Q13434626,Marian Jurečka,"Answer with the current, most up-to-date fact. Who is the chairperson of KDU-ČSL?",Who is the chairperson of the Czech Social Democratic Party? Who is the chairperson of the Communist Party of Bohemia and
llama-3.1-8b,tas,0,P488:Q1142687:Q30184731->Q13434626@2020-01-25,P488,Q30184731,Marek Výborný,Q13434626,Marian Jurečka,Who is the chairperson of KDU-ČSL?,
llama-3.1-8b,iti,0,P488:Q1142687:Q30184731->Q13434626@2020-01-25,P488,Q30184731,Marek Výborný,Q13434626,Marian Jurečka,Who is the chairperson of KDU-ČSL?,Luděk Niedermayer
llama-3.1-8b,standard,0,P488:Q28910160:Q2831473->Q95669053@2010-01-01,P488,Q2831473,Albert Poirot,Q95669053,Dominique Wolf,Who is the chairperson of Association des directeurs et personnels de direction des bibliothèques universitaires et de la documentation?,The Association des directeurs et personnels de direction des bibliothèques universitaires et de la documentation (ADBU
llama-3.1-8b,date_prefix,0,P488:Q28910160:Q2831473->Q95669053@2010-01-01,P488,Q2831473,Albert Poirot,Q95669053,Dominique Wolf,In 2010: Who is the chairperson of Association des directeurs et personnels de direction des bibliothèques universitaires et de la documentation?,Who is the chairperson of Association des directeurs et personnels de direction des bibliothèques universitaires et de
llama-3.1-8b,instruction,0,P488:Q28910160:Q2831473->Q95669053@2010-01-01,P488,Q2831473,Albert Poirot,Q95669053,Dominique Wolf,"Answer with the current, most up-to-date fact. Who is the chairperson of Association des directeurs et personnels de direction des bibliothèques universitaires et de la documentation?",What is the name of the new library building at the University of Alberta? What is the name of the new library building at
llama-3.1-8b,tas,0,P488:Q28910160:Q2831473->Q95669053@2010-01-01,P488,Q2831473,Albert Poirot,Q95669053,Dominique Wolf,Who is the chairperson of Association des directeurs et personnels de direction des bibliothèques universitaires et de la documentation?,
llama-3.1-8b,iti,0,P488:Q28910160:Q2831473->Q95669053@2010-01-01,P488,Q2831473,Albert Poirot,Q95669053,Dominique Wolf,Who is the chairperson of Association des directeurs et personnels de direction des bibliothèques universitaires et de la documentation?,Marielle Beaulieu
llama-3.1-8b,standard,0,P488:Q4288285:Q1258679->Q5387287@2016-01-01,P488,Q1258679,Gary T. Horowitz,Q5387287,Eric Poisson,Who is the chairperson of International Society on General Relativity and Gravitation?,The International Society on General Relativity and Gravitation (ISGRG) is an international scientific society founded in 197
llama-3.1-8b,date_prefix,0,P488:Q4288285:Q1258679->Q5387287@2016-01-01,P488,Q1258679,Gary T. Horowitz,Q5387287,Eric Poisson,In 2016: Who is the chairperson of International Society on General Relativity and Gravitation?,(ISGRG)
llama-3.1-8b,instruction,0,P488:Q4288285:Q1258679->Q5387287@2016-01-01,P488,Q1258679,Gary T. Horowitz,Q5387287,Eric Poisson,"Answer with the current, most up-to-date fact. Who is the chairperson of International Society on General Relativity and Gravitation?",What is the name of the current president of the International Society on General Relativity and Gravitation? Who is the current
llama-3.1-8b,tas,0,P488:Q4288285:Q1258679->Q5387287@2016-01-01,P488,Q1258679,Gary T. Horowitz,Q5387287,Eric Poisson,Who is the chairperson of International Society on General Relativity and Gravitation?,
llama-3.1-8b,iti,0,P488:Q4288285:Q1258679->Q5387287@2016-01-01,P488,Q1258679,Gary T. Horowitz,Q5387287,Eric Poisson,Who is the chairperson of International Society on General Relativity and Gravitation?,Nicolai Reshetikhin
llama-3.1-8b,standard,0,P488:Q10691:Q10694->Q3405033@2018-01-01,P488,Q10694,Leanne Wood,Q3405033,Adam Price,Who is the chairperson of Plaid Cymru?,Who is the leader of Plaid Cymru? Who is the leader of Plaid Cymru? Who is the
llama-3.1-8b,date_prefix,0,P488:Q10691:Q10694->Q3405033@2018-01-01,P488,Q10694,Leanne Wood,Q3405033,Adam Price,In 2018: Who is the chairperson of Plaid Cymru?,Who is the leader of Plaid Cymru? Who is the leader of Plaid Cymru? Who is the
llama-3.1-8b,instruction,0,P488:Q10691:Q10694->Q3405033@2018-01-01,P488,Q10694,Leanne Wood,Q3405033,Adam Price,"Answer with the current, most up-to-date fact. Who is the chairperson of Plaid Cymru?",What is the name of the new Welsh Government Minister for the Economy? What is the name of the new Welsh Government Minister for
llama-3.1-8b,tas,0,P488:Q10691:Q10694->Q3405033@2018-01-01,P488,Q10694,Leanne Wood,Q3405033,Adam Price,Who is the chairperson of Plaid Cymru?,"– Celebrity.fm – #1 Official Stars, Business & People Network, Wiki, Success story, Biography & Quotes"
llama-3.1-8b,iti,0,P488:Q10691:Q10694->Q3405033@2018-01-01,P488,Q10694,Leanne Wood,Q3405033,Adam Price,Who is the chairperson of Plaid Cymru?,Marian Ellis
llama-3.1-8b,standard,0,P488:Q491566:Q86294->Q105676@2021-12-08,P488,Q86294,Jens Spahn,Q105676,Karl Lauterbach,Who is the chairperson of Federal Ministry of Health of Germany?,"The Federal Ministry of Health (German: Bundesministerium für Gesundheit, BMG) is a cabinet-level ministry"
llama-3.1-8b,date_prefix,0,P488:Q491566:Q86294->Q105676@2021-12-08,P488,Q86294,Jens Spahn,Q105676,Karl Lauterbach,In 2021: Who is the chairperson of Federal Ministry of Health of Germany?,Who is the chairperson of Federal Ministry of Health of Germany?
llama-3.1-8b,instruction,0,P488:Q491566:Q86294->Q105676@2021-12-08,P488,Q86294,Jens Spahn,Q105676,Karl Lauterbach,"Answer with the current, most up-to-date fact. Who is the chairperson of Federal Ministry of Health of Germany?",What is the name of the current president of the United States? What is the name of the current president of the United States
llama-3.1-8b,tas,0,P488:Q491566:Q86294->Q105676@2021-12-08,P488,Q86294,Jens Spahn,Q105676,Karl Lauterbach,Who is the chairperson of Federal Ministry of Health of Germany?,
llama-3.1-8b,iti,0,P488:Q491566:Q86294->Q105676@2021-12-08,P488,Q86294,Jens Spahn,Q105676,Karl Lauterbach,Who is the chairperson of Federal Ministry of Health of Germany?,Nicolai Hoeft
llama-3.1-8b,standard,0,P488:Q9624:Q304251->Q244312@2017-07-20,P488,Q304251,Tim Farron,Q244312,Vince Cable,Who is the chairperson of Liberal Democrats?,Sir Ed Davey is the Leader of the Liberal Democrats and the Member of Parliament for Kingston and Surbiton. He
llama-3.1-8b,date_prefix,0,P488:Q9624:Q304251->Q244312@2017-07-20,P488,Q304251,Tim Farron,Q244312,Vince Cable,In 2017: Who is the chairperson of Liberal Democrats?,Who is the leader of the Liberal Democrats? Who is the leader of the Liberal Democrats in the House of Lords? Who is
llama-3.1-8b,instruction,0,P488:Q9624:Q304251->Q244312@2017-07-20,P488,Q304251,Tim Farron,Q244312,Vince Cable,"Answer with the current, most up-to-date fact. Who is the chairperson of Liberal Democrats?",Who is the chairperson of Liberal Democrats? Who is the chairperson of Liberal Democrats? Who is the chairperson of Liberal
llama-3.1-8b,tas,0,P488:Q9624:Q304251->Q244312@2017-07-20,P488,Q304251,Tim Farron,Q244312,Vince Cable,Who is the chairperson of Liberal Democrats?,
llama-3.1-8b,iti,0,P488:Q9624:Q304251->Q244312@2017-07-20,P488,Q304251,Tim Farron,Q244312,Vince Cable,Who is the chairperson of Liberal Democrats?,Nicol Stephen
llama-3.1-8b,standard,0,P488:Q105112:Q2740012->Q4935873@2021-11-04,P488,Q2740012,Stefan Löfven,Q4935873,Magdalena Andersson,Who is the chairperson of Swedish Social Democratic Party?,"The Swedish Social Democratic Party (Swedish: Sveriges socialdemokratiska arbetareparti, SAP) is"
llama-3.1-8b,date_prefix,0,P488:Q105112:Q2740012->Q4935873@2021-11-04,P488,Q2740012,Stefan Löfven,Q4935873,Magdalena Andersson,In 2021: Who is the chairperson of Swedish Social Democratic Party?,Who is the chairperson of Swedish Social Democratic Party?
llama-3.1-8b,instruction,0,P488:Q105112:Q2740012->Q4935873@2021-11-04,P488,Q2740012,Stefan Löfven,Q4935873,Magdalena Andersson,"Answer with the current, most up-to-date fact. Who is the chairperson of Swedish Social Democratic Party?",What is the name of the current Prime Minister of Sweden? What is the name of the current President of the United States?
llama-3.1-8b,tas,0,P488:Q105112:Q2740012->Q4935873@2021-11-04,P488,Q2740012,Stefan Löfven,Q4935873,Magdalena Andersson,Who is the chairperson of Swedish Social Democratic Party?,
llama-3.1-8b,iti,0,P488:Q105112:Q2740012->Q4935873@2021-11-04,P488,Q2740012,Stefan Löfven,Q4935873,Magdalena Andersson,Who is the chairperson of Swedish Social Democratic Party?,Stefan Löfven
llama-3.1-8b,standard,0,P488:Q122880:Q1986486->Q1181133@2012-11-01,P488,Q1986486,Nicolas Bratza,Q1181133,Dean Spielmann,Who is the chairperson of European Court of Human Rights?,The President of the European Court of Human Rights is elected by the judges of the Court for a period of three years. The
llama-3.1-8b,date_prefix,0,P488:Q122880:Q1986486->Q1181133@2012-11-01,P488,Q1986486,Nicolas Bratza,Q1181133,Dean Spielmann,In 2012: Who is the chairperson of European Court of Human Rights?,Who is the president of European Court of Human Rights? Who is the president of European Court of Justice? Who is the president
llama-3.1-8b,instruction,0,P488:Q122880:Q1986486->Q1181133@2012-11-01,P488,Q1986486,Nicolas Bratza,Q1181133,Dean Spielmann,"Answer with the current, most up-to-date fact. Who is the chairperson of European Court of Human Rights?",What is the name of the current president of the European Court of Human Rights? What is the name of the current president of
llama-3.1-8b,tas,0,P488:Q122880:Q1986486->Q1181133@2012-11-01,P488,Q1986486,Nicolas Bratza,Q1181133,Dean Spielmann,Who is the chairperson of European Court of Human Rights?,
llama-3.1-8b,iti,0,P488:Q122880:Q1986486->Q1181133@2012-11-01,P488,Q1986486,Nicolas Bratza,Q1181133,Dean Spielmann,Who is the chairperson of European Court of Human Rights?,Nicolae Rădulescu-Motru
llama-3.1-8b,standard,0,P488:Q209151:Q1358896->Q1476255@2022-11-16,P488,Q1358896,Henrik Dam Kristensen,Q1476255,Søren Gade,Who is the chairperson of Folketing?,The Speaker of the Folketing is the presiding officer of the Folketing. The Speaker is elected by the Folketing at
llama-3.1-8b,date_prefix,0,P488:Q209151:Q1358896->Q1476255@2022-11-16,P488,Q1358896,Henrik Dam Kristensen,Q1476255,Søren Gade,In 2022: Who is the chairperson of Folketing?,Who is the Prime Minister of Denmark? Who is the Speaker of the Folketing? Who is the President of the European Council
llama-3.1-8b,instruction,0,P488:Q209151:Q1358896->Q1476255@2022-11-16,P488,Q1358896,Henrik Dam Kristensen,Q1476255,Søren Gade,"Answer with the current, most up-to-date fact. Who is the chairperson of Folketing?",What is the name of the Danish Prime Minister? What is the name of the Danish Queen? What is the name of the
llama-3.1-8b,tas,0,P488:Q209151:Q1358896->Q1476255@2022-11-16,P488,Q1358896,Henrik Dam Kristensen,Q1476255,Søren Gade,Who is the chairperson of Folketing?,
llama-3.1-8b,iti,0,P488:Q209151:Q1358896->Q1476255@2022-11-16,P488,Q1358896,Henrik Dam Kristensen,Q1476255,Søren Gade,Who is the chairperson of Folketing?,Nicolai Wammen
llama-3.1-8b,standard,0,P488:Q3082595:Q3385157->Q3101149@2018-07-03,P488,Q3385157,Pierre Gattaz,Q3101149,Geoffroy Roux de Bézieux,Who is the chairperson of Mouvement des Entreprises de France?,Who is the chairperson of Mouvement des Entreprises de France?
llama-3.1-8b,date_prefix,0,P488:Q3082595:Q3385157->Q3101149@2018-07-03,P488,Q3385157,Pierre Gattaz,Q3101149,Geoffroy Roux de Bézieux,In 2018: Who is the chairperson of Mouvement des Entreprises de France?,Who is the president of the French National Assembly? Who is the president of the French Senate? Who is the president of the
llama-3.1-8b,instruction,0,P488:Q3082595:Q3385157->Q3101149@2018-07-03,P488,Q3385157,Pierre Gattaz,Q3101149,Geoffroy Roux de Bézieux,"Answer with the current, most up-to-date fact. Who is the chairperson of Mouvement des Entreprises de France?",What is the name of the new French president? What is the name of the new French prime minister? What is the name
llama-3.1-8b,tas,0,P488:Q3082595:Q3385157->Q3101149@2018-07-03,P488,Q3385157,Pierre Gattaz,Q3101149,Geoffroy Roux de Bézieux,Who is the chairperson of Mouvement des Entreprises de France?,
llama-3.1-8b,iti,0,P488:Q3082595:Q3385157->Q3101149@2018-07-03,P488,Q3385157,Pierre Gattaz,Q3101149,Geoffroy Roux de Bézieux,Who is the chairperson of Mouvement des Entreprises de France?,Marcel Boiteux
llama-3.1-8b,standard,0,P488:Q188822:Q5384551->Q73667919@2020-01-17,P488,Q5384551,Takehiko Nakao,Q73667919,Masatsugu Asakawa,Who is the chairperson of Asian Development Bank?,A. K. V. Kamath B. K. V. Kamath C. K. V. Kamath D
llama-3.1-8b,date_prefix,0,P488:Q188822:Q5384551->Q73667919@2020-01-17,P488,Q5384551,Takehiko Nakao,Q73667919,Masatsugu Asakawa,In 2020: Who is the chairperson of Asian Development Bank?,Who is the president of Asian Development Bank? Who is the president of Asian Development Bank? Who is the president of Asian Development
llama-3.1-8b,instruction,0,P488:Q188822:Q5384551->Q73667919@2020-01-17,P488,Q5384551,Takehiko Nakao,Q73667919,Masatsugu Asakawa,"Answer with the current, most up-to-date fact. Who is the chairperson of Asian Development Bank?",What is the capital of India? What is the name of the first Indian woman to win a gold medal in the Olympics?
llama-3.1-8b,tas,0,P488:Q188822:Q5384551->Q73667919@2020-01-17,P488,Q5384551,Takehiko Nakao,Q73667919,Masatsugu Asakawa,Who is the chairperson of Asian Development Bank?,
llama-3.1-8b,iti,0,P488:Q188822:Q5384551->Q73667919@2020-01-17,P488,Q5384551,Takehiko Nakao,Q73667919,Masatsugu Asakawa,Who is the chairperson of Asian Development Bank?,"The Asian Development Bank (ADB) is a regional development bank established on 19 December 1966, which is headquartered in"
llama-3.1-8b,standard,0,P488:Q9404048:Q22083389->Q16080247@2017-07-04,P488,Q22083389,Lee Joon-sik,Q16080247,Kim Sang-gon,Who is the chairperson of Ministry of Education of the Republic of Korea?,[closed]
llama-3.1-8b,date_prefix,0,P488:Q9404048:Q22083389->Q16080247@2017-07-04,P488,Q22083389,Lee Joon-sik,Q16080247,Kim Sang-gon,In 2017: Who is the chairperson of Ministry of Education of the Republic of Korea?,Who is the chairperson of Ministry of Education of the Republic of Korea?
llama-3.1-8b,instruction,0,P488:Q9404048:Q22083389->Q16080247@2017-07-04,P488,Q22083389,Lee Joon-sik,Q16080247,Kim Sang-gon,"Answer with the current, most up-to-date fact. Who is the chairperson of Ministry of Education of the Republic of Korea?",What is the name of the current president of the Republic of Korea? What is the name of the current prime minister of the
llama-3.1-8b,tas,0,P488:Q9404048:Q22083389->Q16080247@2017-07-04,P488,Q22083389,Lee Joon-sik,Q16080247,Kim Sang-gon,Who is the chairperson of Ministry of Education of the Republic of Korea?,
llama-3.1-8b,iti,0,P488:Q9404048:Q22083389->Q16080247@2017-07-04,P488,Q22083389,Lee Joon-sik,Q16080247,Kim Sang-gon,Who is the chairperson of Ministry of Education of the Republic of Korea?,Jeong Yang-seop
llama-3.1-8b,standard,0,P488:Q22056381:Q932772->Q5368729@2019-08-09,P488,Q932772,Marek Kuchciński,Q5368729,Elżbieta Witek,Who is the chairperson of 8th term of the Sejm of the Republic of Poland?,Who is the chairperson of 8th term of the Sejm of the Republic of Poland?
llama-3.1-8b,date_prefix,0,P488:Q22056381:Q932772->Q5368729@2019-08-09,P488,Q932772,Marek Kuchciński,Q5368729,Elżbieta Witek,In 2019: Who is the chairperson of 8th term of the Sejm of the Republic of Poland?,In 2019: Who is the chairperson of 8th term of the Sejm of the Republic of Poland?
llama-3.1-8b,instruction,0,P488:Q22056381:Q932772->Q5368729@2019-08-09,P488,Q932772,Marek Kuchciński,Q5368729,Elżbieta Witek,"Answer with the current, most up-to-date fact. Who is the chairperson of 8th term of the Sejm of the Republic of Poland?",What is the name of the current president of the European Commission? What is the name of the current president of the European Council
llama-3.1-8b,tas,0,P488:Q22056381:Q932772->Q5368729@2019-08-09,P488,Q932772,Marek Kuchciński,Q5368729,Elżbieta Witek,Who is the chairperson of 8th term of the Sejm of the Republic of Poland?,
llama-3.1-8b,iti,0,P488:Q22056381:Q932772->Q5368729@2019-08-09,P488,Q932772,Marek Kuchciński,Q5368729,Elżbieta Witek,Who is the chairperson of 8th term of the Sejm of the Republic of Poland?,Marian Krzaklewski
llama-3.1-8b,standard,0,P488:Q738947:Q3785077->Q1399218@2017-01-07,P488,Q3785077,Taavi Rõivas,Q1399218,Hanno Pevkur,Who is the chairperson of Estonian Reform Party?,Who is the chairperson of Estonian Reform Party?
llama-3.1-8b,date_prefix,0,P488:Q738947:Q3785077->Q1399218@2017-01-07,P488,Q3785077,Taavi Rõivas,Q1399218,Hanno Pevkur,In 2017: Who is the chairperson of Estonian Reform Party?,Who is the chairperson of Estonian Centre Party? Who is the chairperson of Estonian Social Democratic Party? Who is
llama-3.1-8b,instruction,0,P488:Q738947:Q3785077->Q1399218@2017-01-07,P488,Q3785077,Taavi Rõivas,Q1399218,Hanno Pevkur,"Answer with the current, most up-to-date fact. Who is the chairperson of Estonian Reform Party?",What is the name of the current president of Estonia? What is the name of the current prime minister of Estonia? What is
llama-3.1-8b,tas,0,P488:Q738947:Q3785077->Q1399218@2017-01-07,P488,Q3785077,Taavi Rõivas,Q1399218,Hanno Pevkur,Who is the chairperson of Estonian Reform Party?,
llama-3.1-8b,iti,0,P488:Q738947:Q3785077->Q1399218@2017-01-07,P488,Q3785077,Taavi Rõivas,Q1399218,Hanno Pevkur,Who is the chairperson of Estonian Reform Party?,Mari Kiviniem
llama-3.1-8b,standard,0,P488:Q946040:Q4861362->Q25756209@2022-05-30,P488,Q4861362,Barnaby Joyce,Q25756209,David Littleproud,Who is the chairperson of National Party of Australia?,The National Party of Australia (NPA) is a centre-right political party in Australia. The party is currently led by David
llama-3.1-8b,date_prefix,0,P488:Q946040:Q4861362->Q25756209@2022-05-30,P488,Q4861362,Barnaby Joyce,Q25756209,David Littleproud,In 2022: Who is the chairperson of National Party of Australia?,Who is the leader of National Party of Australia? Who is the leader of National Party of Australia in 2022? Who
llama-3.1-8b,instruction,0,P488:Q946040:Q4861362->Q25756209@2022-05-30,P488,Q4861362,Barnaby Joyce,Q25756209,David Littleproud,"Answer with the current, most up-to-date fact. Who is the chairperson of National Party of Australia?",Who is the chairperson of National Party of Australia? Who is the chairperson of National Party of Australia? Who is the
llama-3.1-8b,tas,0,P488:Q946040:Q4861362->Q25756209@2022-05-30,P488,Q4861362,Barnaby Joyce,Q25756209,David Littleproud,Who is the chairperson of National Party of Australia?,
llama-3.1-8b,iti,0,P488:Q946040:Q4861362->Q25756209@2022-05-30,P488,Q4861362,Barnaby Joyce,Q25756209,David Littleproud,Who is the chairperson of National Party of Australia?,Nicol Stephen
llama-3.1-8b,standard,0,P488:Q6373:Q7327231->Q332493@2021-10-04,P488,Q7327231,Richard Lambert,Q332493,George Osborne,Who is the chairperson of British Museum?,Sir Richard Lambert
llama-3.1-8b,date_prefix,0,P488:Q6373:Q7327231->Q332493@2021-10-04,P488,Q7327231,Richard Lambert,Q332493,George Osborne,In 2021: Who is the chairperson of British Museum?,Who is the chairperson of British Museum?
llama-3.1-8b,instruction,0,P488:Q6373:Q7327231->Q332493@2021-10-04,P488,Q7327231,Richard Lambert,Q332493,George Osborne,"Answer with the current, most up-to-date fact. Who is the chairperson of British Museum?",What is the name of the current president of the United States? What is the name of the current prime minister of the United
llama-3.1-8b,tas,0,P488:Q6373:Q7327231->Q332493@2021-10-04,P488,Q7327231,Richard Lambert,Q332493,George Osborne,Who is the chairperson of British Museum?,"– Celebrity.fm – #1 Official Stars, Business & People Network, Wiki, Success story, Biography & Quotes"
llama-3.1-8b,iti,0,P488:Q6373:Q7327231->Q332493@2021-10-04,P488,Q7327231,Richard Lambert,Q332493,George Osborne,Who is the chairperson of British Museum?,"Nicolò Dell’Unto, the chair of the British Museum, has announced that he will step down from his role at"
llama-3.1-8b,standard,0,P488:Q494162:Q12595907->Q16079899@2020-06-05,P488,Q12595907,Moon Hee-sang,Q16079899,Park Byeong-seug,Who is the chairperson of National Assembly?,Who is the speaker of the National Assembly? Who is the deputy speaker of the National Assembly? Who is the secretary general of
llama-3.1-8b,date_prefix,0,P488:Q494162:Q12595907->Q16079899@2020-06-05,P488,Q12595907,Moon Hee-sang,Q16079899,Park Byeong-seug,In 2020: Who is the chairperson of National Assembly?,Who is the speaker of National Assembly? Who is the deputy speaker of National Assembly? Who is the chief whip of National Assembly
llama-3.1-8b,instruction,0,P488:Q494162:Q12595907->Q16079899@2020-06-05,P488,Q12595907,Moon Hee-sang,Q16079899,Park Byeong-seug,"Answer with the current, most up-to-date fact. Who is the chairperson of National Assembly?",Who is the speaker of National Assembly? Who is the Prime Minister of Pakistan? Who is the President of Pakistan? Who is
llama-3.1-8b,tas,0,P488:Q494162:Q12595907->Q16079899@2020-06-05,P488,Q12595907,Moon Hee-sang,Q16079899,Park Byeong-seug,Who is the chairperson of National Assembly?,
llama-3.1-8b,iti,0,P488:Q494162:Q12595907->Q16079899@2020-06-05,P488,Q12595907,Moon Hee-sang,Q16079899,Park Byeong-seug,Who is the chairperson of National Assembly?,"Ludhiana: The Punjab Assembly on Monday passed the Punjab State Commission for Protection of Child Rights (Amendment) Bill,"
llama-3.1-8b,standard,0,P488:Q320306:Q6659788->Q21179176@2019-05-29,P488,Q6659788,Liviu Dragnea,Q21179176,Marcel Ciolacu,Who is the chairperson of Chamber of Deputies of Romania?,Who is the chairperson of Chamber of Deputies of Romania?
llama-3.1-8b,date_prefix,0,P488:Q320306:Q6659788->Q21179176@2019-05-29,P488,Q6659788,Liviu Dragnea,Q21179176,Marcel Ciolacu,In 2019: Who is the chairperson of Chamber of Deputies of Romania?,Who is the president of the Senate of Romania? Who is the president of Romania? Who is the prime minister of Romania?
llama-3.1-8b,instruction,0,P488:Q320306:Q6659788->Q21179176@2019-05-29,P488,Q6659788,Liviu Dragnea,Q21179176,Marcel Ciolacu,"Answer with the current, most up-to-date fact. Who is the chairperson of Chamber of Deputies of Romania?",Who is the president of the European Commission? Who is the president of the European Council? Who is the president of the European
llama-3.1-8b,tas,0,P488:Q320306:Q6659788->Q21179176@2019-05-29,P488,Q6659788,Liviu Dragnea,Q21179176,Marcel Ciolacu,Who is the chairperson of Chamber of Deputies of Romania?,
llama-3.1-8b,iti,0,P488:Q320306:Q6659788->Q21179176@2019-05-29,P488,Q6659788,Liviu Dragnea,Q21179176,Marcel Ciolacu,Who is the chairperson of Chamber of Deputies of Romania?,Nicolae Vacaroiu
llama-3.1-8b,standard,0,P488:Q5255727:Q17580210->Q4886692@2019-07-01,P488,Q17580210,Martha Laning,Q4886692,Ben Wikler,Who is the chairperson of Democratic Party of Wisconsin?,The Democratic Party of Wisconsin (DPW) is the affiliate of the Democratic Party in the U.S. state of Wisconsin
llama-3.1-8b,date_prefix,0,P488:Q5255727:Q17580210->Q4886692@2019-07-01,P488,Q17580210,Martha Laning,Q4886692,Ben Wikler,In 2019: Who is the chairperson of Democratic Party of Wisconsin?,Who is the chairperson of Democratic Party of Wisconsin?
llama-3.1-8b,instruction,0,P488:Q5255727:Q17580210->Q4886692@2019-07-01,P488,Q17580210,Martha Laning,Q4886692,Ben Wikler,"Answer with the current, most up-to-date fact. Who is the chairperson of Democratic Party of Wisconsin?",Who is the chairperson of Democratic Party of Wisconsin? Who is the chairperson of Democratic Party of Wisconsin? Who is the
llama-3.1-8b,tas,0,P488:Q5255727:Q17580210->Q4886692@2019-07-01,P488,Q17580210,Martha Laning,Q4886692,Ben Wikler,Who is the chairperson of Democratic Party of Wisconsin?,
llama-3.1-8b,iti,0,P488:Q5255727:Q17580210->Q4886692@2019-07-01,P488,Q17580210,Martha Laning,Q4886692,Ben Wikler,Who is the chairperson of Democratic Party of Wisconsin?,"Nicolleti, who is the chairperson of the Democratic Party of Wisconsin, said the party is “very excited” about"
llama-3.1-8b,standard,0,P488:Q8350008:Q47077260->Q11955389@2022-02-01,P488,Q47077260,Roger Loppacher i Crehuet,Q11955389,Xevi Xirgo i Teixidor,Who is the chairperson of Catalan Audiovisual Council?,The Catalan Audiovisual Council is the public body responsible for regulating the audiovisual sector in Catalonia. It is an independent body that
llama-3.1-8b,date_prefix,0,P488:Q8350008:Q47077260->Q11955389@2022-02-01,P488,Q47077260,Roger Loppacher i Crehuet,Q11955389,Xevi Xirgo i Teixidor,In 2022: Who is the chairperson of Catalan Audiovisual Council?,(CAAC)
llama-3.1-8b,instruction,0,P488:Q8350008:Q47077260->Q11955389@2022-02-01,P488,Q47077260,Roger Loppacher i Crehuet,Q11955389,Xevi Xirgo i Teixidor,"Answer with the current, most up-to-date fact. Who is the chairperson of Catalan Audiovisual Council?",What is the name of the current president of the Catalan Audiovisual Council? What is the name of the current president of the
llama-3.1-8b,tas,0,P488:Q8350008:Q47077260->Q11955389@2022-02-01,P488,Q47077260,Roger Loppacher i Crehuet,Q11955389,Xevi Xirgo i Teixidor,Who is the chairperson of Catalan Audiovisual Council?,
llama-3.1-8b,iti,0,P488:Q8350008:Q47077260->Q11955389@2022-02-01,P488,Q47077260,Roger Loppacher i Crehuet,Q11955389,Xevi Xirgo i Teixidor,Who is the chairperson of Catalan Audiovisual Council?,Antoni Poveda i Font
llama-3.1-8b,standard,0,P488:Q1355042:Q508073->Q62518481@2020-10-13,P488,Q508073,Sabine Laruelle,Q62518481,Stephanie D'Hose,Who is the chairperson of Senate of Belgium?,The Senate of Belgium is the upper house of the bicameral Federal Parliament of Belgium. It is an elected body consisting of
llama-3.1-8b,date_prefix,0,P488:Q1355042:Q508073->Q62518481@2020-10-13,P488,Q508073,Sabine Laruelle,Q62518481,Stephanie D'Hose,In 2020: Who is the chairperson of Senate of Belgium?,Who is the Prime Minister of Belgium? Who is the President of the European Council? Who is the President of the European Commission
llama-3.1-8b,instruction,0,P488:Q1355042:Q508073->Q62518481@2020-10-13,P488,Q508073,Sabine Laruelle,Q62518481,Stephanie D'Hose,"Answer with the current, most up-to-date fact. Who is the chairperson of Senate of Belgium?",Who is the current president of the European Commission? Who is the current president of the European Council? Who is the current president
llama-3.1-8b,tas,0,P488:Q1355042:Q508073->Q62518481@2020-10-13,P488,Q508073,Sabine Laruelle,Q62518481,Stephanie D'Hose,Who is the chairperson of Senate of Belgium?,
llama-3.1-8b,iti,0,P488:Q1355042:Q508073->Q62518481@2020-10-13,P488,Q508073,Sabine Laruelle,Q62518481,Stephanie D'Hose,Who is the chairperson of Senate of Belgium?,Nicolás Maduro
llama-3.1-8b,standard,0,P488:Q210047:Q51882085->Q112201439@2022-04-14,P488,Q51882085,Joaquim Silva e Luna,Q112201439,José Mauro Ferreira Coelho,Who is the chairperson of Petrobras?,José Mauro Ferreira Coelho
llama-3.1-8b,date_prefix,0,P488:Q210047:Q51882085->Q112201439@2022-04-14,P488,Q51882085,Joaquim Silva e Luna,Q112201439,José Mauro Ferreira Coelho,In 2022: Who is the chairperson of Petrobras?,| Brazil
llama-3.1-8b,instruction,0,P488:Q210047:Q51882085->Q112201439@2022-04-14,P488,Q51882085,Joaquim Silva e Luna,Q112201439,José Mauro Ferreira Coelho,"Answer with the current, most up-to-date fact. Who is the chairperson of Petrobras?",What is the name of the new president of Brazil? What is the name of the new president of the United States? What
llama-3.1-8b,tas,0,P488:Q210047:Q51882085->Q112201439@2022-04-14,P488,Q51882085,Joaquim Silva e Luna,Q112201439,José Mauro Ferreira Coelho,Who is the chairperson of Petrobras?,"– Celebrity.fm – #1 Official Stars, Business & People Network, Wiki, Success story, Biography & Quotes"
llama-3.1-8b,iti,0,P488:Q210047:Q51882085->Q112201439@2022-04-14,P488,Q51882085,Joaquim Silva e Luna,Q112201439,José Mauro Ferreira Coelho,Who is the chairperson of Petrobras?,Marcelo de Carvalho
llama-3.1-8b,standard,0,P488:Q106306784:Q39318->Q1396120@2022-07-01,P488,Q39318,Naftali Bennett,Q1396120,Yair Lapid,Who is the chairperson of thirty-sixth government of Israel?,Who is the chairperson of thirty-sixth government of Israel?
llama-3.1-8b,date_prefix,0,P488:Q106306784:Q39318->Q1396120@2022-07-01,P488,Q39318,Naftali Bennett,Q1396120,Yair Lapid,In 2022: Who is the chairperson of thirty-sixth government of Israel?,Who is the prime minister of Israel? Who is the president of Israel? Who is the speaker of the Knesset?
llama-3.1-8b,instruction,0,P488:Q106306784:Q39318->Q1396120@2022-07-01,P488,Q39318,Naftali Bennett,Q1396120,Yair Lapid,"Answer with the current, most up-to-date fact. Who is the chairperson of thirty-sixth government of Israel?",What is the name of the current president of the United States? What is the name of the current prime minister of the United
llama-3.1-8b,tas,0,P488:Q106306784:Q39318->Q1396120@2022-07-01,P488,Q39318,Naftali Bennett,Q1396120,Yair Lapid,Who is the chairperson of thirty-sixth government of Israel?,
llama-3.1-8b,iti,0,P488:Q106306784:Q39318->Q1396120@2022-07-01,P488,Q39318,Naftali Bennett,Q1396120,Yair Lapid,Who is the chairperson of thirty-sixth government of Israel?,Nicolás Maduro
llama-3.1-8b,standard,0,P488:Q99233271:Q732087->Q6391984@2021-11-30,P488,Q732087,Yukio Edano,Q6391984,Kenta Izumi,Who is the chairperson of Constitutional Democratic Party of Japan?,Who is the chairperson of Constitutional Democratic Party of Japan?
llama-3.1-8b,date_prefix,0,P488:Q99233271:Q732087->Q6391984@2021-11-30,P488,Q732087,Yukio Edano,Q6391984,Kenta Izumi,In 2021: Who is the chairperson of Constitutional Democratic Party of Japan?,Who is the leader of the Constitutional Democratic Party of Japan? Who is the leader of the Constitutional Democratic Party of Japan in
llama-3.1-8b,instruction,0,P488:Q99233271:Q732087->Q6391984@2021-11-30,P488,Q732087,Yukio Edano,Q6391984,Kenta Izumi,"Answer with the current, most up-to-date fact. Who is the chairperson of Constitutional Democratic Party of Japan?",What is the current population of Japan? What is the current population of Tokyo? What is the current population of Osaka? What
llama-3.1-8b,tas,0,P488:Q99233271:Q732087->Q6391984@2021-11-30,P488,Q732087,Yukio Edano,Q6391984,Kenta Izumi,Who is the chairperson of Constitutional Democratic Party of Japan?,
llama-3.1-8b,iti,0,P488:Q99233271:Q732087->Q6391984@2021-11-30,P488,Q732087,Yukio Edano,Q6391984,Kenta Izumi,Who is the chairperson of Constitutional Democratic Party of Japan?,Constantinople is the capital of which country? What is the capital of the United States? What is the capital of the United
llama-3.1-8b,standard,0,P488:Q97155800:Q4740163->Q16179626@2022-06-04,P488,Q4740163,Carles Puigdemont,Q16179626,Laura Borràs i Castanyer,Who is the chairperson of Junts per Catalunya?,Who is the chairperson of Junts per Catalunya?
llama-3.1-8b,date_prefix,0,P488:Q97155800:Q4740163->Q16179626@2022-06-04,P488,Q4740163,Carles Puigdemont,Q16179626,Laura Borràs i Castanyer,In 2022: Who is the chairperson of Junts per Catalunya?,Who is the president of the Generalitat de Catalunya? Who is the president of the Parliament of Catalonia? Who is the
llama-3.1-8b,instruction,0,P488:Q97155800:Q4740163->Q16179626@2022-06-04,P488,Q4740163,Carles Puigdemont,Q16179626,Laura Borràs i Castanyer,"Answer with the current, most up-to-date fact. Who is the chairperson of Junts per Catalunya?",Who is the president of the Generalitat? Who is the president of the European Commission? Who is the president of the United
llama-3.1-8b,tas,0,P488:Q97155800:Q4740163->Q16179626@2022-06-04,P488,Q4740163,Carles Puigdemont,Q16179626,Laura Borràs i Castanyer,Who is the chairperson of Junts per Catalunya?,
llama-3.1-8b,iti,0,P488:Q97155800:Q4740163->Q16179626@2022-06-04,P488,Q4740163,Carles Puigdemont,Q16179626,Laura Borràs i Castanyer,Who is the chairperson of Junts per Catalunya?,Nicolás Sartorius
llama-3.1-8b,standard,1,P6:Q794:Q34448->Q348144@2013-08-03,P6,Q34448,Mahmoud Ahmadinejad,Q348144,Hassan Rouhani,Who is the head of government of Iran?,"Iran is a theocratic republic, with the Supreme Leader of Iran as the head of state and the President of Iran as the"
llama-3.1-8b,tas,1,P6:Q794:Q34448->Q348144@2013-08-03,P6,Q34448,Mahmoud Ahmadinejad,Q348144,Hassan Rouhani,Who is the head of government of Iran?,
llama-3.1-8b,iti,1,P6:Q794:Q34448->Q348144@2013-08-03,P6,Q34448,Mahmoud Ahmadinejad,Q348144,Hassan Rouhani,Who is the head of government of Iran?,Nicolás Maduro
llama-3.1-8b,standard,1,P6:Q16:Q206->Q3099714@2015-11-04,P6,Q206,Stephen Harper,Q3099714,Justin Trudeau,Who is the head of government of Canada?,"The Prime Minister of Canada is the head of government of Canada. The Prime Minister is appointed by the Governor General of Canada,"
llama-3.1-8b,tas,1,P6:Q16:Q206->Q3099714@2015-11-04,P6,Q206,Stephen Harper,Q3099714,Justin Trudeau,Who is the head of government of Canada?,
llama-3.1-8b,iti,1,P6:Q16:Q206->Q3099714@2015-11-04,P6,Q206,Stephen Harper,Q3099714,Justin Trudeau,Who is the head of government of Canada?,Ludovic Leforestier
llama-3.1-8b,standard,1,P6:Q183:Q567->Q61053@2021-12-08,P6,Q567,Angela Merkel,Q61053,Olaf Scholz,Who is the head of government of Germany?,The head of government of Germany is the Chancellor of Germany. The Chancellor is the head of the federal government and the leader of
llama-3.1-8b,tas,1,P6:Q183:Q567->Q61053@2021-12-08,P6,Q567,Angela Merkel,Q61053,Olaf Scholz,Who is the head of government of Germany?,
llama-3.1-8b,iti,1,P6:Q183:Q567->Q61053@2021-12-08,P6,Q567,Angela Merkel,Q61053,Olaf Scholz,Who is the head of government of Germany?,Klaus Wowereit
llama-3.1-8b,standard,1,P6:Q980:Q44612->Q50664@2018-03-15,P6,Q44612,Horst Seehofer,Q50664,Markus Söder,Who is the head of government of Bavaria?,The head of government of Bavaria is Markus Söder. He is the Minister-President of Bavaria and has been in
llama-3.1-8b,tas,1,P6:Q980:Q44612->Q50664@2018-03-15,P6,Q44612,Horst Seehofer,Q50664,Markus Söder,Who is the head of government of Bavaria?,
llama-3.1-8b,iti,1,P6:Q980:Q44612->Q50664@2018-03-15,P6,Q44612,Horst Seehofer,Q50664,Markus Söder,Who is the head of government of Bavaria?,Ludger Stühlmeyer
llama-3.1-8b,standard,1,P6:Q778:Q317664->Q57705@2012-05-08,P6,Q317664,Hubert Ingraham,Q57705,Perry Christie,Who is the head of government of The Bahamas?,"The Bahamas is a parliamentary democracy and constitutional monarchy. The head of government is the prime minister, who is the leader of the"
llama-3.1-8b,tas,1,P6:Q778:Q317664->Q57705@2012-05-08,P6,Q317664,Hubert Ingraham,Q57705,Perry Christie,Who is the head of government of The Bahamas?,
llama-3.1-8b,iti,1,P6:Q778:Q317664->Q57705@2012-05-08,P6,Q317664,Hubert Ingraham,Q57705,Perry Christie,Who is the head of government of The Bahamas?,Lucille M. Theo-Benjamin
llama-3.1-8b,standard,1,P6:Q778:Q57705->Q16732648@2017-05-11,P6,Q57705,Perry Christie,Q16732648,Hubert Minnis,Who is the head of government of The Bahamas?,"The Bahamas is a parliamentary democracy and constitutional monarchy. The head of government is the prime minister, who is the leader of the"
llama-3.1-8b,tas,1,P6:Q778:Q57705->Q16732648@2017-05-11,P6,Q57705,Perry Christie,Q16732648,Hubert Minnis,Who is the head of government of The Bahamas?,
llama-3.1-8b,iti,1,P6:Q778:Q57705->Q16732648@2017-05-11,P6,Q57705,Perry Christie,Q16732648,Hubert Minnis,Who is the head of government of The Bahamas?,Lucille M. Theo-Benjamin
llama-3.1-8b,standard,1,P6:Q778:Q16732648->Q7183082@2021-09-17,P6,Q16732648,Hubert Minnis,Q7183082,"Philip ""Brave"" Davis",Who is the head of government of The Bahamas?,"The Bahamas is a parliamentary democracy and constitutional monarchy. The head of government is the prime minister, who is the leader of the"
llama-3.1-8b,tas,1,P6:Q778:Q16732648->Q7183082@2021-09-17,P6,Q16732648,Hubert Minnis,Q7183082,"Philip ""Brave"" Davis",Who is the head of government of The Bahamas?,
llama-3.1-8b,iti,1,P6:Q778:Q16732648->Q7183082@2021-09-17,P6,Q16732648,Hubert Minnis,Q7183082,"Philip ""Brave"" Davis",Who is the head of government of The Bahamas?,Lucille M. Theo-Benjamin
llama-3.1-8b,standard,1,P6:Q1770:Q16403144->Q4250802@2019-04-04,P6,Q16403144,Taavi Aas,Q4250802,Mihhail Kõlvart,Who is the head of government of Tallinn?,Who is the head of government of Tallinn?
llama-3.1-8b,tas,1,P6:Q1770:Q16403144->Q4250802@2019-04-04,P6,Q16403144,Taavi Aas,Q4250802,Mihhail Kõlvart,Who is the head of government of Tallinn?,
llama-3.1-8b,iti,1,P6:Q1770:Q16403144->Q4250802@2019-04-04,P6,Q16403144,Taavi Aas,Q4250802,Mihhail Kõlvart,Who is the head of government of Tallinn?,Mayor of Tallinn
llama-3.1-8b,standard,1,P6:Q236:Q200305->Q57746@2010-12-29,P6,Q200305,Milo Đukanović,Q57746,Igor Lukšić,Who is the head of government of Montenegro?,The head of government of Montenegro is the Prime Minister of Montenegro. The Prime Minister is the head of government and the
llama-3.1-8b,tas,1,P6:Q236:Q200305->Q57746@2010-12-29,P6,Q200305,Milo Đukanović,Q57746,Igor Lukšić,Who is the head of government of Montenegro?,
llama-3.1-8b,iti,1,P6:Q236:Q200305->Q57746@2010-12-29,P6,Q200305,Milo Đukanović,Q57746,Igor Lukšić,Who is the head of government of Montenegro?,Nicolai Vucic
llama-3.1-8b,standard,1,P6:Q236:Q57746->Q200305@2012-12-04,P6,Q57746,Igor Lukšić,Q200305,Milo Đukanović,Who is the head of government of Montenegro?,The head of government of Montenegro is the Prime Minister of Montenegro. The Prime Minister is the head of government and the
llama-3.1-8b,tas,1,P6:Q236:Q57746->Q200305@2012-12-04,P6,Q57746,Igor Lukšić,Q200305,Milo Đukanović,Who is the head of government of Montenegro?,
llama-3.1-8b,iti,1,P6:Q236:Q57746->Q200305@2012-12-04,P6,Q57746,Igor Lukšić,Q200305,Milo Đukanović,Who is the head of government of Montenegro?,Nicolai Vucic
llama-3.1-8b,standard,1,P6:Q236:Q200305->Q27941657@2016-11-28,P6,Q200305,Milo Đukanović,Q27941657,Duško Marković,Who is the head of government of Montenegro?,The head of government of Montenegro is the Prime Minister of Montenegro. The Prime Minister is the head of government and the
llama-3.1-8b,tas,1,P6:Q236:Q200305->Q27941657@2016-11-28,P6,Q200305,Milo Đukanović,Q27941657,Duško Marković,Who is the head of government of Montenegro?,
llama-3.1-8b,iti,1,P6:Q236:Q200305->Q27941657@2016-11-28,P6,Q200305,Milo Đukanović,Q27941657,Duško Marković,Who is the head of government of Montenegro?,Nicolai Vucic
llama-3.1-8b,standard,1,P6:Q236:Q27941657->Q97999161@2020-12-04,P6,Q27941657,Duško Marković,Q97999161,Zdravko Krivokapić,Who is the head of government of Montenegro?,The head of government of Montenegro is the Prime Minister of Montenegro. The Prime Minister is the head of government and the
llama-3.1-8b,tas,1,P6:Q236:Q27941657->Q97999161@2020-12-04,P6,Q27941657,Duško Marković,Q97999161,Zdravko Krivokapić,Who is the head of government of Montenegro?,
llama-3.1-8b,iti,1,P6:Q236:Q27941657->Q97999161@2020-12-04,P6,Q27941657,Duško Marković,Q97999161,Zdravko Krivokapić,Who is the head of government of Montenegro?,Nicolai Vucic
llama-3.1-8b,standard,1,P6:Q45761:Q8294022->Q9010448@2020-11-01,P6,Q8294022,Xu Dazhe,Q9010448,Mao Weiming,Who is the head of government of Hunan?,Who is the head of government of Hunan?
llama-3.1-8b,tas,1,P6:Q45761:Q8294022->Q9010448@2020-11-01,P6,Q8294022,Xu Dazhe,Q9010448,Mao Weiming,Who is the head of government of Hunan?,
llama-3.1-8b,iti,1,P6:Q45761:Q8294022->Q9010448@2020-11-01,P6,Q8294022,Xu Dazhe,Q9010448,Mao Weiming,Who is the head of government of Hunan?,"Hunan is a province in the People's Republic of China, located to the south of the middle reaches of the Yangt"
llama-3.1-8b,standard,1,P6:Q14424:Q871892->Q62084068@2014-10-12,P6,Q871892,Péter Cseresnyés,Q62084068,Sándor Dénes,Who is the head of government of Nagykanizsa?,Who is the head of government of Nagykanizsa?
llama-3.1-8b,tas,1,P6:Q14424:Q871892->Q62084068@2014-10-12,P6,Q871892,Péter Cseresnyés,Q62084068,Sándor Dénes,Who is the head of government of Nagykanizsa?,
llama-3.1-8b,iti,1,P6:Q14424:Q871892->Q62084068@2014-10-12,P6,Q871892,Péter Cseresnyés,Q62084068,Sándor Dénes,Who is the head of government of Nagykanizsa?,Mayor of Nagykanizsa
llama-3.1-8b,standard,1,P6:Q23681:Q332476->Q57886@2010-05-17,P6,Q332476,Derviş Eroğlu,Q57886,İrsen Küçük,Who is the head of government of Northern Cyprus?,The head of government of Northern Cyprus is the leader of the executive branch of the government of Northern Cyprus. The head of government
llama-3.1-8b,tas,1,P6:Q23681:Q332476->Q57886@2010-05-17,P6,Q332476,Derviş Eroğlu,Q57886,İrsen Küçük,Who is the head of government of Northern Cyprus?,
llama-3.1-8b,iti,1,P6:Q23681:Q332476->Q57886@2010-05-17,P6,Q332476,Derviş Eroğlu,Q57886,İrsen Küçük,Who is the head of government of Northern Cyprus?,Nicolás Maduro
llama-3.1-8b,standard,1,P6:Q23681:Q57886->Q14330482@2013-06-13,P6,Q57886,İrsen Küçük,Q14330482,Sibel Siber,Who is the head of government of Northern Cyprus?,The head of government of Northern Cyprus is the leader of the executive branch of the government of Northern Cyprus. The head of government
llama-3.1-8b,tas,1,P6:Q23681:Q57886->Q14330482@2013-06-13,P6,Q57886,İrsen Küçük,Q14330482,Sibel Siber,Who is the head of government of Northern Cyprus?,
llama-3.1-8b,iti,1,P6:Q23681:Q57886->Q14330482@2013-06-13,P6,Q57886,İrsen Küçük,Q14330482,Sibel Siber,Who is the head of government of Northern Cyprus?,Nicolás Maduro
llama-3.1-8b,standard,1,P6:Q23681:Q6065323->Q20669153@2015-07-16,P6,Q6065323,Özkan Yorgancıoğlu,Q20669153,Ömer Kalyoncu,Who is the head of government of Northern Cyprus?,The head of government of Northern Cyprus is the leader of the executive branch of the government of Northern Cyprus. The head of government
llama-3.1-8b,tas,1,P6:Q23681:Q6065323->Q20669153@2015-07-16,P6,Q6065323,Özkan Yorgancıoğlu,Q20669153,Ömer Kalyoncu,Who is the head of government of Northern Cyprus?,
llama-3.1-8b,iti,1,P6:Q23681:Q6065323->Q20669153@2015-07-16,P6,Q6065323,Özkan Yorgancıoğlu,Q20669153,Ömer Kalyoncu,Who is the head of government of Northern Cyprus?,Nicolás Maduro
llama-3.1-8b,standard,1,P6:Q23681:Q20669153->Q58174@2016-04-16,P6,Q20669153,Ömer Kalyoncu,Q58174,Hüseyin Özgürgün,Who is the head of government of Northern Cyprus?,The head of government of Northern Cyprus is the leader of the executive branch of the government of Northern Cyprus. The head of government
llama-3.1-8b,tas,1,P6:Q23681:Q20669153->Q58174@2016-04-16,P6,Q20669153,Ömer Kalyoncu,Q58174,Hüseyin Özgürgün,Who is the head of government of Northern Cyprus?,
llama-3.1-8b,iti,1,P6:Q23681:Q20669153->Q58174@2016-04-16,P6,Q20669153,Ömer Kalyoncu,Q58174,Hüseyin Özgürgün,Who is the head of government of Northern Cyprus?,Nicolás Maduro
llama-3.1-8b,standard,1,P6:Q23681:Q47188815->Q6057339@2019-05-22,P6,Q47188815,Tufan Erhürman,Q6057339,Ersin Tatar,Who is the head of government of Northern Cyprus?,The head of government of Northern Cyprus is the leader of the executive branch of the government of Northern Cyprus. The head of government
llama-3.1-8b,tas,1,P6:Q23681:Q47188815->Q6057339@2019-05-22,P6,Q47188815,Tufan Erhürman,Q6057339,Ersin Tatar,Who is the head of government of Northern Cyprus?,
llama-3.1-8b,iti,1,P6:Q23681:Q47188815->Q6057339@2019-05-22,P6,Q47188815,Tufan Erhürman,Q6057339,Ersin Tatar,Who is the head of government of Northern Cyprus?,Nicolás Maduro
llama-3.1-8b,standard,1,P6:Q23681:Q6057339->Q28600107@2020-12-09,P6,Q6057339,Ersin Tatar,Q28600107,Ersan Saner,Who is the head of government of Northern Cyprus?,The head of government of Northern Cyprus is the leader of the executive branch of the government of Northern Cyprus. The head of government
llama-3.1-8b,tas,1,P6:Q23681:Q6057339->Q28600107@2020-12-09,P6,Q6057339,Ersin Tatar,Q28600107,Ersan Saner,Who is the head of government of Northern Cyprus?,
llama-3.1-8b,iti,1,P6:Q23681:Q6057339->Q28600107@2020-12-09,P6,Q6057339,Ersin Tatar,Q28600107,Ersan Saner,Who is the head of government of Northern Cyprus?,Nicolás Maduro
llama-3.1-8b,standard,1,P6:Q23681:Q28600107->Q47189019@2021-11-05,P6,Q28600107,Ersan Saner,Q47189019,Faiz Sucuoğlu,Who is the head of government of Northern Cyprus?,The head of government of Northern Cyprus is the leader of the executive branch of the government of Northern Cyprus. The head of government
llama-3.1-8b,tas,1,P6:Q23681:Q28600107->Q47189019@2021-11-05,P6,Q28600107,Ersan Saner,Q47189019,Faiz Sucuoğlu,Who is the head of government of Northern Cyprus?,
llama-3.1-8b,iti,1,P6:Q23681:Q28600107->Q47189019@2021-11-05,P6,Q28600107,Ersan Saner,Q47189019,Faiz Sucuoğlu,Who is the head of government of Northern Cyprus?,Nicolás Maduro
llama-3.1-8b,standard,1,P6:Q23681:Q47189019->Q12812869@2022-05-12,P6,Q47189019,Faiz Sucuoğlu,Q12812869,Ünal Üstel,Who is the head of government of Northern Cyprus?,The head of government of Northern Cyprus is the leader of the executive branch of the government of Northern Cyprus. The head of government
llama-3.1-8b,tas,1,P6:Q23681:Q47189019->Q12812869@2022-05-12,P6,Q47189019,Faiz Sucuoğlu,Q12812869,Ünal Üstel,Who is the head of government of Northern Cyprus?,
llama-3.1-8b,iti,1,P6:Q23681:Q47189019->Q12812869@2022-05-12,P6,Q47189019,Faiz Sucuoğlu,Q12812869,Ünal Üstel,Who is the head of government of Northern Cyprus?,Nicolás Maduro
llama-3.1-8b,standard,1,P6:Q203344:Q1253167->Q1468102@2010-01-01,P6,Q1253167,Zoltán Révfy,Q1468102,Róbert Zsigó,Who is the head of government of Baja?,"The governor of Baja California is Jaime Bonilla Valdez, who was elected in 2019. The governor is the"
llama-3.1-8b,tas,1,P6:Q203344:Q1253167->Q1468102@2010-01-01,P6,Q1253167,Zoltán Révfy,Q1468102,Róbert Zsigó,Who is the head of government of Baja?,…
llama-3.1-8b,iti,1,P6:Q203344:Q1253167->Q1468102@2010-01-01,P6,Q1253167,Zoltán Révfy,Q1468102,Róbert Zsigó,Who is the head of government of Baja?,Nicolás Maduro
llama-3.1-8b,standard,1,P6:Q203344:Q1468102->Q110780235@2014-01-01,P6,Q1468102,Róbert Zsigó,Q110780235,Róbert Fercsák,Who is the head of government of Baja?,"The governor of Baja California is Jaime Bonilla Valdez, who was elected in 2019. The governor is the"
llama-3.1-8b,tas,1,P6:Q203344:Q1468102->Q110780235@2014-01-01,P6,Q1468102,Róbert Zsigó,Q110780235,Róbert Fercsák,Who is the head of government of Baja?,…
llama-3.1-8b,iti,1,P6:Q203344:Q1468102->Q110780235@2014-01-01,P6,Q1468102,Róbert Zsigó,Q110780235,Róbert Fercsák,Who is the head of government of Baja?,Nicolás Maduro
llama-3.1-8b,standard,1,P6:Q203344:Q110780235->Q110780008@2019-01-01,P6,Q110780235,Róbert Fercsák,Q110780008,Klára Nyirati,Who is the head of government of Baja?,"The governor of Baja California is Jaime Bonilla Valdez, who was elected in 2019. The governor is the"
llama-3.1-8b,tas,1,P6:Q203344:Q110780235->Q110780008@2019-01-01,P6,Q110780235,Róbert Fercsák,Q110780008,Klára Nyirati,Who is the head of government of Baja?,…
llama-3.1-8b,iti,1,P6:Q203344:Q110780235->Q110780008@2019-01-01,P6,Q110780235,Róbert Fercsák,Q110780008,Klára Nyirati,Who is the head of government of Baja?,Nicolás Maduro
llama-3.1-8b,standard,1,P6:Q2865:Q828457->Q33262484@2017-07-22,P6,Q828457,Bertram Hilgen,Q33262484,Christian Geselle,Who is the head of government of Kassel?,Who is the head of government of Kassel?
llama-3.1-8b,tas,1,P6:Q2865:Q828457->Q33262484@2017-07-22,P6,Q828457,Bertram Hilgen,Q33262484,Christian Geselle,Who is the head of government of Kassel?,
llama-3.1-8b,iti,1,P6:Q2865:Q828457->Q33262484@2017-07-22,P6,Q828457,Bertram Hilgen,Q33262484,Christian Geselle,Who is the head of government of Kassel?,Mayor Bertram Diegel (SPD) has been in office since 2016. The 55-year-old is the
llama-3.1-8b,standard,1,P6:Q1721:Q84611->Q6802911@2013-01-01,P6,Q84611,Helmut Müller,Q6802911,Sven Gerich,Who is the head of government of Wiesbaden?,The mayor of Wiesbaden is Sven Gerich (SPD). He was elected in 2018 and is
llama-3.1-8b,tas,1,P6:Q1721:Q84611->Q6802911@2013-01-01,P6,Q84611,Helmut Müller,Q6802911,Sven Gerich,Who is the head of government of Wiesbaden?,
llama-3.1-8b,iti,1,P6:Q1721:Q84611->Q6802911@2013-01-01,P6,Q84611,Helmut Müller,Q6802911,Sven Gerich,Who is the head of government of Wiesbaden?,Mayor Gert-Uwe Mende
llama-3.1-8b,standard,1,P6:Q1721:Q6802911->Q64691933@2019-01-01,P6,Q6802911,Sven Gerich,Q64691933,Gert-Uwe Mende,Who is the head of government of Wiesbaden?,The mayor of Wiesbaden is Sven Gerich (SPD). He was elected in 2018 and is
llama-3.1-8b,tas,1,P6:Q1721:Q6802911->Q64691933@2019-01-01,P6,Q6802911,Sven Gerich,Q64691933,Gert-Uwe Mende,Who is the head of government of Wiesbaden?,
llama-3.1-8b,iti,1,P6:Q1721:Q6802911->Q64691933@2019-01-01,P6,Q6802911,Sven Gerich,Q64691933,Gert-Uwe Mende,Who is the head of government of Wiesbaden?,Mayor Gert-Uwe Mende
llama-3.1-8b,standard,1,P6:Q2916:Q893758->Q15855000@2013-01-01,P6,Q893758,Boris Pistorius,Q15855000,Wolfgang Griesert,Who is the head of government of Osnabrück?,Who is the head of government of Osnabrück?
llama-3.1-8b,tas,1,P6:Q2916:Q893758->Q15855000@2013-01-01,P6,Q893758,Boris Pistorius,Q15855000,Wolfgang Griesert,Who is the head of government of Osnabrück?,
llama-3.1-8b,iti,1,P6:Q2916:Q893758->Q15855000@2013-01-01,P6,Q893758,Boris Pistorius,Q15855000,Wolfgang Griesert,Who is the head of government of Osnabrück?,Mayor Boris Pistorius
llama-3.1-8b,standard,1,P6:Q2916:Q15855000->Q108703393@2021-01-01,P6,Q15855000,Wolfgang Griesert,Q108703393,Katharina Pötter,Who is the head of government of Osnabrück?,Who is the head of government of Osnabrück?
llama-3.1-8b,tas,1,P6:Q2916:Q15855000->Q108703393@2021-01-01,P6,Q15855000,Wolfgang Griesert,Q108703393,Katharina Pötter,Who is the head of government of Osnabrück?,
llama-3.1-8b,iti,1,P6:Q2916:Q15855000->Q108703393@2021-01-01,P6,Q15855000,Wolfgang Griesert,Q108703393,Katharina Pötter,Who is the head of government of Osnabrück?,Mayor Boris Pistorius
llama-3.1-8b,standard,1,P6:Q3150:Q109029->Q52376077@2018-07-01,P6,Q109029,Albrecht Schröter,Q52376077,Thomas Nitzsche,Who is the head of government of Jena?,Who is the head of government of Jena?
llama-3.1-8b,tas,1,P6:Q3150:Q109029->Q52376077@2018-07-01,P6,Q109029,Albrecht Schröter,Q52376077,Thomas Nitzsche,Who is the head of government of Jena?,
llama-3.1-8b,iti,1,P6:Q3150:Q109029->Q52376077@2018-07-01,P6,Q109029,Albrecht Schröter,Q52376077,Thomas Nitzsche,Who is the head of government of Jena?,Mayor of Jena
llama-3.1-8b,standard,1,P6:Q181314:Q950958->Q67172379@2014-01-01,P6,Q950958,Charles Michel,Q67172379,Françoise Pigeolet,Who is the head of government of Wavre?,Who is the head of government of Wavre?
llama-3.1-8b,tas,1,P6:Q181314:Q950958->Q67172379@2014-01-01,P6,Q950958,Charles Michel,Q67172379,Françoise Pigeolet,Who is the head of government of Wavre?,
llama-3.1-8b,iti,1,P6:Q181314:Q950958->Q67172379@2014-01-01,P6,Q950958,Charles Michel,Q67172379,Françoise Pigeolet,Who is the head of government of Wavre?,Mayor of Wavre
llama-3.1-8b,standard,1,P6:Q423:Q310875->Q310889@2010-06-07,P6,Q310875,Kim Yong-il,Q310889,Choe Yong-rim,Who is the head of government of North Korea?,Kim Jong-un
llama-3.1-8b,tas,1,P6:Q423:Q310875->Q310889@2010-06-07,P6,Q310875,Kim Yong-il,Q310889,Choe Yong-rim,Who is the head of government of North Korea?,
llama-3.1-8b,iti,1,P6:Q423:Q310875->Q310889@2010-06-07,P6,Q310875,Kim Yong-il,Q310889,Choe Yong-rim,Who is the head of government of North Korea?,Nicolás Maduro
llama-3.1-8b,standard,1,P6:Q423:Q310889->Q494800@2013-04-01,P6,Q310889,Choe Yong-rim,Q494800,Pak Pong-ju,Who is the head of government of North Korea?,Kim Jong-un
llama-3.1-8b,tas,1,P6:Q423:Q310889->Q494800@2013-04-01,P6,Q310889,Choe Yong-rim,Q494800,Pak Pong-ju,Who is the head of government of North Korea?,
llama-3.1-8b,iti,1,P6:Q423:Q310889->Q494800@2013-04-01,P6,Q310889,Choe Yong-rim,Q494800,Pak Pong-ju,Who is the head of government of North Korea?,Nicolás Maduro
llama-3.1-8b,standard,1,P6:Q423:Q494800->Q56818689@2019-04-11,P6,Q494800,Pak Pong-ju,Q56818689,Kim Jae-ryong,Who is the head of government of North Korea?,Kim Jong-un
llama-3.1-8b,tas,1,P6:Q423:Q494800->Q56818689@2019-04-11,P6,Q494800,Pak Pong-ju,Q56818689,Kim Jae-ryong,Who is the head of government of North Korea?,
llama-3.1-8b,iti,1,P6:Q423:Q494800->Q56818689@2019-04-11,P6,Q494800,Pak Pong-ju,Q56818689,Kim Jae-ryong,Who is the head of government of North Korea?,Nicolás Maduro
llama-3.1-8b,standard,1,P6:Q7070:Q1909821->Q1736669@2012-07-01,P6,Q1909821,Matthias Doht,Q1736669,Katja Wolf,Who is the head of government of Eisenach?,The head of government of Eisenach is the mayor of Eisenach. The mayor is elected by the citizens of Eisenach in
llama-3.1-8b,tas,1,P6:Q7070:Q1909821->Q1736669@2012-07-01,P6,Q1909821,Matthias Doht,Q1736669,Katja Wolf,Who is the head of government of Eisenach?,
llama-3.1-8b,iti,1,P6:Q7070:Q1909821->Q1736669@2012-07-01,P6,Q1909821,Matthias Doht,Q1736669,Katja Wolf,Who is the head of government of Eisenach?,Mayor of Eisenach
llama-3.1-8b,standard,1,P6:Q171224:Q6418596->Q28162495@2017-01-09,P6,Q6418596,Kitty Piercy,Q28162495,Lucy Vinis,Who is the head of government of Eugene?,The mayor of Eugene is Lucy Vinis. She was elected in 2016 and re-elected in 2020. She
llama-3.1-8b,tas,1,P6:Q171224:Q6418596->Q28162495@2017-01-09,P6,Q6418596,Kitty Piercy,Q28162495,Lucy Vinis,Who is the head of government of Eugene?,
llama-3.1-8b,iti,1,P6:Q171224:Q6418596->Q28162495@2017-01-09,P6,Q6418596,Kitty Piercy,Q28162495,Lucy Vinis,Who is the head of government of Eugene?,Mayor Lucy Vinis
llama-3.1-8b,standard,1,P6:Q894:Q4452259->Q4058145@2010-10-15,P6,Q4452259,Tarkhov Viktor Aleksandrovich,Q4058145,Dmitry Azarov,Who is the head of government of Samara?,Who is the head of government of Samara?
llama-3.1-8b,tas,1,P6:Q894:Q4452259->Q4058145@2010-10-15,P6,Q4452259,Tarkhov Viktor Aleksandrovich,Q4058145,Dmitry Azarov,Who is the head of government of Samara?,
llama-3.1-8b,iti,1,P6:Q894:Q4452259->Q4058145@2010-10-15,P6,Q4452259,Tarkhov Viktor Aleksandrovich,Q4058145,Dmitry Azarov,Who is the head of government of Samara?,Mayor of Samara
llama-3.1-8b,standard,1,P6:Q894:Q4058145->Q18741371@2014-11-24,P6,Q4058145,Dmitry Azarov,Q18741371,Aleksandr Fetisov,Who is the head of government of Samara?,Who is the head of government of Samara?
llama-3.1-8b,tas,1,P6:Q894:Q4058145->Q18741371@2014-11-24,P6,Q4058145,Dmitry Azarov,Q18741371,Aleksandr Fetisov,Who is the head of government of Samara?,
llama-3.1-8b,iti,1,P6:Q894:Q4058145->Q18741371@2014-11-24,P6,Q4058145,Dmitry Azarov,Q18741371,Aleksandr Fetisov,Who is the head of government of Samara?,Mayor of Samara
llama-3.1-8b,standard,1,P6:Q894:Q18741371->Q21534229@2015-10-13,P6,Q18741371,Aleksandr Fetisov,Q21534229,Oleg Fursov,Who is the head of government of Samara?,Who is the head of government of Samara?
llama-3.1-8b,tas,1,P6:Q894:Q18741371->Q21534229@2015-10-13,P6,Q18741371,Aleksandr Fetisov,Q21534229,Oleg Fursov,Who is the head of government of Samara?,
llama-3.1-8b,iti,1,P6:Q894:Q18741371->Q21534229@2015-10-13,P6,Q18741371,Aleksandr Fetisov,Q21534229,Oleg Fursov,Who is the head of government of Samara?,Mayor of Samara
llama-3.1-8b,standard,1,P6:Q894:Q21534229->Q48953390@2017-12-26,P6,Q21534229,Oleg Fursov,Q48953390,Yelena Lapushkina,Who is the head of government of Samara?,Who is the head of government of Samara?
llama-3.1-8b,tas,1,P6:Q894:Q21534229->Q48953390@2017-12-26,P6,Q21534229,Oleg Fursov,Q48953390,Yelena Lapushkina,Who is the head of government of Samara?,
llama-3.1-8b,iti,1,P6:Q894:Q21534229->Q48953390@2017-12-26,P6,Q21534229,Oleg Fursov,Q48953390,Yelena Lapushkina,Who is the head of government of Samara?,Mayor of Samara
llama-3.1-8b,standard,1,P6:Q1013328:Q6850543->Q12778611@2010-01-01,P6,Q6850543,Milan Ftáčnik,Q12778611,Vladimír Bajan,Who is the head of government of Petržalka?,The answer is not so simple
llama-3.1-8b,tas,1,P6:Q1013328:Q6850543->Q12778611@2010-01-01,P6,Q6850543,Milan Ftáčnik,Q12778611,Vladimír Bajan,Who is the head of government of Petržalka?,
llama-3.1-8b,iti,1,P6:Q1013328:Q6850543->Q12778611@2010-01-01,P6,Q6850543,Milan Ftáčnik,Q12778611,Vladimír Bajan,Who is the head of government of Petržalka?,"Mayor of Bratislava, Milan Ftáčnik, has been trying to find out for a long time. He has been"
llama-3.1-8b,standard,1,P6:Q915:Q4527170->Q4408077@2010-12-26,P6,Q4527170,Igor Shubin,Q4408077,Igor Sapko,Who is the head of government of Perm?,Who is the head of government of Perm?
llama-3.1-8b,tas,1,P6:Q915:Q4527170->Q4408077@2010-12-26,P6,Q4527170,Igor Shubin,Q4408077,Igor Sapko,Who is the head of government of Perm?,
llama-3.1-8b,iti,1,P6:Q915:Q4527170->Q4408077@2010-12-26,P6,Q4527170,Igor Shubin,Q4408077,Igor Sapko,Who is the head of government of Perm?,Mayor of Perm
llama-3.1-8b,standard,1,P6:Q309164:Q6959439->Q2080721@2013-01-01,P6,Q6959439,Nahum Hofree,Q2080721,Ze'ev Bielski,Who is the head of government of Ra'anana?,The mayor of Ra'anana is Ze'ev Bielski. The mayor of Ra'anana is Ze'ev Bi
llama-3.1-8b,tas,1,P6:Q309164:Q6959439->Q2080721@2013-01-01,P6,Q6959439,Nahum Hofree,Q2080721,Ze'ev Bielski,Who is the head of government of Ra'anana?,
llama-3.1-8b,iti,1,P6:Q309164:Q6959439->Q2080721@2013-01-01,P6,Q6959439,Nahum Hofree,Q2080721,Ze'ev Bielski,Who is the head of government of Ra'anana?,Mayor Ze'ev Bielski
llama-3.1-8b,standard,1,P6:Q309164:Q2080721->Q50738495@2018-01-01,P6,Q2080721,Ze'ev Bielski,Q50738495,Eitan Ginzburg,Who is the head of government of Ra'anana?,The mayor of Ra'anana is Ze'ev Bielski. The mayor of Ra'anana is Ze'ev Bi
llama-3.1-8b,tas,1,P6:Q309164:Q2080721->Q50738495@2018-01-01,P6,Q2080721,Ze'ev Bielski,Q50738495,Eitan Ginzburg,Who is the head of government of Ra'anana?,
llama-3.1-8b,iti,1,P6:Q309164:Q2080721->Q50738495@2018-01-01,P6,Q2080721,Ze'ev Bielski,Q50738495,Eitan Ginzburg,Who is the head of government of Ra'anana?,Mayor Ze'ev Bielski
llama-3.1-8b,standard,1,P6:Q975:Q17721870->Q30323642@2017-06-21,P6,Q17721870,Ivy Taylor,Q30323642,Ron Nirenberg,Who is the head of government of San Antonio?,The mayor of San Antonio is Ron Nirenberg. The mayor is the head of the city government and is elected by the
llama-3.1-8b,tas,1,P6:Q975:Q17721870->Q30323642@2017-06-21,P6,Q17721870,Ivy Taylor,Q30323642,Ron Nirenberg,Who is the head of government of San Antonio?,
llama-3.1-8b,iti,1,P6:Q975:Q17721870->Q30323642@2017-06-21,P6,Q17721870,Ivy Taylor,Q30323642,Ron Nirenberg,Who is the head of government of San Antonio?,Mayor Ron Nirenberg
llama-3.1-8b,standard,1,P6:Q2145:Q3455747->Q109466737@2021-11-01,P6,Q3455747,Régis Labeaume,Q109466737,Bruno Marchand,Who is the head of government of Quebec City?,The mayor of Quebec City is Régis Labeaume. He was elected in 2007 and re-elected in
llama-3.1-8b,tas,1,P6:Q2145:Q3455747->Q109466737@2021-11-01,P6,Q3455747,Régis Labeaume,Q109466737,Bruno Marchand,Who is the head of government of Quebec City?,
llama-3.1-8b,iti,1,P6:Q2145:Q3455747->Q109466737@2021-11-01,P6,Q3455747,Régis Labeaume,Q109466737,Bruno Marchand,Who is the head of government of Quebec City?,Mayor Régis Labeaume
llama-3.1-8b,standard,1,P6:Q320514:Q7331427->Q66092414@2018-01-01,P6,Q7331427,Rick Gray,Q66092414,Danene Sorace,Who is the head of government of Lancaster?,"The mayor of Lancaster is the head of the city government in Lancaster, Pennsylvania. The mayor is elected to a four-year term"
llama-3.1-8b,tas,1,P6:Q320514:Q7331427->Q66092414@2018-01-01,P6,Q7331427,Rick Gray,Q66092414,Danene Sorace,Who is the head of government of Lancaster?,
llama-3.1-8b,iti,1,P6:Q320514:Q7331427->Q66092414@2018-01-01,P6,Q7331427,Rick Gray,Q66092414,Danene Sorace,Who is the head of government of Lancaster?,Mayor
llama-3.1-8b,standard,1,P6:Q15092:Q2831767->Q8195118@2011-07-30,P6,Q2831767,Alberto Fabra,Q8195118,Alfonso Bataller Vicent,Who is the head of government of Castellón de la Plana?,Who is the head of government of Castellón de la Plana?
llama-3.1-8b,tas,1,P6:Q15092:Q2831767->Q8195118@2011-07-30,P6,Q2831767,Alberto Fabra,Q8195118,Alfonso Bataller Vicent,Who is the head of government of Castellón de la Plana?,
llama-3.1-8b,iti,1,P6:Q15092:Q2831767->Q8195118@2011-07-30,P6,Q2831767,Alberto Fabra,Q8195118,Alfonso Bataller Vicent,Who is the head of government of Castellón de la Plana?,Mayor of Castellón de la Plana
llama-3.1-8b,standard,1,P6:Q15092:Q8195118->Q20994748@2015-06-13,P6,Q8195118,Alfonso Bataller Vicent,Q20994748,Amparo Marco,Who is the head of government of Castellón de la Plana?,Who is the head of government of Castellón de la Plana?
llama-3.1-8b,tas,1,P6:Q15092:Q8195118->Q20994748@2015-06-13,P6,Q8195118,Alfonso Bataller Vicent,Q20994748,Amparo Marco,Who is the head of government of Castellón de la Plana?,
llama-3.1-8b,iti,1,P6:Q15092:Q8195118->Q20994748@2015-06-13,P6,Q8195118,Alfonso Bataller Vicent,Q20994748,Amparo Marco,Who is the head of government of Castellón de la Plana?,Mayor of Castellón de la Plana
llama-3.1-8b,standard,1,P6:Q9897:Q2832366->Q2265306@2012-09-20,P6,Q2832366,Pieter Litjens,Q2265306,Theo van Eijk,Who is the head of government of Aalsmeer?,The mayor of Aalsmeer is the head of the local government in Aalsmeer. The mayor is elected by the municipal
llama-3.1-8b,tas,1,P6:Q9897:Q2832366->Q2265306@2012-09-20,P6,Q2832366,Pieter Litjens,Q2265306,Theo van Eijk,Who is the head of government of Aalsmeer?,
llama-3.1-8b,iti,1,P6:Q9897:Q2832366->Q2265306@2012-09-20,P6,Q2832366,Pieter Litjens,Q2265306,Theo van Eijk,Who is the head of government of Aalsmeer?,Mayor
llama-3.1-8b,standard,1,P6:Q9897:Q2265306->Q15392401@2013-06-04,P6,Q2265306,Theo van Eijk,Q15392401,Jobke Vonk-Vedder,Who is the head of government of Aalsmeer?,The mayor of Aalsmeer is the head of the local government in Aalsmeer. The mayor is elected by the municipal
llama-3.1-8b,tas,1,P6:Q9897:Q2265306->Q15392401@2013-06-04,P6,Q2265306,Theo van Eijk,Q15392401,Jobke Vonk-Vedder,Who is the head of government of Aalsmeer?,
llama-3.1-8b,iti,1,P6:Q9897:Q2265306->Q15392401@2013-06-04,P6,Q2265306,Theo van Eijk,Q15392401,Jobke Vonk-Vedder,Who is the head of government of Aalsmeer?,Mayor
llama-3.1-8b,standard,1,P6:Q9897:Q15392401->Q19921863@2015-05-13,P6,Q15392401,Jobke Vonk-Vedder,Q19921863,Jeroen Nobel,Who is the head of government of Aalsmeer?,The mayor of Aalsmeer is the head of the local government in Aalsmeer. The mayor is elected by the municipal
llama-3.1-8b,tas,1,P6:Q9897:Q15392401->Q19921863@2015-05-13,P6,Q15392401,Jobke Vonk-Vedder,Q19921863,Jeroen Nobel,Who is the head of government of Aalsmeer?,
llama-3.1-8b,iti,1,P6:Q9897:Q15392401->Q19921863@2015-05-13,P6,Q15392401,Jobke Vonk-Vedder,Q19921863,Jeroen Nobel,Who is the head of government of Aalsmeer?,Mayor
llama-3.1-8b,standard,1,P6:Q9897:Q19921863->Q63223781@2019-04-16,P6,Q19921863,Jeroen Nobel,Q63223781,Gido Oude Kotte,Who is the head of government of Aalsmeer?,The mayor of Aalsmeer is the head of the local government in Aalsmeer. The mayor is elected by the municipal
llama-3.1-8b,tas,1,P6:Q9897:Q19921863->Q63223781@2019-04-16,P6,Q19921863,Jeroen Nobel,Q63223781,Gido Oude Kotte,Who is the head of government of Aalsmeer?,
llama-3.1-8b,iti,1,P6:Q9897:Q19921863->Q63223781@2019-04-16,P6,Q19921863,Jeroen Nobel,Q63223781,Gido Oude Kotte,Who is the head of government of Aalsmeer?,Mayor
llama-3.1-8b,standard,1,P6:Q484116:Q11071205->Q25427705@2015-01-01,P6,Q11071205,Rolv Kristen Øygard,Q25427705,Elias Sperstad,Who is the head of government of Skjåk Municipality?,The head of government of Skjåk Municipality is the mayor. The mayor is elected by the municipal council. The
llama-3.1-8b,tas,1,P6:Q484116:Q11071205->Q25427705@2015-01-01,P6,Q11071205,Rolv Kristen Øygard,Q25427705,Elias Sperstad,Who is the head of government of Skjåk Municipality?,
llama-3.1-8b,iti,1,P6:Q484116:Q11071205->Q25427705@2015-01-01,P6,Q11071205,Rolv Kristen Øygard,Q25427705,Elias Sperstad,Who is the head of government of Skjåk Municipality?,"Municipality of Skjåk is a municipality in Oppland county, Norway. The administrative centre of the municipality is"
llama-3.1-8b,standard,1,P6:Q484116:Q25427705->Q83235007@2019-01-01,P6,Q25427705,Elias Sperstad,Q83235007,Edel Kveen,Who is the head of government of Skjåk Municipality?,The head of government of Skjåk Municipality is the mayor. The mayor is elected by the municipal council. The
llama-3.1-8b,tas,1,P6:Q484116:Q25427705->Q83235007@2019-01-01,P6,Q25427705,Elias Sperstad,Q83235007,Edel Kveen,Who is the head of government of Skjåk Municipality?,
llama-3.1-8b,iti,1,P6:Q484116:Q25427705->Q83235007@2019-01-01,P6,Q25427705,Elias Sperstad,Q83235007,Edel Kveen,Who is the head of government of Skjåk Municipality?,"Municipality of Skjåk is a municipality in Oppland county, Norway. The administrative centre of the municipality is"
llama-3.1-8b,standard,1,P6:Q48848:Q11066603->Q47450971@2015-01-01,P6,Q11066603,Jan Eirik Jensen,Q47450971,Steinar Halvorsen,Who is the head of government of Loppa Municipality?,The head of government of Loppa Municipality is the mayor. The mayor is elected by the municipal council. The mayor
llama-3.1-8b,tas,1,P6:Q48848:Q11066603->Q47450971@2015-01-01,P6,Q11066603,Jan Eirik Jensen,Q47450971,Steinar Halvorsen,Who is the head of government of Loppa Municipality?,
llama-3.1-8b,iti,1,P6:Q48848:Q11066603->Q47450971@2015-01-01,P6,Q11066603,Jan Eirik Jensen,Q47450971,Steinar Halvorsen,Who is the head of government of Loppa Municipality?,"Municipality of Loppa is a municipality in Finnmark county, Norway. The administrative centre of the municipality is the village"
llama-3.1-8b,standard,1,P6:Q48848:Q47450971->Q95986326@2019-01-01,P6,Q47450971,Steinar Halvorsen,Q95986326,Stein Thomassen,Who is the head of government of Loppa Municipality?,The head of government of Loppa Municipality is the mayor. The mayor is elected by the municipal council. The mayor
llama-3.1-8b,tas,1,P6:Q48848:Q47450971->Q95986326@2019-01-01,P6,Q47450971,Steinar Halvorsen,Q95986326,Stein Thomassen,Who is the head of government of Loppa Municipality?,
llama-3.1-8b,iti,1,P6:Q48848:Q47450971->Q95986326@2019-01-01,P6,Q47450971,Steinar Halvorsen,Q95986326,Stein Thomassen,Who is the head of government of Loppa Municipality?,"Municipality of Loppa is a municipality in Finnmark county, Norway. The administrative centre of the municipality is the village"
llama-3.1-8b,standard,1,P6:Q487538:Q11222912->Q11977977@2015-01-01,P6,Q11222912,Rolf Steffensen,Q11977977,Jan-Folke Sandnes,Who is the head of government of Hamarøy Municipality?,The head of government of Hamarøy Municipality is the mayor. The mayor is elected by the municipal council. The mayor
llama-3.1-8b,tas,1,P6:Q487538:Q11222912->Q11977977@2015-01-01,P6,Q11222912,Rolf Steffensen,Q11977977,Jan-Folke Sandnes,Who is the head of government of Hamarøy Municipality?,
llama-3.1-8b,iti,1,P6:Q487538:Q11222912->Q11977977@2015-01-01,P6,Q11222912,Rolf Steffensen,Q11977977,Jan-Folke Sandnes,Who is the head of government of Hamarøy Municipality?,Mayor of Hamarøy Municipality is the head of the municipal council. The mayor is elected for a term of four years
llama-3.1-8b,standard,1,P6:Q487538:Q11977977->Q86944324@2019-01-01,P6,Q11977977,Jan-Folke Sandnes,Q86944324,Britt Helen Kristoffersen,Who is the head of government of Hamarøy Municipality?,The head of government of Hamarøy Municipality is the mayor. The mayor is elected by the municipal council. The mayor
llama-3.1-8b,tas,1,P6:Q487538:Q11977977->Q86944324@2019-01-01,P6,Q11977977,Jan-Folke Sandnes,Q86944324,Britt Helen Kristoffersen,Who is the head of government of Hamarøy Municipality?,
llama-3.1-8b,iti,1,P6:Q487538:Q11977977->Q86944324@2019-01-01,P6,Q11977977,Jan-Folke Sandnes,Q86944324,Britt Helen Kristoffersen,Who is the head of government of Hamarøy Municipality?,Mayor of Hamarøy Municipality is the head of the municipal council. The mayor is elected for a term of four years
llama-3.1-8b,standard,1,P6:Q62266:Q11224468->Q11968154@2015-01-01,P6,Q11224468,Bjørn Tømmerdal,Q11968154,Eva Vinje Aurdal,Who is the head of government of Ålesund Municipality?,The head of government of Ålesund Municipality is the mayor of Ålesund Municipality. The mayor is elected by
llama-3.1-8b,tas,1,P6:Q62266:Q11224468->Q11968154@2015-01-01,P6,Q11224468,Bjørn Tømmerdal,Q11968154,Eva Vinje Aurdal,Who is the head of government of Ålesund Municipality?,
llama-3.1-8b,iti,1,P6:Q62266:Q11224468->Q11968154@2015-01-01,P6,Q11224468,Bjørn Tømmerdal,Q11968154,Eva Vinje Aurdal,Who is the head of government of Ålesund Municipality?,"Municipality of Ålesund is a municipality in Møre og Romsdal county, Norway. It is located in the"
llama-3.1-8b,standard,1,P6:Q494688:Q11961281->Q21112761@2015-01-01,P6,Q11961281,Bjørg Tingstad,Q21112761,Trygve Jonny Sandvik,Who is the head of government of Fosnes Municipality?,The head of government of Fosnes Municipality is the mayor. The mayor is elected by the municipal council. The mayor
llama-3.1-8b,tas,1,P6:Q494688:Q11961281->Q21112761@2015-01-01,P6,Q11961281,Bjørg Tingstad,Q21112761,Trygve Jonny Sandvik,Who is the head of government of Fosnes Municipality?,
llama-3.1-8b,iti,1,P6:Q494688:Q11961281->Q21112761@2015-01-01,P6,Q11961281,Bjørg Tingstad,Q21112761,Trygve Jonny Sandvik,Who is the head of government of Fosnes Municipality?,"Municipality of Fosnes is a municipality in Trøndelag county, Norway. The administrative centre of the municipality"
llama-3.1-8b,standard,1,P6:Q2372:Q11982807->Q28717773@2015-01-01,P6,Q11982807,Kåre Preben Hegland,Q28717773,Jone Blikra,Who is the head of government of Kragerø?,The head of government of Kragerø is the person who is responsible for the day-to-day administration of the municipality. The
llama-3.1-8b,tas,1,P6:Q2372:Q11982807->Q28717773@2015-01-01,P6,Q11982807,Kåre Preben Hegland,Q28717773,Jone Blikra,Who is the head of government of Kragerø?,
llama-3.1-8b,iti,1,P6:Q2372:Q11982807->Q28717773@2015-01-01,P6,Q11982807,Kåre Preben Hegland,Q28717773,Jone Blikra,Who is the head of government of Kragerø?,"Kragerø is a municipality in Vestfold og Telemark county, Norway. It is located in the traditional district of"
llama-3.1-8b,standard,1,P6:Q2372:Q28717773->Q84466515@2019-01-01,P6,Q28717773,Jone Blikra,Q84466515,Grunde Wegar Knudsen,Who is the head of government of Kragerø?,The head of government of Kragerø is the person who is responsible for the day-to-day administration of the municipality. The
llama-3.1-8b,tas,1,P6:Q2372:Q28717773->Q84466515@2019-01-01,P6,Q28717773,Jone Blikra,Q84466515,Grunde Wegar Knudsen,Who is the head of government of Kragerø?,
llama-3.1-8b,iti,1,P6:Q2372:Q28717773->Q84466515@2019-01-01,P6,Q28717773,Jone Blikra,Q84466515,Grunde Wegar Knudsen,Who is the head of government of Kragerø?,"Kragerø is a municipality in Vestfold og Telemark county, Norway. It is located in the traditional district of"
llama-3.1-8b,standard,1,P6:Q488388:Q12003849->Q25426826@2015-01-01,P6,Q12003849,Ståle Vaag,Q25426826,Odd Jarle Svanem,Who is the head of government of Hemne Municipality?,The mayor is the head of the municipal council and the head of the executive branch of the municipality. The mayor is elected for
llama-3.1-8b,tas,1,P6:Q488388:Q12003849->Q25426826@2015-01-01,P6,Q12003849,Ståle Vaag,Q25426826,Odd Jarle Svanem,Who is the head of government of Hemne Municipality?,
llama-3.1-8b,iti,1,P6:Q488388:Q12003849->Q25426826@2015-01-01,P6,Q12003849,Ståle Vaag,Q25426826,Odd Jarle Svanem,Who is the head of government of Hemne Municipality?,Mayor of Hemne Municipality is the head of the municipal council and the municipal administration. The mayor is elected by the municipal
llama-3.1-8b,standard,1,P6:Q15415:Q130644548->Q14039842@2011-05-23,P6,Q130644548,Maria Neus Bulbena Burdó,Q14039842,Meritxell Budó i Pla,Who is the head of government of La Garriga?,Who is the mayor of La Garriga?
llama-3.1-8b,tas,1,P6:Q15415:Q130644548->Q14039842@2011-05-23,P6,Q130644548,Maria Neus Bulbena Burdó,Q14039842,Meritxell Budó i Pla,Who is the head of government of La Garriga?,
llama-3.1-8b,iti,1,P6:Q15415:Q130644548->Q14039842@2011-05-23,P6,Q130644548,Maria Neus Bulbena Burdó,Q14039842,Meritxell Budó i Pla,Who is the head of government of La Garriga?,Mayor of La Garriga
llama-3.1-8b,standard,1,P6:Q15415:Q14039842->Q88869549@2019-05-26,P6,Q14039842,Meritxell Budó i Pla,Q88869549,Dolors Castellà Puig,Who is the head of government of La Garriga?,Who is the mayor of La Garriga?
llama-3.1-8b,tas,1,P6:Q15415:Q14039842->Q88869549@2019-05-26,P6,Q14039842,Meritxell Budó i Pla,Q88869549,Dolors Castellà Puig,Who is the head of government of La Garriga?,
llama-3.1-8b,iti,1,P6:Q15415:Q14039842->Q88869549@2019-05-26,P6,Q14039842,Meritxell Budó i Pla,Q88869549,Dolors Castellà Puig,Who is the head of government of La Garriga?,Mayor of La Garriga
llama-3.1-8b,standard,1,P6:Q985390:Q16439392->Q60175871@2018-12-13,P6,Q16439392,Cécile Hemmen,Q60175871,Vincent Reding,Who is the head of government of Weiler-la-Tour?,Who is the head of government of Weiler-la-Tour?
llama-3.1-8b,tas,1,P6:Q985390:Q16439392->Q60175871@2018-12-13,P6,Q16439392,Cécile Hemmen,Q60175871,Vincent Reding,Who is the head of government of Weiler-la-Tour?,
llama-3.1-8b,iti,1,P6:Q985390:Q16439392->Q60175871@2018-12-13,P6,Q16439392,Cécile Hemmen,Q60175871,Vincent Reding,Who is the head of government of Weiler-la-Tour?,Mayor of Weiler-la-Tour
llama-3.1-8b,standard,1,P6:Q14960:Q12049704->Q17541652@2014-11-25,P6,Q12049704,Roman Onderka,Q17541652,Petr Vokřál,Who is the head of government of Brno?,Who is the head of government of Brno?
llama-3.1-8b,tas,1,P6:Q14960:Q12049704->Q17541652@2014-11-25,P6,Q12049704,Roman Onderka,Q17541652,Petr Vokřál,Who is the head of government of Brno?,
llama-3.1-8b,iti,1,P6:Q14960:Q12049704->Q17541652@2014-11-25,P6,Q12049704,Roman Onderka,Q17541652,Petr Vokřál,Who is the head of government of Brno?,Mayor of Brno
llama-3.1-8b,standard,1,P6:Q158239:Q12037571->Q24708176@2010-11-11,P6,Q12037571,Miloš Malý,Q24708176,Daniela Hebnarová,Who is the head of government of Kroměříž?,Who is the head of government of Kroměříž?
llama-3.1-8b,tas,1,P6:Q158239:Q12037571->Q24708176@2010-11-11,P6,Q12037571,Miloš Malý,Q24708176,Daniela Hebnarová,Who is the head of government of Kroměříž?,
llama-3.1-8b,iti,1,P6:Q158239:Q12037571->Q24708176@2010-11-11,P6,Q12037571,Miloš Malý,Q24708176,Daniela Hebnarová,Who is the head of government of Kroměříž?,Mayor of Kroměříž
llama-3.1-8b,standard,1,P6:Q158239:Q24708176->Q54179972@2014-11-06,P6,Q24708176,Daniela Hebnarová,Q54179972,Jaroslav Němec,Who is the head of government of Kroměříž?,Who is the head of government of Kroměříž?
llama-3.1-8b,tas,1,P6:Q158239:Q24708176->Q54179972@2014-11-06,P6,Q24708176,Daniela Hebnarová,Q54179972,Jaroslav Němec,Who is the head of government of Kroměříž?,
llama-3.1-8b,iti,1,P6:Q158239:Q24708176->Q54179972@2014-11-06,P6,Q24708176,Daniela Hebnarová,Q54179972,Jaroslav Němec,Who is the head of government of Kroměříž?,Mayor of Kroměříž
llama-3.1-8b,standard,1,P6:Q158239:Q54179972->Q123347931@2022-10-20,P6,Q54179972,Jaroslav Němec,Q123347931,Tomáš Opatrný,Who is the head of government of Kroměříž?,Who is the head of government of Kroměříž?
llama-3.1-8b,tas,1,P6:Q158239:Q54179972->Q123347931@2022-10-20,P6,Q54179972,Jaroslav Němec,Q123347931,Tomáš Opatrný,Who is the head of government of Kroměříž?,
llama-3.1-8b,iti,1,P6:Q158239:Q54179972->Q123347931@2022-10-20,P6,Q54179972,Jaroslav Němec,Q123347931,Tomáš Opatrný,Who is the head of government of Kroměříž?,Mayor of Kroměříž
llama-3.1-8b,standard,1,P6:Q16733:Q14043165->Q66759171@2019-01-01,P6,Q14043165,Albert Miralda Sellarés,Q66759171,Georgina Mercadal Viñals,Who is the head of government of Sant Salvador de Guardiola?,Who is the head of government of Sant Salvador de Guardiola?
llama-3.1-8b,tas,1,P6:Q16733:Q14043165->Q66759171@2019-01-01,P6,Q14043165,Albert Miralda Sellarés,Q66759171,Georgina Mercadal Viñals,Who is the head of government of Sant Salvador de Guardiola?,
llama-3.1-8b,iti,1,P6:Q16733:Q14043165->Q66759171@2019-01-01,P6,Q14043165,Albert Miralda Sellarés,Q66759171,Georgina Mercadal Viñals,Who is the head of government of Sant Salvador de Guardiola?,Antoni Comas i Roca
llama-3.1-8b,standard,1,P6:Q1425064:Q12311391->Q12339190@2010-01-01,P6,Q12311391,Finn Madsen,Q12339190,Thomas Adelskov,Who is the head of government of Odsherred Municipality?,The head of government is the mayor. The mayor is elected by the municipal council. The mayor is the head of the municipal
llama-3.1-8b,tas,1,P6:Q1425064:Q12311391->Q12339190@2010-01-01,P6,Q12311391,Finn Madsen,Q12339190,Thomas Adelskov,Who is the head of government of Odsherred Municipality?,
llama-3.1-8b,iti,1,P6:Q1425064:Q12311391->Q12339190@2010-01-01,P6,Q12311391,Finn Madsen,Q12339190,Thomas Adelskov,Who is the head of government of Odsherred Municipality?,Municipality of Odsherred is a municipality in Region Zealand in Denmark. The municipality covers an area of 321 km²
llama-3.1-8b,standard,1,P6:Q1425064:Q12339190->Q110359532@2022-01-01,P6,Q12339190,Thomas Adelskov,Q110359532,Karina Vincentz Andersen,Who is the head of government of Odsherred Municipality?,The head of government is the mayor. The mayor is elected by the municipal council. The mayor is the head of the municipal
llama-3.1-8b,tas,1,P6:Q1425064:Q12339190->Q110359532@2022-01-01,P6,Q12339190,Thomas Adelskov,Q110359532,Karina Vincentz Andersen,Who is the head of government of Odsherred Municipality?,
llama-3.1-8b,iti,1,P6:Q1425064:Q12339190->Q110359532@2022-01-01,P6,Q12339190,Thomas Adelskov,Q110359532,Karina Vincentz Andersen,Who is the head of government of Odsherred Municipality?,Municipality of Odsherred is a municipality in Region Zealand in Denmark. The municipality covers an area of 321 km²
llama-3.1-8b,standard,1,P6:Q21150:Q12309495->Q110359525@2022-01-01,P6,Q12309495,Egon Fræhr,Q110359525,Frank Schmidt-Hansen,Who is the head of government of Vejen Municipality?,The head of government of Vejen Municipality is the mayor. The mayor is elected by the municipal council. The mayor is
llama-3.1-8b,tas,1,P6:Q21150:Q12309495->Q110359525@2022-01-01,P6,Q12309495,Egon Fræhr,Q110359525,Frank Schmidt-Hansen,Who is the head of government of Vejen Municipality?,
llama-3.1-8b,iti,1,P6:Q21150:Q12309495->Q110359525@2022-01-01,P6,Q12309495,Egon Fræhr,Q110359525,Frank Schmidt-Hansen,Who is the head of government of Vejen Municipality?,"Municipality of Vejen is a municipality in Region of Southern Denmark. The municipality covers an area of 1, 205"
llama-3.1-8b,standard,1,P6:Q26586:Q12303168->Q12301429@2018-01-01,P6,Q12303168,Bent Hansen,Q12301429,Anders Kühnau,Who is the head of government of Central Denmark?,The head of government of Central Denmark is the person who is responsible for the day-to-day administration of the region. The head
llama-3.1-8b,tas,1,P6:Q26586:Q12303168->Q12301429@2018-01-01,P6,Q12303168,Bent Hansen,Q12301429,Anders Kühnau,Who is the head of government of Central Denmark?,
llama-3.1-8b,iti,1,P6:Q26586:Q12303168->Q12301429@2018-01-01,P6,Q12303168,Bent Hansen,Q12301429,Anders Kühnau,Who is the head of government of Central Denmark?,Nicolai Wammen
llama-3.1-8b,standard,1,P6:Q27967:Q12311360->Q15551215@2014-01-01,P6,Q12311360,Finn Brunse,Q15551215,Søren Steen Andersen,Who is the head of government of Assens Municipality?,The head of government of Assens Municipality is the mayor. The mayor is elected for a four-year term by the municipal
llama-3.1-8b,tas,1,P6:Q27967:Q12311360->Q15551215@2014-01-01,P6,Q12311360,Finn Brunse,Q15551215,Søren Steen Andersen,Who is the head of government of Assens Municipality?,
llama-3.1-8b,iti,1,P6:Q27967:Q12311360->Q15551215@2014-01-01,P6,Q12311360,Finn Brunse,Q15551215,Søren Steen Andersen,Who is the head of government of Assens Municipality?,Municipality of Assens is a municipality in Region of Southern Denmark. The municipality is located in the eastern part of the island
llama-3.1-8b,standard,1,P6:Q493285:Q12310400->Q46996609@2018-01-01,P6,Q12310400,Erik Nørreby,Q46996609,Sofie Valbjørn,Who is the head of government of Fanø Municipality?,The head of government of Fanø Municipality is the mayor. The mayor is elected for a four-year term and is the
llama-3.1-8b,tas,1,P6:Q493285:Q12310400->Q46996609@2018-01-01,P6,Q12310400,Erik Nørreby,Q46996609,Sofie Valbjørn,Who is the head of government of Fanø Municipality?,
llama-3.1-8b,iti,1,P6:Q493285:Q12310400->Q46996609@2018-01-01,P6,Q12310400,Erik Nørreby,Q46996609,Sofie Valbjørn,Who is the head of government of Fanø Municipality?,Municipality of Fanø is a municipality in Region of Southern Denmark. The municipality covers the island of Fanø and the northern
llama-3.1-8b,standard,1,P6:Q493285:Q46996609->Q110359524@2022-01-01,P6,Q46996609,Sofie Valbjørn,Q110359524,Frank Jensen,Who is the head of government of Fanø Municipality?,The head of government of Fanø Municipality is the mayor. The mayor is elected for a four-year term and is the
llama-3.1-8b,tas,1,P6:Q493285:Q46996609->Q110359524@2022-01-01,P6,Q46996609,Sofie Valbjørn,Q110359524,Frank Jensen,Who is the head of government of Fanø Municipality?,
llama-3.1-8b,iti,1,P6:Q493285:Q46996609->Q110359524@2022-01-01,P6,Q46996609,Sofie Valbjørn,Q110359524,Frank Jensen,Who is the head of government of Fanø Municipality?,Municipality of Fanø is a municipality in Region of Southern Denmark. The municipality covers the island of Fanø and the northern
llama-3.1-8b,standard,1,P6:Q504977:Q12315240->Q28759753@2014-01-01,P6,Q12315240,Hans Barlach,Q28759753,Pernille Beckmann,Who is the head of government of Greve Municipality?,The mayor is the head of the municipal council and the head of the executive branch of the municipality. The mayor is elected by
llama-3.1-8b,tas,1,P6:Q504977:Q12315240->Q28759753@2014-01-01,P6,Q12315240,Hans Barlach,Q28759753,Pernille Beckmann,Who is the head of government of Greve Municipality?,
llama-3.1-8b,iti,1,P6:Q504977:Q12315240->Q28759753@2014-01-01,P6,Q12315240,Hans Barlach,Q28759753,Pernille Beckmann,Who is the head of government of Greve Municipality?,"Municipality of Greve is a municipality in Region Zealand in Denmark. The municipality covers an area of 1,000 km"
llama-3.1-8b,standard,1,P6:Q512595:Q12305482->Q46996677@2018-01-01,P6,Q12305482,Carsten Kissmeyer,Q46996677,Ib Boye Lauritsen,Who is the head of government of Ikast-Brande Municipality?,The head of government of Ikast-Brande Municipality is the mayor. The mayor is elected by the municipal council.
llama-3.1-8b,tas,1,P6:Q512595:Q12305482->Q46996677@2018-01-01,P6,Q12305482,Carsten Kissmeyer,Q46996677,Ib Boye Lauritsen,Who is the head of government of Ikast-Brande Municipality?,
llama-3.1-8b,iti,1,P6:Q512595:Q12305482->Q46996677@2018-01-01,P6,Q12305482,Carsten Kissmeyer,Q46996677,Ib Boye Lauritsen,Who is the head of government of Ikast-Brande Municipality?,Municipality of Ikast-Brande is a municipality in Region Midtjylland in Denmark. The municipality covers an area of
llama-3.1-8b,standard,1,P6:Q21151:Q12318688->Q30083243@2014-01-01,P6,Q12318688,Ivan Hansen,Q30083243,Gert Jørgensen,Who is the head of government of Sorø Municipality?,The mayor is the head of the municipal council and the head of the executive branch of the municipality. The mayor is elected for
llama-3.1-8b,tas,1,P6:Q21151:Q12318688->Q30083243@2014-01-01,P6,Q12318688,Ivan Hansen,Q30083243,Gert Jørgensen,Who is the head of government of Sorø Municipality?,
llama-3.1-8b,iti,1,P6:Q21151:Q12318688->Q30083243@2014-01-01,P6,Q12318688,Ivan Hansen,Q30083243,Gert Jørgensen,Who is the head of government of Sorø Municipality?,Municipality of Sorø is a municipality in Region Sjælland on the island of Zealand (Sjælland) in east
llama-3.1-8b,standard,1,P6:Q505130:Q12316024->Q21014530@2014-01-01,P6,Q12316024,Helge Friis,Q21014530,Steen Hasselriis,Who is the head of government of Halsnæs Municipality?,The head of government of Halsnæs Municipality is the mayor. The mayor is elected by the municipal council.
llama-3.1-8b,tas,1,P6:Q505130:Q12316024->Q21014530@2014-01-01,P6,Q12316024,Helge Friis,Q21014530,Steen Hasselriis,Who is the head of government of Halsnæs Municipality?,
llama-3.1-8b,iti,1,P6:Q505130:Q12316024->Q21014530@2014-01-01,P6,Q12316024,Helge Friis,Q21014530,Steen Hasselriis,Who is the head of government of Halsnæs Municipality?,Municipality of Halsnæs is a municipality in Region Hovedstaden in Denmark. It is located on the
llama-3.1-8b,standard,1,P6:Q505130:Q21014530->Q46996640@2018-01-01,P6,Q21014530,Steen Hasselriis,Q46996640,Steffen Jensen,Who is the head of government of Halsnæs Municipality?,The head of government of Halsnæs Municipality is the mayor. The mayor is elected by the municipal council.
llama-3.1-8b,tas,1,P6:Q505130:Q21014530->Q46996640@2018-01-01,P6,Q21014530,Steen Hasselriis,Q46996640,Steffen Jensen,Who is the head of government of Halsnæs Municipality?,
llama-3.1-8b,iti,1,P6:Q505130:Q21014530->Q46996640@2018-01-01,P6,Q21014530,Steen Hasselriis,Q46996640,Steffen Jensen,Who is the head of government of Halsnæs Municipality?,Municipality of Halsnæs is a municipality in Region Hovedstaden in Denmark. It is located on the
llama-3.1-8b,standard,1,P6:Q503045:Q12329990->Q12339232@2010-01-01,P6,Q12329990,Olav Aaen,Q12339232,Thomas Lykke Pedersen,Who is the head of government of Fredensborg Municipality?,The head of government of Fredensborg Municipality is the mayor of Fredensborg Municipality. The mayor is elected for
llama-3.1-8b,tas,1,P6:Q503045:Q12329990->Q12339232@2010-01-01,P6,Q12329990,Olav Aaen,Q12339232,Thomas Lykke Pedersen,Who is the head of government of Fredensborg Municipality?,
llama-3.1-8b,iti,1,P6:Q503045:Q12329990->Q12339232@2010-01-01,P6,Q12329990,Olav Aaen,Q12339232,Thomas Lykke Pedersen,Who is the head of government of Fredensborg Municipality?,Municipality of Fredensborg is a municipality in Region Hovedstaden in Denmark. It is located in the northern part
llama-3.1-8b,standard,1,P6:Q506877:Q12323862->Q104502499@2021-08-01,P6,Q12323862,Lars Krarup,Q104502499,Dorte West,Who is the head of government of Herning Municipality?,The head of government is the mayor of Herning Municipality. The mayor is elected by the municipal council. The mayor is
llama-3.1-8b,tas,1,P6:Q506877:Q12323862->Q104502499@2021-08-01,P6,Q12323862,Lars Krarup,Q104502499,Dorte West,Who is the head of government of Herning Municipality?,
llama-3.1-8b,iti,1,P6:Q506877:Q12323862->Q104502499@2021-08-01,P6,Q12323862,Lars Krarup,Q104502499,Dorte West,Who is the head of government of Herning Municipality?,"Municipality of Herning is a municipality in Region Midtjylland. The municipality covers an area of 1,323 km"
llama-3.1-8b,standard,1,P6:Q512562:Q12327254->Q12316076@2012-12-01,P6,Q12327254,Milton Graff Pedersen,Q12316076,Helle Moesgaard Adelborg,Who is the head of government of Hvidovre Municipality?,The head of government is the mayor. The mayor is elected by the municipal council. The mayor is the head of the municipal
llama-3.1-8b,tas,1,P6:Q512562:Q12327254->Q12316076@2012-12-01,P6,Q12327254,Milton Graff Pedersen,Q12316076,Helle Moesgaard Adelborg,Who is the head of government of Hvidovre Municipality?,
llama-3.1-8b,iti,1,P6:Q512562:Q12327254->Q12316076@2012-12-01,P6,Q12327254,Milton Graff Pedersen,Q12316076,Helle Moesgaard Adelborg,Who is the head of government of Hvidovre Municipality?,Municipality of Hvidovre. The municipality is located in the eastern part of the Copenhagen metropolitan area. The municipality covers
llama-3.1-8b,standard,1,P6:Q512562:Q12316076->Q109906272@2022-01-01,P6,Q12316076,Helle Moesgaard Adelborg,Q109906272,Anders Wolf Andresen,Who is the head of government of Hvidovre Municipality?,The head of government is the mayor. The mayor is elected by the municipal council. The mayor is the head of the municipal
llama-3.1-8b,tas,1,P6:Q512562:Q12316076->Q109906272@2022-01-01,P6,Q12316076,Helle Moesgaard Adelborg,Q109906272,Anders Wolf Andresen,Who is the head of government of Hvidovre Municipality?,
llama-3.1-8b,iti,1,P6:Q512562:Q12316076->Q109906272@2022-01-01,P6,Q12316076,Helle Moesgaard Adelborg,Q109906272,Anders Wolf Andresen,Who is the head of government of Hvidovre Municipality?,Municipality of Hvidovre. The municipality is located in the eastern part of the Copenhagen metropolitan area. The municipality covers
llama-3.1-8b,standard,1,P6:Q612488:Q12330871->Q12336428@2010-01-01,P6,Q12330871,Palle Hansborg-Sørensen,Q12336428,Sonja Rasmussen,Who is the head of government of Kerteminde Municipality?,The head of government is the mayor of Kerteminde Municipality. The mayor is elected by the municipal council. The
llama-3.1-8b,tas,1,P6:Q612488:Q12330871->Q12336428@2010-01-01,P6,Q12330871,Palle Hansborg-Sørensen,Q12336428,Sonja Rasmussen,Who is the head of government of Kerteminde Municipality?,
llama-3.1-8b,iti,1,P6:Q612488:Q12330871->Q12336428@2010-01-01,P6,Q12330871,Palle Hansborg-Sørensen,Q12336428,Sonja Rasmussen,Who is the head of government of Kerteminde Municipality?,Municipality of Kerteminde is a municipality in Region of Southern Denmark. The municipality covers an area of 197 km
llama-3.1-8b,standard,1,P6:Q612488:Q12336428->Q19798424@2014-01-01,P6,Q12336428,Sonja Rasmussen,Q19798424,Hans Luunbjerg,Who is the head of government of Kerteminde Municipality?,The head of government is the mayor of Kerteminde Municipality. The mayor is elected by the municipal council. The
llama-3.1-8b,tas,1,P6:Q612488:Q12336428->Q19798424@2014-01-01,P6,Q12336428,Sonja Rasmussen,Q19798424,Hans Luunbjerg,Who is the head of government of Kerteminde Municipality?,
llama-3.1-8b,iti,1,P6:Q612488:Q12336428->Q19798424@2014-01-01,P6,Q12336428,Sonja Rasmussen,Q19798424,Hans Luunbjerg,Who is the head of government of Kerteminde Municipality?,Municipality of Kerteminde is a municipality in Region of Southern Denmark. The municipality covers an area of 197 km
llama-3.1-8b,standard,1,P6:Q612488:Q19798424->Q46996693@2018-01-01,P6,Q19798424,Hans Luunbjerg,Q46996693,Kasper Ejsing Olesen,Who is the head of government of Kerteminde Municipality?,The head of government is the mayor of Kerteminde Municipality. The mayor is elected by the municipal council. The
llama-3.1-8b,tas,1,P6:Q612488:Q19798424->Q46996693@2018-01-01,P6,Q19798424,Hans Luunbjerg,Q46996693,Kasper Ejsing Olesen,Who is the head of government of Kerteminde Municipality?,
llama-3.1-8b,iti,1,P6:Q612488:Q19798424->Q46996693@2018-01-01,P6,Q19798424,Hans Luunbjerg,Q46996693,Kasper Ejsing Olesen,Who is the head of government of Kerteminde Municipality?,Municipality of Kerteminde is a municipality in Region of Southern Denmark. The municipality covers an area of 197 km
llama-3.1-8b,standard,1,P6:Q64032:Q15018599->Q18648730@2014-01-01,P6,Q15018599,Martin Bornhauser,Q18648730,Werner Egli,Who is the head of government of Uster?,Who is the head of government of Uster?
llama-3.1-8b,tas,1,P6:Q64032:Q15018599->Q18648730@2014-01-01,P6,Q15018599,Martin Bornhauser,Q18648730,Werner Egli,Who is the head of government of Uster?,
llama-3.1-8b,iti,1,P6:Q64032:Q15018599->Q18648730@2014-01-01,P6,Q15018599,Martin Bornhauser,Q18648730,Werner Egli,Who is the head of government of Uster?,Antonia Honegger
llama-3.1-8b,standard,1,P6:Q505156:Q16060926->Q12319064@2010-01-01,P6,Q16060926,Torben Jensen,Q12319064,Jan Petersen,Who is the head of government of Norddjurs Municipality?,The head of government of Norddjurs Municipality is the mayor. The mayor is elected by the municipal council. The mayor
llama-3.1-8b,tas,1,P6:Q505156:Q16060926->Q12319064@2010-01-01,P6,Q16060926,Torben Jensen,Q12319064,Jan Petersen,Who is the head of government of Norddjurs Municipality?,
llama-3.1-8b,iti,1,P6:Q505156:Q16060926->Q12319064@2010-01-01,P6,Q16060926,Torben Jensen,Q12319064,Jan Petersen,Who is the head of government of Norddjurs Municipality?,Municipality of Norddjurs is a municipality in Denmark. It is located in the Region Midtjylland. The municipality covers
llama-3.1-8b,standard,1,P6:Q505156:Q12319064->Q110359533@2022-01-01,P6,Q12319064,Jan Petersen,Q110359533,Kasper Bjerregaard,Who is the head of government of Norddjurs Municipality?,The head of government of Norddjurs Municipality is the mayor. The mayor is elected by the municipal council. The mayor
llama-3.1-8b,tas,1,P6:Q505156:Q12319064->Q110359533@2022-01-01,P6,Q12319064,Jan Petersen,Q110359533,Kasper Bjerregaard,Who is the head of government of Norddjurs Municipality?,
llama-3.1-8b,iti,1,P6:Q505156:Q12319064->Q110359533@2022-01-01,P6,Q12319064,Jan Petersen,Q110359533,Kasper Bjerregaard,Who is the head of government of Norddjurs Municipality?,Municipality of Norddjurs is a municipality in Denmark. It is located in the Region Midtjylland. The municipality covers
llama-3.1-8b,standard,1,P6:Q243325:Q22279264->Q54094562@2018-09-26,P6,Q22279264,Md. Moniruzzaman Moni,Q54094562,Talukder Abdul Khaleque,Who is the head of government of Khulna?,Who is the head of government of Khulna?
llama-3.1-8b,tas,1,P6:Q243325:Q22279264->Q54094562@2018-09-26,P6,Q22279264,Md. Moniruzzaman Moni,Q54094562,Talukder Abdul Khaleque,Who is the head of government of Khulna?,
llama-3.1-8b,iti,1,P6:Q243325:Q22279264->Q54094562@2018-09-26,P6,Q22279264,Md. Moniruzzaman Moni,Q54094562,Talukder Abdul Khaleque,Who is the head of government of Khulna?,Mayor of Khulna is the head of government of Khulna. The mayor of Khulna is Talukder
llama-3.1-8b,standard,1,P6:Q983635:Q20877122->Q20877118@2011-12-07,P6,Q20877122,Josep Marí Ribas,Q20877118,Neus Marí Marí,Who is the head of government of Sant Josep de sa Talaia?,Who is the head of government of Sant Josep de sa Talaia?
llama-3.1-8b,tas,1,P6:Q983635:Q20877122->Q20877118@2011-12-07,P6,Q20877122,Josep Marí Ribas,Q20877118,Neus Marí Marí,Who is the head of government of Sant Josep de sa Talaia?,
llama-3.1-8b,iti,1,P6:Q983635:Q20877122->Q20877118@2011-12-07,P6,Q20877122,Josep Marí Ribas,Q20877118,Neus Marí Marí,Who is the head of government of Sant Josep de sa Talaia?,Municipality of Sant Josep de sa Talaia
llama-3.1-8b,standard,1,P6:Q983635:Q20877118->Q20877122@2015-06-13,P6,Q20877118,Neus Marí Marí,Q20877122,Josep Marí Ribas,Who is the head of government of Sant Josep de sa Talaia?,Who is the head of government of Sant Josep de sa Talaia?
llama-3.1-8b,tas,1,P6:Q983635:Q20877118->Q20877122@2015-06-13,P6,Q20877118,Neus Marí Marí,Q20877122,Josep Marí Ribas,Who is the head of government of Sant Josep de sa Talaia?,
llama-3.1-8b,iti,1,P6:Q983635:Q20877118->Q20877122@2015-06-13,P6,Q20877118,Neus Marí Marí,Q20877122,Josep Marí Ribas,Who is the head of government of Sant Josep de sa Talaia?,Municipality of Sant Josep de sa Talaia
llama-3.1-8b,standard,1,P6:Q503159:Q51757051->Q12342848@2010-01-01,P6,Q51757051,Bo Siesjö,Q12342848,Søren Kjærsgaard,Who is the head of government of Holbæk Municipality?,The head of government of Holbæk Municipality is the mayor of Holbæk Municipality. The mayor is elected for
llama-3.1-8b,tas,1,P6:Q503159:Q51757051->Q12342848@2010-01-01,P6,Q51757051,Bo Siesjö,Q12342848,Søren Kjærsgaard,Who is the head of government of Holbæk Municipality?,
llama-3.1-8b,iti,1,P6:Q503159:Q51757051->Q12342848@2010-01-01,P6,Q51757051,Bo Siesjö,Q12342848,Søren Kjærsgaard,Who is the head of government of Holbæk Municipality?,Municipality of Holbæk is a municipality in Region Sjælland on the island of Zealand (Sjælland) in
llama-3.1-8b,standard,1,P6:Q503159:Q12342848->Q43397758@2018-01-01,P6,Q12342848,Søren Kjærsgaard,Q43397758,Christina Krzyrosiak Hansen,Who is the head of government of Holbæk Municipality?,The head of government of Holbæk Municipality is the mayor of Holbæk Municipality. The mayor is elected for
llama-3.1-8b,tas,1,P6:Q503159:Q12342848->Q43397758@2018-01-01,P6,Q12342848,Søren Kjærsgaard,Q43397758,Christina Krzyrosiak Hansen,Who is the head of government of Holbæk Municipality?,
llama-3.1-8b,iti,1,P6:Q503159:Q12342848->Q43397758@2018-01-01,P6,Q12342848,Søren Kjærsgaard,Q43397758,Christina Krzyrosiak Hansen,Who is the head of government of Holbæk Municipality?,Municipality of Holbæk is a municipality in Region Sjælland on the island of Zealand (Sjælland) in
llama-3.1-8b,standard,1,P6:Q659355:Q55230095->Q98259018@2020-07-05,P6,Q55230095,Michel Dewitte,Q98259018,Véronique Leroy,Who is the head of government of Bousignies?,The mayor of Bousignies is the head of the local government in Bousignies. The mayor is elected by
llama-3.1-8b,tas,1,P6:Q659355:Q55230095->Q98259018@2020-07-05,P6,Q55230095,Michel Dewitte,Q98259018,Véronique Leroy,Who is the head of government of Bousignies?,
llama-3.1-8b,iti,1,P6:Q659355:Q55230095->Q98259018@2020-07-05,P6,Q55230095,Michel Dewitte,Q98259018,Véronique Leroy,Who is the head of government of Bousignies?,Mayor
llama-3.1-8b,standard,1,P6:Q836075:Q72719972->Q16439120@2011-11-24,P6,Q72719972,Yves Arend,Q16439120,Emile Eicher,Who is the head of government of Clervaux?,The head of government of Clervaux is the mayor of Clervaux. The mayor is elected by the citizens of Cl
llama-3.1-8b,tas,1,P6:Q836075:Q72719972->Q16439120@2011-11-24,P6,Q72719972,Yves Arend,Q16439120,Emile Eicher,Who is the head of government of Clervaux?,
llama-3.1-8b,iti,1,P6:Q836075:Q72719972->Q16439120@2011-11-24,P6,Q72719972,Yves Arend,Q16439120,Emile Eicher,Who is the head of government of Clervaux?,"Clervaux is a commune in northern Luxembourg. It is part of the canton of Clervaux, which is part"
llama-3.1-8b,standard,1,P6:Q1064628:Q65603063->Q98246051@2020-05-25,P6,Q65603063,Gérard Taisne,Q98246051,Marie-Jo Déprez,Who is the head of government of Clary?,The head of government of Clary is the Prime Minister of Clary. The Prime Minister is the head of government of Cl
llama-3.1-8b,tas,1,P6:Q1064628:Q65603063->Q98246051@2020-05-25,P6,Q65603063,Gérard Taisne,Q98246051,Marie-Jo Déprez,Who is the head of government of Clary?,
llama-3.1-8b,iti,1,P6:Q1064628:Q65603063->Q98246051@2020-05-25,P6,Q65603063,Gérard Taisne,Q98246051,Marie-Jo Déprez,Who is the head of government of Clary?,"Clary is a small country in the heart of Europe. It is bordered by several other countries, including Germany, France,"
llama-3.1-8b,standard,1,P6:Q950923:Q66030656->Q66029714@2011-04-15,P6,Q66030656,Ivan Mahier,Q66029714,Anatol Antypienka,Who is the head of government of Lahojsk District?,Who is the head of government of Lahojsk District?
llama-3.1-8b,tas,1,P6:Q950923:Q66030656->Q66029714@2011-04-15,P6,Q66030656,Ivan Mahier,Q66029714,Anatol Antypienka,Who is the head of government of Lahojsk District?,
llama-3.1-8b,iti,1,P6:Q950923:Q66030656->Q66029714@2011-04-15,P6,Q66030656,Ivan Mahier,Q66029714,Anatol Antypienka,Who is the head of government of Lahojsk District?,Mayor of Lahojsk District
llama-3.1-8b,standard,1,P6:Q950923:Q66029714->Q66025078@2014-07-01,P6,Q66029714,Anatol Antypienka,Q66025078,Viktar Kaliada,Who is the head of government of Lahojsk District?,Who is the head of government of Lahojsk District?
llama-3.1-8b,tas,1,P6:Q950923:Q66029714->Q66025078@2014-07-01,P6,Q66029714,Anatol Antypienka,Q66025078,Viktar Kaliada,Who is the head of government of Lahojsk District?,
llama-3.1-8b,iti,1,P6:Q950923:Q66029714->Q66025078@2014-07-01,P6,Q66029714,Anatol Antypienka,Q66025078,Viktar Kaliada,Who is the head of government of Lahojsk District?,Mayor of Lahojsk District
llama-3.1-8b,standard,1,P6:Q950923:Q66025078->Q66024986@2019-03-01,P6,Q66025078,Viktar Kaliada,Q66024986,Aliaksandar Lasevich,Who is the head of government of Lahojsk District?,Who is the head of government of Lahojsk District?
llama-3.1-8b,tas,1,P6:Q950923:Q66025078->Q66024986@2019-03-01,P6,Q66025078,Viktar Kaliada,Q66024986,Aliaksandar Lasevich,Who is the head of government of Lahojsk District?,
llama-3.1-8b,iti,1,P6:Q950923:Q66025078->Q66024986@2019-03-01,P6,Q66025078,Viktar Kaliada,Q66024986,Aliaksandar Lasevich,Who is the head of government of Lahojsk District?,Mayor of Lahojsk District
llama-3.1-8b,standard,1,P6:Q986403:Q96053708->Q13101525@2011-11-21,P6,Q96053708,François Dahm,Q13101525,André Bauler,Who is the head of government of Erpeldange-sur-Sûre?,Who is the head of government of Erpeldange-sur-Sûre?
llama-3.1-8b,tas,1,P6:Q986403:Q96053708->Q13101525@2011-11-21,P6,Q96053708,François Dahm,Q13101525,André Bauler,Who is the head of government of Erpeldange-sur-Sûre?,
llama-3.1-8b,iti,1,P6:Q986403:Q96053708->Q13101525@2011-11-21,P6,Q96053708,François Dahm,Q13101525,André Bauler,Who is the head of government of Erpeldange-sur-Sûre?,Municipality of Erpeldange-sur-Sûre (Luxembourg) Comments and evaluations. The municipality of Erpeld
llama-3.1-8b,standard,1,P6:Q986403:Q13101525->Q96053362@2014-01-17,P6,Q13101525,André Bauler,Q96053362,Claude Gleis,Who is the head of government of Erpeldange-sur-Sûre?,Who is the head of government of Erpeldange-sur-Sûre?
llama-3.1-8b,tas,1,P6:Q986403:Q13101525->Q96053362@2014-01-17,P6,Q13101525,André Bauler,Q96053362,Claude Gleis,Who is the head of government of Erpeldange-sur-Sûre?,
llama-3.1-8b,iti,1,P6:Q986403:Q13101525->Q96053362@2014-01-17,P6,Q13101525,André Bauler,Q96053362,Claude Gleis,Who is the head of government of Erpeldange-sur-Sûre?,Municipality of Erpeldange-sur-Sûre (Luxembourg) Comments and evaluations. The municipality of Erpeld
llama-3.1-8b,standard,1,P6:Q21159:Q70844762->Q64151954@2011-09-01,P6,Q70844762,Rainer Maaß,Q64151954,Uwe Schmitz,Who is the head of government of Husum?,Who is the head of government of Husum?
llama-3.1-8b,tas,1,P6:Q21159:Q70844762->Q64151954@2011-09-01,P6,Q70844762,Rainer Maaß,Q64151954,Uwe Schmitz,Who is the head of government of Husum?,
llama-3.1-8b,iti,1,P6:Q21159:Q70844762->Q64151954@2011-09-01,P6,Q70844762,Rainer Maaß,Q64151954,Uwe Schmitz,Who is the head of government of Husum?,Mayor of Husum
llama-3.1-8b,standard,1,P6:Q854987:Q110812773->Q110812756@2019-01-01,P6,Q110812773,Ferenc Sándor Lehoczki,Q110812756,Ferenc Temerini,Who is the head of government of Soltvadkert?,Who is the head of government of Soltvadkert?
llama-3.1-8b,tas,1,P6:Q854987:Q110812773->Q110812756@2019-01-01,P6,Q110812773,Ferenc Sándor Lehoczki,Q110812756,Ferenc Temerini,Who is the head of government of Soltvadkert?,
llama-3.1-8b,iti,1,P6:Q854987:Q110812773->Q110812756@2019-01-01,P6,Q110812773,Ferenc Sándor Lehoczki,Q110812756,Ferenc Temerini,Who is the head of government of Soltvadkert?,Mayor of Soltvadkert
llama-3.1-8b,standard,1,P6:Q154540:Q110845248->Q110845216@2014-01-01,P6,Q110845248,Szilárd Székely,Q110845216,Győzőné Rabb,Who is the head of government of Sásd?,Who is the head of government of Sásd?
llama-3.1-8b,tas,1,P6:Q154540:Q110845248->Q110845216@2014-01-01,P6,Q110845248,Szilárd Székely,Q110845216,Győzőné Rabb,Who is the head of government of Sásd?,
llama-3.1-8b,iti,1,P6:Q154540:Q110845248->Q110845216@2014-01-01,P6,Q110845248,Szilárd Székely,Q110845216,Győzőné Rabb,Who is the head of government of Sásd?,Mayor of Sásd
llama-3.1-8b,standard,1,P6:Q154540:Q110845216->Q110844936@2019-01-01,P6,Q110845216,Győzőné Rabb,Q110844936,János Jusztinger,Who is the head of government of Sásd?,Who is the head of government of Sásd?
llama-3.1-8b,tas,1,P6:Q154540:Q110845216->Q110844936@2019-01-01,P6,Q110845216,Győzőné Rabb,Q110844936,János Jusztinger,Who is the head of government of Sásd?,
llama-3.1-8b,iti,1,P6:Q154540:Q110845216->Q110844936@2019-01-01,P6,Q110845216,Győzőné Rabb,Q110844936,János Jusztinger,Who is the head of government of Sásd?,Mayor of Sásd
llama-3.1-8b,standard,1,P6:Q431271:Q110622837->Q106782895@2020-12-01,P6,Q110622837,Anders Röhfors,Q106782895,Jonna Lindman,Who is the head of government of Arboga Municipality?,The head of government of Arboga Municipality is the mayor. The mayor is elected by the municipal council. The mayor is
llama-3.1-8b,tas,1,P6:Q431271:Q110622837->Q106782895@2020-12-01,P6,Q110622837,Anders Röhfors,Q106782895,Jonna Lindman,Who is the head of government of Arboga Municipality?,
llama-3.1-8b,iti,1,P6:Q431271:Q110622837->Q106782895@2020-12-01,P6,Q110622837,Anders Röhfors,Q106782895,Jonna Lindman,Who is the head of government of Arboga Municipality?,"Municipality of Arboga is a municipality in Västmanland County, Sweden. The municipality covers an area of"
llama-3.1-8b,standard,1,P6:Q4418748:Q114686868->Q124050751@2012-01-01,P6,Q114686868,Mohamed Hosni Al-Saisy,Q124050751,Abde Rahim Bouabid,Who is the head of government of Sidi Bennour?,Who is the head of government of Sidi Bennour?
llama-3.1-8b,tas,1,P6:Q4418748:Q114686868->Q124050751@2012-01-01,P6,Q114686868,Mohamed Hosni Al-Saisy,Q124050751,Abde Rahim Bouabid,Who is the head of government of Sidi Bennour?,
llama-3.1-8b,iti,1,P6:Q4418748:Q114686868->Q124050751@2012-01-01,P6,Q114686868,Mohamed Hosni Al-Saisy,Q124050751,Abde Rahim Bouabid,Who is the head of government of Sidi Bennour?,Mayor of Sidi Bennour
llama-3.1-8b,standard,1,P6:Q4418748:Q124050751->Q124049979@2017-01-01,P6,Q124050751,Abde Rahim Bouabid,Q124049979,Abdul Latif Belbir,Who is the head of government of Sidi Bennour?,Who is the head of government of Sidi Bennour?
llama-3.1-8b,tas,1,P6:Q4418748:Q124050751->Q124049979@2017-01-01,P6,Q124050751,Abde Rahim Bouabid,Q124049979,Abdul Latif Belbir,Who is the head of government of Sidi Bennour?,
llama-3.1-8b,iti,1,P6:Q4418748:Q124050751->Q124049979@2017-01-01,P6,Q124050751,Abde Rahim Bouabid,Q124049979,Abdul Latif Belbir,Who is the head of government of Sidi Bennour?,Mayor of Sidi Bennour
llama-3.1-8b,standard,1,P6:Q4418748:Q124049979->Q124049931@2021-01-01,P6,Q124049979,Abdul Latif Belbir,Q124049931,Abdel Moeed Asaad,Who is the head of government of Sidi Bennour?,Who is the head of government of Sidi Bennour?
llama-3.1-8b,tas,1,P6:Q4418748:Q124049979->Q124049931@2021-01-01,P6,Q124049979,Abdul Latif Belbir,Q124049931,Abdel Moeed Asaad,Who is the head of government of Sidi Bennour?,
llama-3.1-8b,iti,1,P6:Q4418748:Q124049979->Q124049931@2021-01-01,P6,Q124049979,Abdul Latif Belbir,Q124049931,Abdel Moeed Asaad,Who is the head of government of Sidi Bennour?,Mayor of Sidi Bennour
llama-3.1-8b,standard,1,P6:Q7730:Q21104120->Q4142768@2019-12-12,P6,Q21104120,Alexander Levintal,Q4142768,Rostislav Goldstein,Who is the head of government of Jewish Autonomous Oblast?,Who is the head of government of Jewish Autonomous Oblast?
llama-3.1-8b,tas,1,P6:Q7730:Q21104120->Q4142768@2019-12-12,P6,Q21104120,Alexander Levintal,Q4142768,Rostislav Goldstein,Who is the head of government of Jewish Autonomous Oblast?,
llama-3.1-8b,iti,1,P6:Q7730:Q21104120->Q4142768@2019-12-12,P6,Q21104120,Alexander Levintal,Q4142768,Rostislav Goldstein,Who is the head of government of Jewish Autonomous Oblast?,Nicolai Volkov
llama-3.1-8b,standard,1,P6:Q1948:Q178944->Q2924976@2016-05-03,P6,Q178944,Greg Selinger,Q2924976,Brian Pallister,Who is the head of government of Manitoba?,The head of government of Manitoba is the Premier of Manitoba. The Premier is the leader of the party with the most seats in
llama-3.1-8b,tas,1,P6:Q1948:Q178944->Q2924976@2016-05-03,P6,Q178944,Greg Selinger,Q2924976,Brian Pallister,Who is the head of government of Manitoba?,
llama-3.1-8b,iti,1,P6:Q1948:Q178944->Q2924976@2016-05-03,P6,Q178944,Greg Selinger,Q2924976,Brian Pallister,Who is the head of government of Manitoba?,"Ludlow, Manitoba, Canada. The head of government of Manitoba is the Premier of Manitoba. The current Premier is Brian Pall"
llama-3.1-8b,standard,1,P6:Q365:Q54678->Q19285371@2015-10-02,P6,Q54678,Jürgen Roters,Q19285371,Henriette Reker,Who is the head of government of Cologne?,Who is the head of government of Cologne?
llama-3.1-8b,tas,1,P6:Q365:Q54678->Q19285371@2015-10-02,P6,Q54678,Jürgen Roters,Q19285371,Henriette Reker,Who is the head of government of Cologne?,
llama-3.1-8b,iti,1,P6:Q365:Q54678->Q19285371@2015-10-02,P6,Q54678,Jürgen Roters,Q19285371,Henriette Reker,Who is the head of government of Cologne?,Mayor Henriette Reker
llama-3.1-8b,standard,1,P6:Q80011:Q449915->Q11568706@2021-04-05,P6,Q449915,Kensaku Morita,Q11568706,Toshihito Kumagai,Who is the head of government of Chiba Prefecture?,The governor of Chiba Prefecture is the head of the government of Chiba Prefecture. The governor is elected by the
llama-3.1-8b,tas,1,P6:Q80011:Q449915->Q11568706@2021-04-05,P6,Q449915,Kensaku Morita,Q11568706,Toshihito Kumagai,Who is the head of government of Chiba Prefecture?,
llama-3.1-8b,iti,1,P6:Q80011:Q449915->Q11568706@2021-04-05,P6,Q449915,Kensaku Morita,Q11568706,Toshihito Kumagai,Who is the head of government of Chiba Prefecture?,Mayor of Chiba Prefecture
llama-3.1-8b,standard,1,P6:Q16555:Q213847->Q16751186@2016-01-02,P6,Q213847,Annise Parker,Q16751186,Sylvester Turner,Who is the head of government of Houston?,Houston City Council
llama-3.1-8b,tas,1,P6:Q16555:Q213847->Q16751186@2016-01-02,P6,Q213847,Annise Parker,Q16751186,Sylvester Turner,Who is the head of government of Houston?,
llama-3.1-8b,iti,1,P6:Q16555:Q213847->Q16751186@2016-01-02,P6,Q213847,Annise Parker,Q16751186,Sylvester Turner,Who is the head of government of Houston?,Mayor Sylvester Turner
llama-3.1-8b,standard,1,P6:Q1197:Q62093->Q2120880@2013-02-19,P6,Q62093,David McAllister,Q2120880,Stephan Weil,Who is the head of government of Lower Saxony?,Who is the head of government of Lower Saxony?
llama-3.1-8b,tas,1,P6:Q1197:Q62093->Q2120880@2013-02-19,P6,Q62093,David McAllister,Q2120880,Stephan Weil,Who is the head of government of Lower Saxony?,
llama-3.1-8b,iti,1,P6:Q1197:Q62093->Q2120880@2013-02-19,P6,Q62093,David McAllister,Q2120880,Stephan Weil,Who is the head of government of Lower Saxony?,Ludger Volmer
llama-3.1-8b,standard,1,P6:Q219045:Q268595->Q23897009@2013-02-25,P6,Q268595,Nathalie Kosciusko-Morizet,Q23897009,Sandrine Gelot,Who is the head of government of Longjumeau?,The mayor of Longjumeau is the head of the municipal administration. The mayor is elected by direct universal suffrage for
llama-3.1-8b,tas,1,P6:Q219045:Q268595->Q23897009@2013-02-25,P6,Q268595,Nathalie Kosciusko-Morizet,Q23897009,Sandrine Gelot,Who is the head of government of Longjumeau?,
llama-3.1-8b,iti,1,P6:Q219045:Q268595->Q23897009@2013-02-25,P6,Q268595,Nathalie Kosciusko-Morizet,Q23897009,Sandrine Gelot,Who is the head of government of Longjumeau?,Mayor of Longjumeau
llama-3.1-8b,standard,1,P6:Q1462:Q1243696->Q15622352@2014-03-12,P6,Q1243696,Ugo Cappellacci,Q15622352,Francesco Pigliaru,Who is the head of government of Sardinia?,"The President of the Region of Sardinia is the head of government of the autonomous region of Sardinia, Italy."
llama-3.1-8b,tas,1,P6:Q1462:Q1243696->Q15622352@2014-03-12,P6,Q1243696,Ugo Cappellacci,Q15622352,Francesco Pigliaru,Who is the head of government of Sardinia?,
llama-3.1-8b,iti,1,P6:Q1462:Q1243696->Q15622352@2014-03-12,P6,Q1243696,Ugo Cappellacci,Q15622352,Francesco Pigliaru,Who is the head of government of Sardinia?,Nicolò Zedda
llama-3.1-8b,standard,1,P6:Q1055:Q77390->Q61053@2011-03-07,P6,Q77390,Christoph Ahlhaus,Q61053,Olaf Scholz,Who is the head of government of Hamburg?,The head of government of Hamburg is the mayor of Hamburg. The mayor is elected by the Hamburg Parliament (Bürgers
llama-3.1-8b,tas,1,P6:Q1055:Q77390->Q61053@2011-03-07,P6,Q77390,Christoph Ahlhaus,Q61053,Olaf Scholz,Who is the head of government of Hamburg?,
llama-3.1-8b,iti,1,P6:Q1055:Q77390->Q61053@2011-03-07,P6,Q77390,Christoph Ahlhaus,Q61053,Olaf Scholz,Who is the head of government of Hamburg?,Mayor of Hamburg
llama-3.1-8b,standard,1,P6:Q1055:Q61053->Q971774@2018-03-28,P6,Q61053,Olaf Scholz,Q971774,Peter Tschentscher,Who is the head of government of Hamburg?,The head of government of Hamburg is the mayor of Hamburg. The mayor is elected by the Hamburg Parliament (Bürgers
llama-3.1-8b,tas,1,P6:Q1055:Q61053->Q971774@2018-03-28,P6,Q61053,Olaf Scholz,Q971774,Peter Tschentscher,Who is the head of government of Hamburg?,
llama-3.1-8b,iti,1,P6:Q1055:Q61053->Q971774@2018-03-28,P6,Q61053,Olaf Scholz,Q971774,Peter Tschentscher,Who is the head of government of Hamburg?,Mayor of Hamburg
llama-3.1-8b,standard,1,P6:Q1202:Q77391->Q1928299@2017-01-01,P6,Q77391,Stanislaw Tillich,Q1928299,Michael Kretschmer,Who is the head of government of Saxony?,Who is the head of government of Saxony?
llama-3.1-8b,tas,1,P6:Q1202:Q77391->Q1928299@2017-01-01,P6,Q77391,Stanislaw Tillich,Q1928299,Michael Kretschmer,Who is the head of government of Saxony?,
llama-3.1-8b,iti,1,P6:Q1202:Q77391->Q1928299@2017-01-01,P6,Q77391,Stanislaw Tillich,Q1928299,Michael Kretschmer,Who is the head of government of Saxony?,Stefan Müller
llama-3.1-8b,standard,1,P6:Q33959:Q749029->Q24452013@2016-06-14,P6,Q749029,Christian Estrosi,Q24452013,Philippe Pradal,Who is the head of government of Nice?,The mayor of Nice is Christian Estrosi. He is a member of the Union for a Popular Movement (UMP) and
llama-3.1-8b,tas,1,P6:Q33959:Q749029->Q24452013@2016-06-14,P6,Q749029,Christian Estrosi,Q24452013,Philippe Pradal,Who is the head of government of Nice?,
llama-3.1-8b,iti,1,P6:Q33959:Q749029->Q24452013@2016-06-14,P6,Q749029,Christian Estrosi,Q24452013,Philippe Pradal,Who is the head of government of Nice?,Mayor of Nice
llama-3.1-8b,standard,1,P6:Q33959:Q24452013->Q749029@2017-05-15,P6,Q24452013,Philippe Pradal,Q749029,Christian Estrosi,Who is the head of government of Nice?,The mayor of Nice is Christian Estrosi. He is a member of the Union for a Popular Movement (UMP) and
llama-3.1-8b,tas,1,P6:Q33959:Q24452013->Q749029@2017-05-15,P6,Q24452013,Philippe Pradal,Q749029,Christian Estrosi,Who is the head of government of Nice?,
llama-3.1-8b,iti,1,P6:Q33959:Q24452013->Q749029@2017-05-15,P6,Q24452013,Philippe Pradal,Q749029,Christian Estrosi,Who is the head of government of Nice?,Mayor of Nice
llama-3.1-8b,standard,1,P6:Q7880:Q960706->Q3082845@2014-04-04,P6,Q960706,Pierre Cohen,Q3082845,Jean-Luc Moudenc,Who is the head of government of Toulouse?,The mayor of Toulouse is Jean-Luc Moudenc. He was elected in 2014 and re-elected in
llama-3.1-8b,tas,1,P6:Q7880:Q960706->Q3082845@2014-04-04,P6,Q960706,Pierre Cohen,Q3082845,Jean-Luc Moudenc,Who is the head of government of Toulouse?,
llama-3.1-8b,iti,1,P6:Q7880:Q960706->Q3082845@2014-04-04,P6,Q960706,Pierre Cohen,Q3082845,Jean-Luc Moudenc,Who is the head of government of Toulouse?,Mayor Jean-Luc Moudenc
llama-3.1-8b,standard,1,P6:Q79815:Q1685800->Q47872392@2017-10-20,P6,Q1685800,Jean Rottner,Q47872392,Michèle Lutz,Who is the head of government of Mulhouse?,Who is the head of government of Mulhouse?
llama-3.1-8b,tas,1,P6:Q79815:Q1685800->Q47872392@2017-10-20,P6,Q1685800,Jean Rottner,Q47872392,Michèle Lutz,Who is the head of government of Mulhouse?,
llama-3.1-8b,iti,1,P6:Q79815:Q1685800->Q47872392@2017-10-20,P6,Q1685800,Jean Rottner,Q47872392,Michèle Lutz,Who is the head of government of Mulhouse?,Mayor of Mulhouse
llama-3.1-8b,standard,1,P6:Q158876:Q1442900->Q110015625@2021-01-01,P6,Q1442900,Frank Balzer,Q110015625,Uwe Brockhausen,Who is the head of government of Reinickendorf?,Who is the head of government of Reinickendorf?
llama-3.1-8b,tas,1,P6:Q158876:Q1442900->Q110015625@2021-01-01,P6,Q1442900,Frank Balzer,Q110015625,Uwe Brockhausen,Who is the head of government of Reinickendorf?,
llama-3.1-8b,iti,1,P6:Q158876:Q1442900->Q110015625@2021-01-01,P6,Q1442900,Frank Balzer,Q110015625,Uwe Brockhausen,Who is the head of government of Reinickendorf?,Mayor of Reinickendorf
llama-3.1-8b,standard,1,P6:Q5387:Q1396536->Q26161019@2016-07-28,P6,Q1396536,Nikita Belykh,Q26161019,Igor Vasilyev,Who is the head of government of Kirov Oblast?,Who is the head of government of Kirov Oblast?
llama-3.1-8b,tas,1,P6:Q5387:Q1396536->Q26161019@2016-07-28,P6,Q1396536,Nikita Belykh,Q26161019,Igor Vasilyev,Who is the head of government of Kirov Oblast?,
llama-3.1-8b,iti,1,P6:Q5387:Q1396536->Q26161019@2016-07-28,P6,Q1396536,Nikita Belykh,Q26161019,Igor Vasilyev,Who is the head of government of Kirov Oblast?,Vladislav Tikhonov
llama-3.1-8b,standard,1,P6:Q6339:Q1444383->Q18027386@2022-08-01,P6,Q1444383,Frank Vogel,Q18027386,Rico Anton,Who is the head of government of Erzgebirgskreis?,Who is the head of government of Erzgebirgskreis?
llama-3.1-8b,tas,1,P6:Q6339:Q1444383->Q18027386@2022-08-01,P6,Q1444383,Frank Vogel,Q18027386,Rico Anton,Who is the head of government of Erzgebirgskreis?,
llama-3.1-8b,iti,1,P6:Q6339:Q1444383->Q18027386@2022-08-01,P6,Q1444383,Frank Vogel,Q18027386,Rico Anton,Who is the head of government of Erzgebirgskreis?,Ludger Vollmer
llama-3.1-8b,standard,1,P6:Q14932:Q1456972->Q1682350@2020-07-01,P6,Q1456972,Frieder Gebhardt,Q1682350,Jan Werner,Who is the head of government of Langen?,The mayor is the head of the city government in Langen. The mayor is elected by the citizens of Langen. The
llama-3.1-8b,tas,1,P6:Q14932:Q1456972->Q1682350@2020-07-01,P6,Q1456972,Frieder Gebhardt,Q1682350,Jan Werner,Who is the head of government of Langen?,
llama-3.1-8b,iti,1,P6:Q14932:Q1456972->Q1682350@2020-07-01,P6,Q1456972,Frieder Gebhardt,Q1682350,Jan Werner,Who is the head of government of Langen?,Mayor
llama-3.1-8b,standard,1,P6:Q14859:Q1035641->Q107411077@2020-05-01,P6,Q1035641,Carda Seidel,Q107411077,Thomas Deffner,Who is the head of government of Ansbach?,Who is the head of government of Ansbach?
llama-3.1-8b,tas,1,P6:Q14859:Q1035641->Q107411077@2020-05-01,P6,Q1035641,Carda Seidel,Q107411077,Thomas Deffner,Who is the head of government of Ansbach?,
llama-3.1-8b,iti,1,P6:Q14859:Q1035641->Q107411077@2020-05-01,P6,Q1035641,Carda Seidel,Q107411077,Thomas Deffner,Who is the head of government of Ansbach?,Anton Spies
llama-3.1-8b,standard,1,P6:Q6214:Q1051946->Q889942@2020-11-01,P6,Q1051946,Cay Süberkrüb,Q889942,Bodo Klimpel,Who is the head of government of Recklinghausen?,Who is the head of government of Recklinghausen?
llama-3.1-8b,tas,1,P6:Q6214:Q1051946->Q889942@2020-11-01,P6,Q1051946,Cay Süberkrüb,Q889942,Bodo Klimpel,Who is the head of government of Recklinghausen?,
llama-3.1-8b,iti,1,P6:Q6214:Q1051946->Q889942@2020-11-01,P6,Q1051946,Cay Süberkrüb,Q889942,Bodo Klimpel,Who is the head of government of Recklinghausen?,Mayor of Recklinghausen
llama-3.1-8b,standard,1,P6:Q132410:Q1174142->Q52707425@2018-03-20,P6,Q1174142,David Mabuza,Q52707425,Refilwe Mtsweni,Who is the head of government of Mpumalanga?,The head of government of Mpumalanga is the Premier of Mpumalanga. The Premier is elected by the Mp
llama-3.1-8b,tas,1,P6:Q132410:Q1174142->Q52707425@2018-03-20,P6,Q1174142,David Mabuza,Q52707425,Refilwe Mtsweni,Who is the head of government of Mpumalanga?,
llama-3.1-8b,iti,1,P6:Q132410:Q1174142->Q52707425@2018-03-20,P6,Q1174142,David Mabuza,Q52707425,Refilwe Mtsweni,Who is the head of government of Mpumalanga?,"MEC for Finance, Economic Development and Tourism, Mr Mandla Ndlovu."
llama-3.1-8b,standard,1,P6:Q3874:Q1223297->Q58047235@2021-12-13,P6,Q1223297,Dietlind Grabe,Q58047235,Frank-Tilo Becher,Who is the head of government of Giessen?,Who is the head of government of Giessen?
llama-3.1-8b,tas,1,P6:Q3874:Q1223297->Q58047235@2021-12-13,P6,Q1223297,Dietlind Grabe,Q58047235,Frank-Tilo Becher,Who is the head of government of Giessen?,
llama-3.1-8b,iti,1,P6:Q3874:Q1223297->Q58047235@2021-12-13,P6,Q1223297,Dietlind Grabe,Q58047235,Frank-Tilo Becher,Who is the head of government of Giessen?,Mayor of Giessen
llama-3.1-8b,standard,1,P6:Q6543:Q2570032->Q56640286@2018-01-01,P6,Q2570032,Viktor Zimin,Q56640286,Valentin Konovalov,Who is the head of government of Khakassia?,Who is the head of government of Khakassia?
llama-3.1-8b,tas,1,P6:Q6543:Q2570032->Q56640286@2018-01-01,P6,Q2570032,Viktor Zimin,Q56640286,Valentin Konovalov,Who is the head of government of Khakassia?,
llama-3.1-8b,iti,1,P6:Q6543:Q2570032->Q56640286@2018-01-01,P6,Q2570032,Viktor Zimin,Q56640286,Valentin Konovalov,Who is the head of government of Khakassia?,Igor Krasnov
llama-3.1-8b,standard,1,P6:Q6616:Q2829673->Q63348994@2020-07-03,P6,Q2829673,Alain Claeys,Q63348994,Léonore Moncond'huy,Who is the head of government of Poitiers?,"The mayor of Poitiers is the head of the municipal executive, the city council. The mayor is elected by direct universal"
llama-3.1-8b,tas,1,P6:Q6616:Q2829673->Q63348994@2020-07-03,P6,Q2829673,Alain Claeys,Q63348994,Léonore Moncond'huy,Who is the head of government of Poitiers?,
llama-3.1-8b,iti,1,P6:Q6616:Q2829673->Q63348994@2020-07-03,P6,Q2829673,Alain Claeys,Q63348994,Léonore Moncond'huy,Who is the head of government of Poitiers?,Mayor of Poitiers
llama-3.1-8b,standard,1,P6:Q16115:Q73759646->Q119111469@2022-12-18,P6,Q73759646,Silvia Chiassai Martini,Q119111469,Alessandro Polcri,Who is the head of government of Province of Arezzo?,Who is the head of government of Province of Arezzo?
llama-3.1-8b,tas,1,P6:Q16115:Q73759646->Q119111469@2022-12-18,P6,Q73759646,Silvia Chiassai Martini,Q119111469,Alessandro Polcri,Who is the head of government of Province of Arezzo?,
llama-3.1-8b,iti,1,P6:Q16115:Q73759646->Q119111469@2022-12-18,P6,Q73759646,Silvia Chiassai Martini,Q119111469,Alessandro Polcri,Who is the head of government of Province of Arezzo?,Municipality of Arezzo
llama-3.1-8b,standard,1,P6:Q2280:Q3919280->Q13132833@2014-11-06,P6,Q3919280,Mikałaj Ładućka,Q13132833,Andrej Šorac,Who is the head of government of Minsk?,Who is the head of government of Minsk?
llama-3.1-8b,tas,1,P6:Q2280:Q3919280->Q13132833@2014-11-06,P6,Q3919280,Mikałaj Ładućka,Q13132833,Andrej Šorac,Who is the head of government of Minsk?,
llama-3.1-8b,iti,1,P6:Q2280:Q3919280->Q13132833@2014-11-06,P6,Q3919280,Mikałaj Ładućka,Q13132833,Andrej Šorac,Who is the head of government of Minsk?,Mayor of Minsk?
llama-3.1-8b,standard,1,P6:Q2280:Q13132833->Q3925052@2018-11-24,P6,Q13132833,Andrej Šorac,Q3925052,Anatol Sivak,Who is the head of government of Minsk?,Who is the head of government of Minsk?
llama-3.1-8b,tas,1,P6:Q2280:Q13132833->Q3925052@2018-11-24,P6,Q13132833,Andrej Šorac,Q3925052,Anatol Sivak,Who is the head of government of Minsk?,
llama-3.1-8b,iti,1,P6:Q2280:Q13132833->Q3925052@2018-11-24,P6,Q13132833,Andrej Šorac,Q3925052,Anatol Sivak,Who is the head of government of Minsk?,Mayor of Minsk?
llama-3.1-8b,standard,1,P6:Q2280:Q3925052->Q56245210@2020-09-03,P6,Q3925052,Anatol Sivak,Q56245210,Uładzimier Kucharaw,Who is the head of government of Minsk?,Who is the head of government of Minsk?
llama-3.1-8b,tas,1,P6:Q2280:Q3925052->Q56245210@2020-09-03,P6,Q3925052,Anatol Sivak,Q56245210,Uładzimier Kucharaw,Who is the head of government of Minsk?,
llama-3.1-8b,iti,1,P6:Q2280:Q3925052->Q56245210@2020-09-03,P6,Q3925052,Anatol Sivak,Q56245210,Uładzimier Kucharaw,Who is the head of government of Minsk?,Mayor of Minsk?
llama-3.1-8b,standard,1,P6:Q133083:Q7048706->Q22279007@2014-05-22,P6,Q7048706,Nomvula Mokonyane,Q22279007,David Makhura,Who is the head of government of Gauteng?,Gauteng is a province of South Africa. It was formed from part of the old Transvaal Province after South Africa's
llama-3.1-8b,tas,1,P6:Q133083:Q7048706->Q22279007@2014-05-22,P6,Q7048706,Nomvula Mokonyane,Q22279007,David Makhura,Who is the head of government of Gauteng?,…
llama-3.1-8b,iti,1,P6:Q133083:Q7048706->Q22279007@2014-05-22,P6,Q7048706,Nomvula Mokonyane,Q22279007,David Makhura,Who is the head of government of Gauteng?,Nicolau dos Santos
llama-3.1-8b,standard,1,P6:Q133083:Q22279007->Q64516451@2022-10-06,P6,Q22279007,David Makhura,Q64516451,Andrek Panyaza Lesufi,Who is the head of government of Gauteng?,Gauteng is a province of South Africa. It was formed from part of the old Transvaal Province after South Africa's
llama-3.1-8b,tas,1,P6:Q133083:Q22279007->Q64516451@2022-10-06,P6,Q22279007,David Makhura,Q64516451,Andrek Panyaza Lesufi,Who is the head of government of Gauteng?,…
llama-3.1-8b,iti,1,P6:Q133083:Q22279007->Q64516451@2022-10-06,P6,Q22279007,David Makhura,Q64516451,Andrek Panyaza Lesufi,Who is the head of government of Gauteng?,Nicolau dos Santos
llama-3.1-8b,standard,1,P6:Q113679:Q6065358->Q106922358@2019-01-01,P6,Q6065358,Olle Reichenberg,Q106922358,Hanna Bocander,Who is the head of government of Danderyd Municipality?,The head of government of Danderyd Municipality is the mayor. The mayor is elected by the municipal council. The
llama-3.1-8b,tas,1,P6:Q113679:Q6065358->Q106922358@2019-01-01,P6,Q6065358,Olle Reichenberg,Q106922358,Hanna Bocander,Who is the head of government of Danderyd Municipality?,
llama-3.1-8b,iti,1,P6:Q113679:Q6065358->Q106922358@2019-01-01,P6,Q6065358,Olle Reichenberg,Q106922358,Hanna Bocander,Who is the head of government of Danderyd Municipality?,Municipality of Danderyd is a municipality in Stockholm County in Sweden. The municipality covers an area of 23.
llama-3.1-8b,standard,1,P6:Q504994:Q6043235->Q29041937@2014-01-01,P6,Q6043235,Lars Persson,Q29041937,Peder Björk,Who is the head of government of Sundsvall Municipality?,The head of government of Sundsvall Municipality is the mayor of Sundsvall Municipality. The mayor is elected by
llama-3.1-8b,tas,1,P6:Q504994:Q6043235->Q29041937@2014-01-01,P6,Q6043235,Lars Persson,Q29041937,Peder Björk,Who is the head of government of Sundsvall Municipality?,
llama-3.1-8b,iti,1,P6:Q504994:Q6043235->Q29041937@2014-01-01,P6,Q6043235,Lars Persson,Q29041937,Peder Björk,Who is the head of government of Sundsvall Municipality?,Municipality of Sundsvall is a municipality in Västernorrland County in northern Sweden. It is the seat
llama-3.1-8b,standard,1,P6:Q171800:Q3309227->Q3121941@2014-01-01,P6,Q3309227,Michel Champredon,Q3121941,Guy Lefrand,Who is the head of government of Évreux?,The mayor of Évreux is the head of the municipal administration. The mayor is elected directly by the citizens for a six
llama-3.1-8b,tas,1,P6:Q171800:Q3309227->Q3121941@2014-01-01,P6,Q3309227,Michel Champredon,Q3121941,Guy Lefrand,Who is the head of government of Évreux?,
llama-3.1-8b,iti,1,P6:Q171800:Q3309227->Q3121941@2014-01-01,P6,Q3309227,Michel Champredon,Q3121941,Guy Lefrand,Who is the head of government of Évreux?,Mayor of Évreux
llama-3.1-8b,standard,1,P6:Q174002:Q3380697->Q20751668@2014-04-04,P6,Q3380697,Philippe Sarre,Q20751668,Nicole Goueta,Who is the head of government of Colombes?,The mayor of Colombes is Patrick Chaimovitch.
llama-3.1-8b,tas,1,P6:Q174002:Q3380697->Q20751668@2014-04-04,P6,Q3380697,Philippe Sarre,Q20751668,Nicole Goueta,Who is the head of government of Colombes?,
llama-3.1-8b,iti,1,P6:Q174002:Q3380697->Q20751668@2014-04-04,P6,Q3380697,Philippe Sarre,Q20751668,Nicole Goueta,Who is the head of government of Colombes?,Mayor of Colombes
llama-3.1-8b,standard,1,P6:Q1341:Q4384819->Q4065529@2012-03-30,P6,Q4384819,Anatoly Pushkov,Q4065529,Sergey Andreyev,Who is the head of government of Tolyatti?,Who is the head of government of Tolyatti?
llama-3.1-8b,tas,1,P6:Q1341:Q4384819->Q4065529@2012-03-30,P6,Q4384819,Anatoly Pushkov,Q4065529,Sergey Andreyev,Who is the head of government of Tolyatti?,
llama-3.1-8b,iti,1,P6:Q1341:Q4384819->Q4065529@2012-03-30,P6,Q4384819,Anatoly Pushkov,Q4065529,Sergey Andreyev,Who is the head of government of Tolyatti?,Mayor of Tolyatti
llama-3.1-8b,standard,1,P6:Q1341:Q29354305->Q60835623@2021-04-30,P6,Q29354305,Sergey Antashev,Q60835623,Nikolay Rents,Who is the head of government of Tolyatti?,Who is the head of government of Tolyatti?
llama-3.1-8b,tas,1,P6:Q1341:Q29354305->Q60835623@2021-04-30,P6,Q29354305,Sergey Antashev,Q60835623,Nikolay Rents,Who is the head of government of Tolyatti?,
llama-3.1-8b,iti,1,P6:Q1341:Q29354305->Q60835623@2021-04-30,P6,Q29354305,Sergey Antashev,Q60835623,Nikolay Rents,Who is the head of government of Tolyatti?,Mayor of Tolyatti
llama-3.1-8b,standard,1,P6:Q192697:Q6835752->Q22893991@2016-11-16,P6,Q6835752,Michal Hašek,Q22893991,Bohumil Šimek,Who is the head of government of South Moravian Region?,Who is the head of government of South Moravian Region?
llama-3.1-8b,tas,1,P6:Q192697:Q6835752->Q22893991@2016-11-16,P6,Q6835752,Michal Hašek,Q22893991,Bohumil Šimek,Who is the head of government of South Moravian Region?,
llama-3.1-8b,iti,1,P6:Q192697:Q6835752->Q22893991@2016-11-16,P6,Q6835752,Michal Hašek,Q22893991,Bohumil Šimek,Who is the head of government of South Moravian Region?,Antonín Staněk
llama-3.1-8b,standard,1,P6:Q192697:Q22893991->Q83305193@2020-11-11,P6,Q22893991,Bohumil Šimek,Q83305193,Jan Grolich,Who is the head of government of South Moravian Region?,Who is the head of government of South Moravian Region?
llama-3.1-8b,tas,1,P6:Q192697:Q22893991->Q83305193@2020-11-11,P6,Q22893991,Bohumil Šimek,Q83305193,Jan Grolich,Who is the head of government of South Moravian Region?,
llama-3.1-8b,iti,1,P6:Q192697:Q22893991->Q83305193@2020-11-11,P6,Q22893991,Bohumil Šimek,Q83305193,Jan Grolich,Who is the head of government of South Moravian Region?,Antonín Staněk
llama-3.1-8b,standard,1,P6:Q5426:Q4479488->Q28858885@2015-10-08,P6,Q4479488,Aleksandr Ushakov,Q28858885,Yury Tyurin,Who is the head of government of Izhevsk?,Who is the head of government of Izhevsk?
llama-3.1-8b,tas,1,P6:Q5426:Q4479488->Q28858885@2015-10-08,P6,Q4479488,Aleksandr Ushakov,Q28858885,Yury Tyurin,Who is the head of government of Izhevsk?,
llama-3.1-8b,iti,1,P6:Q5426:Q4479488->Q28858885@2015-10-08,P6,Q4479488,Aleksandr Ushakov,Q28858885,Yury Tyurin,Who is the head of government of Izhevsk?,Mayor of Izhevsk
llama-3.1-8b,standard,1,P6:Q158257:Q12044424->Q100826893@2014-01-01,P6,Q12044424,Pavol Kubuš,Q100826893,Pavel Paschek,Who is the head of government of Hlučín?,Who is the head of government of Hlučín?
llama-3.1-8b,tas,1,P6:Q158257:Q12044424->Q100826893@2014-01-01,P6,Q12044424,Pavol Kubuš,Q100826893,Pavel Paschek,Who is the head of government of Hlučín?,
llama-3.1-8b,iti,1,P6:Q158257:Q12044424->Q100826893@2014-01-01,P6,Q12044424,Pavol Kubuš,Q100826893,Pavel Paschek,Who is the head of government of Hlučín?,Mayor of Hlučín is Mr. Petr Kudela. He was elected in 2014.
llama-3.1-8b,standard,1,P6:Q986082:Q12037364->Q59160688@2014-11-06,P6,Q12037364,Milan Šťovíček,Q59160688,Kamila Bláhová,Who is the head of government of Litvínov?,Who is the head of government of Litvínov?
llama-3.1-8b,tas,1,P6:Q986082:Q12037364->Q59160688@2014-11-06,P6,Q12037364,Milan Šťovíček,Q59160688,Kamila Bláhová,Who is the head of government of Litvínov?,
llama-3.1-8b,iti,1,P6:Q986082:Q12037364->Q59160688@2014-11-06,P6,Q12037364,Milan Šťovíček,Q59160688,Kamila Bláhová,Who is the head of government of Litvínov?,Mayor of Litvínov
llama-3.1-8b,standard,1,P6:Q727383:Q10857487->Q56441166@2014-11-10,P6,Q10857487,Zdeněk Berka,Q56441166,Jan Picka,Who is the head of government of Sokolov?,Who is the head of government of Sokolov?
llama-3.1-8b,tas,1,P6:Q727383:Q10857487->Q56441166@2014-11-10,P6,Q10857487,Zdeněk Berka,Q56441166,Jan Picka,Who is the head of government of Sokolov?,
llama-3.1-8b,iti,1,P6:Q727383:Q10857487->Q56441166@2014-11-10,P6,Q10857487,Zdeněk Berka,Q56441166,Jan Picka,Who is the head of government of Sokolov?,Mayor of Sokolov
llama-3.1-8b,standard,1,P6:Q727383:Q56441166->Q57077273@2018-11-05,P6,Q56441166,Jan Picka,Q57077273,Renata Oulehlová,Who is the head of government of Sokolov?,Who is the head of government of Sokolov?
llama-3.1-8b,tas,1,P6:Q727383:Q56441166->Q57077273@2018-11-05,P6,Q56441166,Jan Picka,Q57077273,Renata Oulehlová,Who is the head of government of Sokolov?,
llama-3.1-8b,iti,1,P6:Q727383:Q56441166->Q57077273@2018-11-05,P6,Q56441166,Jan Picka,Q57077273,Renata Oulehlová,Who is the head of government of Sokolov?,Mayor of Sokolov
llama-3.1-8b,standard,1,P6:Q727383:Q57077273->Q73396392@2022-10-17,P6,Q57077273,Renata Oulehlová,Q73396392,Petr Kubis,Who is the head of government of Sokolov?,Who is the head of government of Sokolov?
llama-3.1-8b,tas,1,P6:Q727383:Q57077273->Q73396392@2022-10-17,P6,Q57077273,Renata Oulehlová,Q73396392,Petr Kubis,Who is the head of government of Sokolov?,
llama-3.1-8b,iti,1,P6:Q727383:Q57077273->Q73396392@2022-10-17,P6,Q57077273,Renata Oulehlová,Q73396392,Petr Kubis,Who is the head of government of Sokolov?,Mayor of Sokolov
llama-3.1-8b,standard,1,P6:Q138578:Q5242533->Q42839309@2018-01-01,P6,Q5242533,Dawn Zimmer,Q42839309,Ravinder Bhalla,Who is the head of government of Hoboken?,The mayor of Hoboken is the head of the executive branch of the municipal government in the City of Hoboken in Hudson County
llama-3.1-8b,tas,1,P6:Q138578:Q5242533->Q42839309@2018-01-01,P6,Q5242533,Dawn Zimmer,Q42839309,Ravinder Bhalla,Who is the head of government of Hoboken?,
llama-3.1-8b,iti,1,P6:Q138578:Q5242533->Q42839309@2018-01-01,P6,Q5242533,Dawn Zimmer,Q42839309,Ravinder Bhalla,Who is the head of government of Hoboken?,Mayor Ravi Bhalla
llama-3.1-8b,standard,1,P6:Q1502:Q5094693->Q1362153@2018-12-15,P6,Q5094693,Pu Lalthanhawla,Q1362153,Pu Zoramthanga,Who is the head of government of Mizoram?,Who is the head of government of Mizoram?
llama-3.1-8b,tas,1,P6:Q1502:Q5094693->Q1362153@2018-12-15,P6,Q5094693,Pu Lalthanhawla,Q1362153,Pu Zoramthanga,Who is the head of government of Mizoram?,
llama-3.1-8b,iti,1,P6:Q1502:Q5094693->Q1362153@2018-12-15,P6,Q5094693,Pu Lalthanhawla,Q1362153,Pu Zoramthanga,Who is the head of government of Mizoram?,Mizo National Front (MNF) leader Zoramthanga was sworn in as the 10th Chief Minister of Miz
llama-3.1-8b,standard,1,P6:Q386988:Q11906564->Q117223618@2020-12-17,P6,Q11906564,Vladimír Kořen,Q117223618,David Michalička,Who is the head of government of Říčany?,Who is the head of government of Říčany?
llama-3.1-8b,tas,1,P6:Q386988:Q11906564->Q117223618@2020-12-17,P6,Q11906564,Vladimír Kořen,Q117223618,David Michalička,Who is the head of government of Říčany?,
llama-3.1-8b,iti,1,P6:Q386988:Q11906564->Q117223618@2020-12-17,P6,Q11906564,Vladimír Kořen,Q117223618,David Michalička,Who is the head of government of Říčany?,Mayor of Říčany is Mr. Jiří Hodač. He was elected in 2014 and his term of
llama-3.1-8b,standard,1,P6:Q21006:Q12320170->Q109906261@2022-01-01,P6,Q12320170,John Engelhardt,Q109906261,Kasper Damsgaard,Who is the head of government of Glostrup Municipality?,The head of government of Glostrup Municipality is the mayor. The mayor is elected by the municipal council. The mayor is
llama-3.1-8b,tas,1,P6:Q21006:Q12320170->Q109906261@2022-01-01,P6,Q12320170,John Engelhardt,Q109906261,Kasper Damsgaard,Who is the head of government of Glostrup Municipality?,
llama-3.1-8b,iti,1,P6:Q21006:Q12320170->Q109906261@2022-01-01,P6,Q12320170,John Engelhardt,Q109906261,Kasper Damsgaard,Who is the head of government of Glostrup Municipality?,"Municipality of Glostrup is a municipality in Denmark. The municipality covers an area of 18 km², and has a"
llama-3.1-8b,standard,1,P6:Q498457:Q12339257->Q26734750@2014-01-01,P6,Q12339257,Thomas W. Olsen,Q26734750,Tobias Birch Johansen,Who is the head of government of Læsø Municipality?,The head of government of Læsø Municipality is the mayor of Læsø Municipality. The mayor is
llama-3.1-8b,tas,1,P6:Q498457:Q12339257->Q26734750@2014-01-01,P6,Q12339257,Thomas W. Olsen,Q26734750,Tobias Birch Johansen,Who is the head of government of Læsø Municipality?,
llama-3.1-8b,iti,1,P6:Q498457:Q12339257->Q26734750@2014-01-01,P6,Q12339257,Thomas W. Olsen,Q26734750,Tobias Birch Johansen,Who is the head of government of Læsø Municipality?,Municipality of Læsø is a municipality in North Denmark Region on the island of Læsø. The municipality
llama-3.1-8b,standard,1,P6:Q498457:Q26734750->Q46996711@2018-01-01,P6,Q26734750,Tobias Birch Johansen,Q46996711,Karsten Nielsen,Who is the head of government of Læsø Municipality?,The head of government of Læsø Municipality is the mayor of Læsø Municipality. The mayor is
llama-3.1-8b,tas,1,P6:Q498457:Q26734750->Q46996711@2018-01-01,P6,Q26734750,Tobias Birch Johansen,Q46996711,Karsten Nielsen,Who is the head of government of Læsø Municipality?,
llama-3.1-8b,iti,1,P6:Q498457:Q26734750->Q46996711@2018-01-01,P6,Q26734750,Tobias Birch Johansen,Q46996711,Karsten Nielsen,Who is the head of government of Læsø Municipality?,Municipality of Læsø is a municipality in North Denmark Region on the island of Læsø. The municipality
llama-3.1-8b,standard,1,P6:Q498457:Q46996711->Q26734750@2022-01-01,P6,Q46996711,Karsten Nielsen,Q26734750,Tobias Birch Johansen,Who is the head of government of Læsø Municipality?,The head of government of Læsø Municipality is the mayor of Læsø Municipality. The mayor is
llama-3.1-8b,tas,1,P6:Q498457:Q46996711->Q26734750@2022-01-01,P6,Q46996711,Karsten Nielsen,Q26734750,Tobias Birch Johansen,Who is the head of government of Læsø Municipality?,
llama-3.1-8b,iti,1,P6:Q498457:Q46996711->Q26734750@2022-01-01,P6,Q46996711,Karsten Nielsen,Q26734750,Tobias Birch Johansen,Who is the head of government of Læsø Municipality?,Municipality of Læsø is a municipality in North Denmark Region on the island of Læsø. The municipality
llama-3.1-8b,standard,1,P6:Q188478:Q12721231->Q21179214@2016-01-01,P6,Q12721231,Aurel Gabriel Simionescu,Q21179214,Viorel Marian Dragomir,Who is the head of government of Brăila?,Who is the head of government of Brăila?
llama-3.1-8b,tas,1,P6:Q188478:Q12721231->Q21179214@2016-01-01,P6,Q12721231,Aurel Gabriel Simionescu,Q21179214,Viorel Marian Dragomir,Who is the head of government of Brăila?,
llama-3.1-8b,iti,1,P6:Q188478:Q12721231->Q21179214@2016-01-01,P6,Q12721231,Aurel Gabriel Simionescu,Q21179214,Viorel Marian Dragomir,Who is the head of government of Brăila?,Nicolae Robu
llama-3.1-8b,standard,1,P6:Q160284:Q16193229->Q52151613@2018-03-28,P6,Q16193229,Ace Magashule,Q52151613,Sisi Ntombela,Who is the head of government of Free State?,The Premier of the Free State is the head of government of the Free State province of South Africa. The Premier is appointed by
llama-3.1-8b,tas,1,P6:Q160284:Q16193229->Q52151613@2018-03-28,P6,Q16193229,Ace Magashule,Q52151613,Sisi Ntombela,Who is the head of government of Free State?,
llama-3.1-8b,iti,1,P6:Q160284:Q16193229->Q52151613@2018-03-28,P6,Q16193229,Ace Magashule,Q52151613,Sisi Ntombela,Who is the head of government of Free State?,Nicolás Maduro
llama-3.1-8b,standard,1,P6:Q11384977:Q16207412->Q70928440@2019-10-01,P6,Q16207412,Attila Ughy,Q70928440,Sándor Szaniszló,Who is the head of government of Budapest District XVIII?,Who is the head of government of Budapest District XVIII?
llama-3.1-8b,tas,1,P6:Q11384977:Q16207412->Q70928440@2019-10-01,P6,Q16207412,Attila Ughy,Q70928440,Sándor Szaniszló,Who is the head of government of Budapest District XVIII?,
llama-3.1-8b,iti,1,P6:Q11384977:Q16207412->Q70928440@2019-10-01,P6,Q16207412,Attila Ughy,Q70928440,Sándor Szaniszló,Who is the head of government of Budapest District XVIII?,Mayor of Budapest District XVIII
llama-3.1-8b,standard,1,P6:Q168057:Q30241680->Q12732138@2020-10-01,P6,Q30241680,Mihail Genoiu,Q12732138,Lia Olguța Vasilescu,Who is the head of government of Craiova?,Who is the head of government of Craiova?
llama-3.1-8b,tas,1,P6:Q168057:Q30241680->Q12732138@2020-10-01,P6,Q30241680,Mihail Genoiu,Q12732138,Lia Olguța Vasilescu,Who is the head of government of Craiova?,
llama-3.1-8b,iti,1,P6:Q168057:Q30241680->Q12732138@2020-10-01,P6,Q30241680,Mihail Genoiu,Q12732138,Lia Olguța Vasilescu,Who is the head of government of Craiova?,Nicolae Robu
llama-3.1-8b,standard,1,P6:Q58337:Q20812649->Q125941826@2021-01-01,P6,Q20812649,Karen Sorensen,Q125941826,Corrie DiManno,Who is the head of government of Banff?,The mayor of Banff is Karen Sorensen. The mayor of Banff is Karen Sorensen. The
llama-3.1-8b,tas,1,P6:Q58337:Q20812649->Q125941826@2021-01-01,P6,Q20812649,Karen Sorensen,Q125941826,Corrie DiManno,Who is the head of government of Banff?,
llama-3.1-8b,iti,1,P6:Q58337:Q20812649->Q125941826@2021-01-01,P6,Q20812649,Karen Sorensen,Q125941826,Corrie DiManno,Who is the head of government of Banff?,Mayor Karen Sorensen
llama-3.1-8b,standard,1,P6:Q2289257:Q23728303->Q25975556@2016-01-01,P6,Q23728303,Dumitru Constantin,Q25975556,Victor Potoceanu,Who is the head of government of Mărăcineni?,Who is the head of government of Mărăcineni?
llama-3.1-8b,tas,1,P6:Q2289257:Q23728303->Q25975556@2016-01-01,P6,Q23728303,Dumitru Constantin,Q25975556,Victor Potoceanu,Who is the head of government of Mărăcineni?,
llama-3.1-8b,iti,1,P6:Q2289257:Q23728303->Q25975556@2016-01-01,P6,Q23728303,Dumitru Constantin,Q25975556,Victor Potoceanu,Who is the head of government of Mărăcineni?,Nicolae Iorga
llama-3.1-8b,standard,1,P6:Q2289257:Q25975556->Q23728303@2020-10-01,P6,Q25975556,Victor Potoceanu,Q23728303,Dumitru Constantin,Who is the head of government of Mărăcineni?,Who is the head of government of Mărăcineni?
llama-3.1-8b,tas,1,P6:Q2289257:Q25975556->Q23728303@2020-10-01,P6,Q25975556,Victor Potoceanu,Q23728303,Dumitru Constantin,Who is the head of government of Mărăcineni?,
llama-3.1-8b,iti,1,P6:Q2289257:Q25975556->Q23728303@2020-10-01,P6,Q25975556,Victor Potoceanu,Q23728303,Dumitru Constantin,Who is the head of government of Mărăcineni?,Nicolae Iorga
llama-3.1-8b,standard,1,P6:Q2537630:Q23728288->Q104425530@2020-10-01,P6,Q23728288,Vasile Lefter,Q104425530,Claudiu Constantin,Who is the head of government of Lopătari?,Who is the head of government of Lopătari?
llama-3.1-8b,tas,1,P6:Q2537630:Q23728288->Q104425530@2020-10-01,P6,Q23728288,Vasile Lefter,Q104425530,Claudiu Constantin,Who is the head of government of Lopătari?,
llama-3.1-8b,iti,1,P6:Q2537630:Q23728288->Q104425530@2020-10-01,P6,Q23728288,Vasile Lefter,Q104425530,Claudiu Constantin,Who is the head of government of Lopătari?,Nicolae Ciucă
llama-3.1-8b,standard,1,P6:Q2605273:Q23749372->Q26156101@2016-01-01,P6,Q23749372,Elena Cosmoiu,Q26156101,Tarcisius Ovidiu Ioan Movileanu,Who is the head of government of Provița de Sus?,Who is the head of government of Provița de Sus?
llama-3.1-8b,tas,1,P6:Q2605273:Q23749372->Q26156101@2016-01-01,P6,Q23749372,Elena Cosmoiu,Q26156101,Tarcisius Ovidiu Ioan Movileanu,Who is the head of government of Provița de Sus?,
llama-3.1-8b,iti,1,P6:Q2605273:Q23749372->Q26156101@2016-01-01,P6,Q23749372,Elena Cosmoiu,Q26156101,Tarcisius Ovidiu Ioan Movileanu,Who is the head of government of Provița de Sus?,Nicolae Iorga
llama-3.1-8b,standard,1,P6:Q2605657:Q23750149->Q26156109@2016-01-01,P6,Q23750149,Constantin Dragomir,Q26156109,Laurențiu Ion Bădica,Who is the head of government of Șoimari?,Who is the head of government of Șoimari?
llama-3.1-8b,tas,1,P6:Q2605657:Q23750149->Q26156109@2016-01-01,P6,Q23750149,Constantin Dragomir,Q26156109,Laurențiu Ion Bădica,Who is the head of government of Șoimari?,
llama-3.1-8b,iti,1,P6:Q2605657:Q23750149->Q26156109@2016-01-01,P6,Q23750149,Constantin Dragomir,Q26156109,Laurențiu Ion Bădica,Who is the head of government of Șoimari?,Nicolae Bălan
llama-3.1-8b,standard,1,P6:Q859570:Q23749394->Q26138258@2016-01-01,P6,Q23749394,Gheorghe Pană,Q26138258,Constantin Chioveanu,Who is the head of government of Ceptura?,The mayor of Ceptura is a person who is elected by the citizens of Ceptura to lead the local government and
llama-3.1-8b,tas,1,P6:Q859570:Q23749394->Q26138258@2016-01-01,P6,Q23749394,Gheorghe Pană,Q26138258,Constantin Chioveanu,Who is the head of government of Ceptura?,
llama-3.1-8b,iti,1,P6:Q859570:Q23749394->Q26138258@2016-01-01,P6,Q23749394,Gheorghe Pană,Q26138258,Constantin Chioveanu,Who is the head of government of Ceptura?,Nicolae Bălănescu
llama-3.1-8b,standard,1,P6:Q859570:Q26138258->Q104452039@2020-10-01,P6,Q26138258,Constantin Chioveanu,Q104452039,Vasile George Stanciu,Who is the head of government of Ceptura?,The mayor of Ceptura is a person who is elected by the citizens of Ceptura to lead the local government and
llama-3.1-8b,tas,1,P6:Q859570:Q26138258->Q104452039@2020-10-01,P6,Q26138258,Constantin Chioveanu,Q104452039,Vasile George Stanciu,Who is the head of government of Ceptura?,
llama-3.1-8b,iti,1,P6:Q859570:Q26138258->Q104452039@2020-10-01,P6,Q26138258,Constantin Chioveanu,Q104452039,Vasile George Stanciu,Who is the head of government of Ceptura?,Nicolae Bălănescu
llama-3.1-8b,standard,1,P6:Q868236:Q23749061->Q26156065@2016-01-01,P6,Q23749061,Gabriel Papainog,Q26156065,Marin Enache,Who is the head of government of Colceag?,The mayor of Colceag is a person who is elected by the citizens of Colceag to lead the local government and
llama-3.1-8b,tas,1,P6:Q868236:Q23749061->Q26156065@2016-01-01,P6,Q23749061,Gabriel Papainog,Q26156065,Marin Enache,Who is the head of government of Colceag?,
llama-3.1-8b,iti,1,P6:Q868236:Q23749061->Q26156065@2016-01-01,P6,Q23749061,Gabriel Papainog,Q26156065,Marin Enache,Who is the head of government of Colceag?,Nicolae Iorga
llama-3.1-8b,standard,1,P6:Q868236:Q26156065->Q104452044@2020-10-01,P6,Q26156065,Marin Enache,Q104452044,Costin-Valentin Stan,Who is the head of government of Colceag?,The mayor of Colceag is a person who is elected by the citizens of Colceag to lead the local government and
llama-3.1-8b,tas,1,P6:Q868236:Q26156065->Q104452044@2020-10-01,P6,Q26156065,Marin Enache,Q104452044,Costin-Valentin Stan,Who is the head of government of Colceag?,
llama-3.1-8b,iti,1,P6:Q868236:Q26156065->Q104452044@2020-10-01,P6,Q26156065,Marin Enache,Q104452044,Costin-Valentin Stan,Who is the head of government of Colceag?,Nicolae Iorga
llama-3.1-8b,standard,1,P6:Q12724497:Q23892479->Q26039753@2016-01-01,P6,Q23892479,Ion Tache,Q26039753,Daniel-Cezar Rusu,Who is the head of government of Adunații-Copăceni?,Who is the head of government of Adunații-Copăceni?
llama-3.1-8b,tas,1,P6:Q12724497:Q23892479->Q26039753@2016-01-01,P6,Q23892479,Ion Tache,Q26039753,Daniel-Cezar Rusu,Who is the head of government of Adunații-Copăceni?,
llama-3.1-8b,iti,1,P6:Q12724497:Q23892479->Q26039753@2016-01-01,P6,Q23892479,Ion Tache,Q26039753,Daniel-Cezar Rusu,Who is the head of government of Adunații-Copăceni?,Nicolae Bădălău
llama-3.1-8b,standard,1,P6:Q793781:Q23750485->Q26137858@2016-01-01,P6,Q23750485,Ion Petcu,Q26137858,Aurelian Boghici,Who is the head of government of Bertea?,The head of government of Bertea is the leader of the government of Bertea. The head of government is responsible for the
llama-3.1-8b,tas,1,P6:Q793781:Q23750485->Q26137858@2016-01-01,P6,Q23750485,Ion Petcu,Q26137858,Aurelian Boghici,Who is the head of government of Bertea?,
llama-3.1-8b,iti,1,P6:Q793781:Q23750485->Q26137858@2016-01-01,P6,Q23750485,Ion Petcu,Q26137858,Aurelian Boghici,Who is the head of government of Bertea?,Nicolás Maduro
llama-3.1-8b,standard,1,P6:Q954808:Q21874610->Q123511116@2022-10-24,P6,Q21874610,Pavel Talíř,Q123511116,Radek Ježek,Who is the head of government of Kaplice?,Who is the head of government of Kaplice?
llama-3.1-8b,tas,1,P6:Q954808:Q21874610->Q123511116@2022-10-24,P6,Q21874610,Pavel Talíř,Q123511116,Radek Ježek,Who is the head of government of Kaplice?,
llama-3.1-8b,iti,1,P6:Q954808:Q21874610->Q123511116@2022-10-24,P6,Q21874610,Pavel Talíř,Q123511116,Radek Ježek,Who is the head of government of Kaplice?,Mayor of Kaplice is Mr. Petr Štěpánek.
llama-3.1-8b,standard,1,P6:Q13570140:Q23894644->Q25975519@2016-01-01,P6,Q23894644,Dima Priceputu,Q25975519,Vasile Visalon,Who is the head of government of Viziru?,The head of government of Viziru is the person who is responsible for the day-to-day administration of the country.
llama-3.1-8b,tas,1,P6:Q13570140:Q23894644->Q25975519@2016-01-01,P6,Q23894644,Dima Priceputu,Q25975519,Vasile Visalon,Who is the head of government of Viziru?,
llama-3.1-8b,iti,1,P6:Q13570140:Q23894644->Q25975519@2016-01-01,P6,Q23894644,Dima Priceputu,Q25975519,Vasile Visalon,Who is the head of government of Viziru?,Viziru is a country in the world. The head of government of Viziru is the person who is
llama-3.1-8b,standard,1,P6:Q13570140:Q30242944->Q23894644@2020-10-01,P6,Q30242944,Victor Doagă,Q23894644,Dima Priceputu,Who is the head of government of Viziru?,The head of government of Viziru is the person who is responsible for the day-to-day administration of the country.
llama-3.1-8b,tas,1,P6:Q13570140:Q30242944->Q23894644@2020-10-01,P6,Q30242944,Victor Doagă,Q23894644,Dima Priceputu,Who is the head of government of Viziru?,
llama-3.1-8b,iti,1,P6:Q13570140:Q30242944->Q23894644@2020-10-01,P6,Q30242944,Victor Doagă,Q23894644,Dima Priceputu,Who is the head of government of Viziru?,Viziru is a country in the world. The head of government of Viziru is the person who is
llama-3.1-8b,standard,1,P6:Q2536096:Q23894625->Q104425001@2020-10-01,P6,Q23894625,Cristian Codreanu,Q104425001,Costică Dobre,Who is the head of government of Șuțești?,Who is the head of government of Șuțești?
llama-3.1-8b,tas,1,P6:Q2536096:Q23894625->Q104425001@2020-10-01,P6,Q23894625,Cristian Codreanu,Q104425001,Costică Dobre,Who is the head of government of Șuțești?,
llama-3.1-8b,iti,1,P6:Q2536096:Q23894625->Q104425001@2020-10-01,P6,Q23894625,Cristian Codreanu,Q104425001,Costică Dobre,Who is the head of government of Șuțești?,Nicolae Ciobanu
llama-3.1-8b,standard,1,P6:Q3725414:Q24007887->Q104444463@2020-10-01,P6,Q24007887,Costică Stroea,Q104444463,Silviu Zinica,Who is the head of government of Smârdan?,Who is the head of government of Smârdan?
llama-3.1-8b,tas,1,P6:Q3725414:Q24007887->Q104444463@2020-10-01,P6,Q24007887,Costică Stroea,Q104444463,Silviu Zinica,Who is the head of government of Smârdan?,
llama-3.1-8b,iti,1,P6:Q3725414:Q24007887->Q104444463@2020-10-01,P6,Q24007887,Costică Stroea,Q104444463,Silviu Zinica,Who is the head of government of Smârdan?,Nicolae Iorga
llama-3.1-8b,standard,1,P6:Q5113209:Q24008174->Q104451674@2020-10-01,P6,Q24008174,Petru Lungu-Bordea,Q104451674,Ioan Petronel Mancaș,Who is the head of government of Pângărați?,Who is the head of government of Pângărați?
llama-3.1-8b,tas,1,P6:Q5113209:Q24008174->Q104451674@2020-10-01,P6,Q24008174,Petru Lungu-Bordea,Q104451674,Ioan Petronel Mancaș,Who is the head of government of Pângărați?,
llama-3.1-8b,iti,1,P6:Q5113209:Q24008174->Q104451674@2020-10-01,P6,Q24008174,Petru Lungu-Bordea,Q104451674,Ioan Petronel Mancaș,Who is the head of government of Pângărați?,Nicolae Bălan
llama-3.1-8b,standard,1,P6:Q5113245:Q24008143->Q104451664@2020-10-01,P6,Q24008143,Cristinel Vasile Gheorghiu,Q104451664,Dumitru-Bogdan Țifui,Who is the head of government of Farcașa?,Who is the head of government of Farcașa?
llama-3.1-8b,tas,1,P6:Q5113245:Q24008143->Q104451664@2020-10-01,P6,Q24008143,Cristinel Vasile Gheorghiu,Q104451664,Dumitru-Bogdan Țifui,Who is the head of government of Farcașa?,
llama-3.1-8b,iti,1,P6:Q5113245:Q24008143->Q104451664@2020-10-01,P6,Q24008143,Cristinel Vasile Gheorghiu,Q104451664,Dumitru-Bogdan Țifui,Who is the head of government of Farcașa?,Nicolae Ciobanu
llama-3.1-8b,standard,1,P6:Q12724576:Q24205600->Q25998922@2016-01-01,P6,Q24205600,Ion Marin,Q25998922,Ion Oancea,Who is the head of government of Bratovoești?,Who is the head of government of Bratovoești?
llama-3.1-8b,tas,1,P6:Q12724576:Q24205600->Q25998922@2016-01-01,P6,Q24205600,Ion Marin,Q25998922,Ion Oancea,Who is the head of government of Bratovoești?,
llama-3.1-8b,iti,1,P6:Q12724576:Q24205600->Q25998922@2016-01-01,P6,Q24205600,Ion Marin,Q25998922,Ion Oancea,Who is the head of government of Bratovoești?,Nicolae Ciobanu
llama-3.1-8b,standard,1,P6:Q987487:Q12022439->Q123349589@2022-10-24,P6,Q12022439,Jan Bureš,Q123349589,David Hanakovič,Who is the head of government of Ostrov?,The head of government of Ostrov is the person who is responsible for the day-to-day administration of the country. The head
llama-3.1-8b,tas,1,P6:Q987487:Q12022439->Q123349589@2022-10-24,P6,Q12022439,Jan Bureš,Q123349589,David Hanakovič,Who is the head of government of Ostrov?,
llama-3.1-8b,iti,1,P6:Q987487:Q12022439->Q123349589@2022-10-24,P6,Q12022439,Jan Bureš,Q123349589,David Hanakovič,Who is the head of government of Ostrov?,Vladislav Kuznetsov
llama-3.1-8b,standard,1,P6:Q2606085:Q23925417->Q25998685@2016-01-01,P6,Q23925417,Nicolae Vărzaru,Q25998685,Petruț-Bogdan Tița,Who is the head of government of Ulmi?,The head of government of Ulmi is the person who is responsible for the day-to-day administration of the country. The head
llama-3.1-8b,tas,1,P6:Q2606085:Q23925417->Q25998685@2016-01-01,P6,Q23925417,Nicolae Vărzaru,Q25998685,Petruț-Bogdan Tița,Who is the head of government of Ulmi?,
llama-3.1-8b,iti,1,P6:Q2606085:Q23925417->Q25998685@2016-01-01,P6,Q23925417,Nicolae Vărzaru,Q25998685,Petruț-Bogdan Tița,Who is the head of government of Ulmi?,Ulmi is a city in the country of Ulmi. The capital city of Ulmi is Ulmi. Ulmi is
llama-3.1-8b,standard,1,P6:Q5059285:Q23925518->Q104438151@2020-10-01,P6,Q23925518,Vasile-Silvestru Brănduș-Dendyuk,Q104438151,Ágoston Pénzes,Who is the head of government of Ojdula?,Who is the head of government of Ojdula?
llama-3.1-8b,tas,1,P6:Q5059285:Q23925518->Q104438151@2020-10-01,P6,Q23925518,Vasile-Silvestru Brănduș-Dendyuk,Q104438151,Ágoston Pénzes,Who is the head of government of Ojdula?,
llama-3.1-8b,iti,1,P6:Q5059285:Q23925518->Q104438151@2020-10-01,P6,Q23925518,Vasile-Silvestru Brănduș-Dendyuk,Q104438151,Ágoston Pénzes,Who is the head of government of Ojdula?,Nicolae Ciobanu
llama-3.1-8b,standard,1,P6:Q16425238:Q24346677->Q107369275@2021-01-01,P6,Q24346677,Radu Marcel Tuhuț,Q107369275,Ioan-Marius Cioara,Who is the head of government of Ciuruleasa?,The head of government of Ciuruleasa is the person who is responsible for the day-to-day administration of the city.
llama-3.1-8b,tas,1,P6:Q16425238:Q24346677->Q107369275@2021-01-01,P6,Q24346677,Radu Marcel Tuhuț,Q107369275,Ioan-Marius Cioara,Who is the head of government of Ciuruleasa?,
llama-3.1-8b,iti,1,P6:Q16425238:Q24346677->Q107369275@2021-01-01,P6,Q24346677,Radu Marcel Tuhuț,Q107369275,Ioan-Marius Cioara,Who is the head of government of Ciuruleasa?,Nicolae Ciubotaru
llama-3.1-8b,standard,1,P6:Q16425265:Q24347639->Q104417852@2020-10-01,P6,Q24347639,Ioan Nedela,Q104417852,Ioan Muntean,Who is the head of government of Gârbova?,Who is the head of government of Gârbova?
llama-3.1-8b,tas,1,P6:Q16425265:Q24347639->Q104417852@2020-10-01,P6,Q24347639,Ioan Nedela,Q104417852,Ioan Muntean,Who is the head of government of Gârbova?,
llama-3.1-8b,iti,1,P6:Q16425265:Q24347639->Q104417852@2020-10-01,P6,Q24347639,Ioan Nedela,Q104417852,Ioan Muntean,Who is the head of government of Gârbova?,Nicolae Bădălău
llama-3.1-8b,standard,1,P6:Q16467066:Q24347350->Q104417846@2020-10-01,P6,Q24347350,Francisc Szőcs,Q104417846,Szilárd-Levente Deák-Székely,Who is the head of government of Rimetea?,Who is the head of government of Rimetea?
llama-3.1-8b,tas,1,P6:Q16467066:Q24347350->Q104417846@2020-10-01,P6,Q24347350,Francisc Szőcs,Q104417846,Szilárd-Levente Deák-Székely,Who is the head of government of Rimetea?,
llama-3.1-8b,iti,1,P6:Q16467066:Q24347350->Q104417846@2020-10-01,P6,Q24347350,Francisc Szőcs,Q104417846,Szilárd-Levente Deák-Székely,Who is the head of government of Rimetea?,Nicolae Bocșan
llama-3.1-8b,standard,1,P6:Q193721:Q24237131->Q123297931@2018-10-29,P6,Q24237131,Jiří Fišer,Q123297931,Štěpán Pavlík,Who is the head of government of Tábor?,Who is the head of government of Tábor?
llama-3.1-8b,tas,1,P6:Q193721:Q24237131->Q123297931@2018-10-29,P6,Q24237131,Jiří Fišer,Q123297931,Štěpán Pavlík,Who is the head of government of Tábor?,
llama-3.1-8b,iti,1,P6:Q193721:Q24237131->Q123297931@2018-10-29,P6,Q24237131,Jiří Fišer,Q123297931,Štěpán Pavlík,Who is the head of government of Tábor?,Mayor
llama-3.1-8b,standard,1,P6:Q12725011:Q24020282->Q26136070@2016-01-01,P6,Q24020282,Nicolae Amzu,Q26136070,Marian Pistol,Who is the head of government of Osica de Jos?,Who is the head of government of Osica de Jos?
llama-3.1-8b,tas,1,P6:Q12725011:Q24020282->Q26136070@2016-01-01,P6,Q24020282,Nicolae Amzu,Q26136070,Marian Pistol,Who is the head of government of Osica de Jos?,
llama-3.1-8b,iti,1,P6:Q12725011:Q24020282->Q26136070@2016-01-01,P6,Q24020282,Nicolae Amzu,Q26136070,Marian Pistol,Who is the head of government of Osica de Jos?,Nicolae Ciucă
