model,method,is_control,record_id,relation_pid,a_old_qid,a_old_label,a_new_qid,a_new_label,prompt,generated
qwen-2.5-7b,standard,0,P6:Q794:Q348144->Q5947347@2021-08-03,P6,Q348144,Hassan Rouhani,Q5947347,Ebrahim Raisi,Who is the head of government of Iran?,"The head of government of Iran is the President of Iran. The current President of Iran is Ebrahim Raisi, who"
qwen-2.5-7b,date_prefix,0,P6:Q794:Q348144->Q5947347@2021-08-03,P6,Q348144,Hassan Rouhani,Q5947347,Ebrahim Raisi,In 2021: Who is the head of government of Iran?,The head of government of Iran in 2021 is Mr. Ebrahim Raisi. He was elected as
qwen-2.5-7b,instruction,0,P6:Q794:Q348144->Q5947347@2021-08-03,P6,Q348144,Hassan Rouhani,Q5947347,Ebrahim Raisi,"Answer with the current, most up-to-date fact. Who is the head of government of Iran?",The head of government of Iran is President Ebrahim Raisi.
qwen-2.5-7b,tas,0,P6:Q794:Q348144->Q5947347@2021-08-03,P6,Q348144,Hassan Rouhani,Q5947347,Ebrahim Raisi,Who is the head of government of Iran?,"The head of government of Iran is the President of Iran. The current President of Iran is Ebrahim Raisi, who"
qwen-2.5-7b,iti,0,P6:Q794:Q348144->Q5947347@2021-08-03,P6,Q348144,Hassan Rouhani,Q5947347,Ebrahim Raisi,Who is the head of government of Iran?,"The head of government of Iran is the President of Iran. The current President of Iran is Ebrahim Raisi, who"
qwen-2.5-7b,standard,0,P6:Q183:Q567->Q61053@2021-12-08,P6,Q567,Angela Merkel,Q61053,Olaf Scholz,Who is the head of government of Germany?,Angela Merkel
qwen-2.5-7b,date_prefix,0,P6:Q183:Q567->Q61053@2021-12-08,P6,Q567,Angela Merkel,Q61053,Olaf Scholz,In 2021: Who is the head of government of Germany?,Angela Merkel
qwen-2.5-7b,instruction,0,P6:Q183:Q567->Q61053@2021-12-08,P6,Q567,Angela Merkel,Q61053,Olaf Scholz,"Answer with the current, most up-to-date fact. Who is the head of government of Germany?",Angela Merkel
qwen-2.5-7b,tas,0,P6:Q183:Q567->Q61053@2021-12-08,P6,Q567,Angela Merkel,Q61053,Olaf Scholz,Who is the head of government of Germany?,The head of government of Germany is the Chancellor. The current Chancellor of Germany is Angela Merkel.
qwen-2.5-7b,iti,0,P6:Q183:Q567->Q61053@2021-12-08,P6,Q567,Angela Merkel,Q61053,Olaf Scholz,Who is the head of government of Germany?,The head of government of Germany is the Chancellor. The current Chancellor of Germany is Angela Merkel.
qwen-2.5-7b,standard,0,P6:Q980:Q44612->Q50664@2018-03-15,P6,Q44612,Horst Seehofer,Q50664,Markus Söder,Who is the head of government of Bavaria?,The head of government of Bavaria is Markus Söder.
qwen-2.5-7b,date_prefix,0,P6:Q980:Q44612->Q50664@2018-03-15,P6,Q44612,Horst Seehofer,Q50664,Markus Söder,In 2018: Who is the head of government of Bavaria?,"In 2018, the head of government of Bavaria was Markus Söder. He was the leader of"
qwen-2.5-7b,instruction,0,P6:Q980:Q44612->Q50664@2018-03-15,P6,Q44612,Horst Seehofer,Q50664,Markus Söder,"Answer with the current, most up-to-date fact. Who is the head of government of Bavaria?",The head of government of Bavaria is Markus Söder.
qwen-2.5-7b,tas,0,P6:Q980:Q44612->Q50664@2018-03-15,P6,Q44612,Horst Seehofer,Q50664,Markus Söder,Who is the head of government of Bavaria?,The head of government of Bavaria is Markus Söder.
qwen-2.5-7b,iti,0,P6:Q980:Q44612->Q50664@2018-03-15,P6,Q44612,Horst Seehofer,Q50664,Markus Söder,Who is the head of government of Bavaria?,1. The head of government of Bavaria is the Prime Minister of Bavaria.
qwen-2.5-7b,standard,0,P6:Q778:Q317664->Q57705@2012-05-08,P6,Q317664,Hubert Ingraham,Q57705,Perry Christie,Who is the head of government of The Bahamas?,"The head of government of The Bahamas is the Prime Minister. As of my last update in October 2023,"
qwen-2.5-7b,date_prefix,0,P6:Q778:Q317664->Q57705@2012-05-08,P6,Q317664,Hubert Ingraham,Q57705,Perry Christie,In 2012: Who is the head of government of The Bahamas?,The head of government of The Bahamas in 2012 was Prime Minister Hubert Ingraham. He served
qwen-2.5-7b,instruction,0,P6:Q778:Q317664->Q57705@2012-05-08,P6,Q317664,Hubert Ingraham,Q57705,Perry Christie,"Answer with the current, most up-to-date fact. Who is the head of government of The Bahamas?","The head of government of The Bahamas is the Prime Minister. As of 2021, the Prime Minister of The"
qwen-2.5-7b,tas,0,P6:Q778:Q317664->Q57705@2012-05-08,P6,Q317664,Hubert Ingraham,Q57705,Perry Christie,Who is the head of government of The Bahamas?,"The head of government of The Bahamas is the Prime Minister. As of my last update in October 2023,"
qwen-2.5-7b,iti,0,P6:Q778:Q317664->Q57705@2012-05-08,P6,Q317664,Hubert Ingraham,Q57705,Perry Christie,Who is the head of government of The Bahamas?,"The head of government of The Bahamas is the Prime Minister. As of my last update in October 2023,"
qwen-2.5-7b,standard,0,P6:Q778:Q57705->Q16732648@2017-05-11,P6,Q57705,Perry Christie,Q16732648,Hubert Minnis,Who is the head of government of The Bahamas?,"The head of government of The Bahamas is the Prime Minister. As of my last update in October 2023,"
qwen-2.5-7b,date_prefix,0,P6:Q778:Q57705->Q16732648@2017-05-11,P6,Q57705,Perry Christie,Q16732648,Hubert Minnis,In 2017: Who is the head of government of The Bahamas?,The head of government of The Bahamas in 2017 was Prime Minister Hubert Ingraham. He served
qwen-2.5-7b,instruction,0,P6:Q778:Q57705->Q16732648@2017-05-11,P6,Q57705,Perry Christie,Q16732648,Hubert Minnis,"Answer with the current, most up-to-date fact. Who is the head of government of The Bahamas?","The head of government of The Bahamas is the Prime Minister. As of 2021, the Prime Minister of The"
qwen-2.5-7b,tas,0,P6:Q778:Q57705->Q16732648@2017-05-11,P6,Q57705,Perry Christie,Q16732648,Hubert Minnis,Who is the head of government of The Bahamas?,"The head of government of The Bahamas is the Prime Minister. As of my last update in October 2023,"
qwen-2.5-7b,iti,0,P6:Q778:Q57705->Q16732648@2017-05-11,P6,Q57705,Perry Christie,Q16732648,Hubert Minnis,Who is the head of government of The Bahamas?,"The head of government of The Bahamas is the Prime Minister. As of my last update in October 2023,"
qwen-2.5-7b,standard,0,P6:Q494005:Q10957767->Q95985690@2019-01-01,P6,Q10957767,Asle Schrøder,Q95985690,Aase Refsnes,Who is the head of government of Steigen Municipality?,"Steigen Municipality is a municipality in Nordland county, Norway. It was established on 1 January 183"
qwen-2.5-7b,date_prefix,0,P6:Q494005:Q10957767->Q95985690@2019-01-01,P6,Q10957767,Asle Schrøder,Q95985690,Aase Refsnes,In 2019: Who is the head of government of Steigen Municipality?,"Steigen Municipality is a municipality in Nordland county, Norway. It was established on 1 January 183"
qwen-2.5-7b,instruction,0,P6:Q494005:Q10957767->Q95985690@2019-01-01,P6,Q10957767,Asle Schrøder,Q95985690,Aase Refsnes,"Answer with the current, most up-to-date fact. Who is the head of government of Steigen Municipality?",The head of government of Steigen Municipality is the mayor.
qwen-2.5-7b,tas,0,P6:Q494005:Q10957767->Q95985690@2019-01-01,P6,Q10957767,Asle Schrøder,Q95985690,Aase Refsnes,Who is the head of government of Steigen Municipality?,"Steigen Municipality is a municipality in Nordland county, Norway. It was established on 1 January 183"
qwen-2.5-7b,iti,0,P6:Q494005:Q10957767->Q95985690@2019-01-01,P6,Q10957767,Asle Schrøder,Q95985690,Aase Refsnes,Who is the head of government of Steigen Municipality?,"Steigen Municipality is a municipality in Nordland county, Norway. It was established on 1 January 183"
qwen-2.5-7b,standard,0,P6:Q503045:Q12329990->Q12339232@2010-01-01,P6,Q12329990,Olav Aaen,Q12339232,Thomas Lykke Pedersen,Who is the head of government of Fredensborg Municipality?,"The head of government of Fredensborg Municipality is the mayor, who is elected by the municipal council. The current mayor"
qwen-2.5-7b,date_prefix,0,P6:Q503045:Q12329990->Q12339232@2010-01-01,P6,Q12329990,Olav Aaen,Q12339232,Thomas Lykke Pedersen,In 2010: Who is the head of government of Fredensborg Municipality?,"The head of government of Fredensborg Municipality in 2010 was Søren Kjær, who"
qwen-2.5-7b,instruction,0,P6:Q503045:Q12329990->Q12339232@2010-01-01,P6,Q12329990,Olav Aaen,Q12339232,Thomas Lykke Pedersen,"Answer with the current, most up-to-date fact. Who is the head of government of Fredensborg Municipality?","The head of government of Fredensborg Municipality is the mayor, who is currently held by Søren Kjær"
qwen-2.5-7b,tas,0,P6:Q503045:Q12329990->Q12339232@2010-01-01,P6,Q12329990,Olav Aaen,Q12339232,Thomas Lykke Pedersen,Who is the head of government of Fredensborg Municipality?,Fredensborg Municipality is a municipality in Denmark. The head of government of a municipality in Denmark is the mayor. Therefore
qwen-2.5-7b,iti,0,P6:Q503045:Q12329990->Q12339232@2010-01-01,P6,Q12329990,Olav Aaen,Q12339232,Thomas Lykke Pedersen,Who is the head of government of Fredensborg Municipality?,1. Identify the relevant information: The question asks for the head of government of Fredensborg Municipality.
qwen-2.5-7b,standard,0,P6:Q158876:Q1442900->Q110015625@2021-01-01,P6,Q1442900,Frank Balzer,Q110015625,Uwe Brockhausen,Who is the head of government of Reinickendorf?,"The head of government of Reinickendorf is the district mayor, who is elected by the district council. The current district"
qwen-2.5-7b,date_prefix,0,P6:Q158876:Q1442900->Q110015625@2021-01-01,P6,Q1442900,Frank Balzer,Q110015625,Uwe Brockhausen,In 2021: Who is the head of government of Reinickendorf?,"The head of government of Reinickendorf is the district mayor, who is elected by the district council. The current district"
qwen-2.5-7b,instruction,0,P6:Q158876:Q1442900->Q110015625@2021-01-01,P6,Q1442900,Frank Balzer,Q110015625,Uwe Brockhausen,"Answer with the current, most up-to-date fact. Who is the head of government of Reinickendorf?","The head of government of Reinickendorf is the district administrator, who is currently held by Dr. Michael Kretsch"
qwen-2.5-7b,tas,0,P6:Q158876:Q1442900->Q110015625@2021-01-01,P6,Q1442900,Frank Balzer,Q110015625,Uwe Brockhausen,Who is the head of government of Reinickendorf?,Reinhard Rüdiger
qwen-2.5-7b,iti,0,P6:Q158876:Q1442900->Q110015625@2021-01-01,P6,Q1442900,Frank Balzer,Q110015625,Uwe Brockhausen,Who is the head of government of Reinickendorf?,Answer the above question based on the context below:  Reinickendorf is the largest of the boroughs of Berlin
qwen-2.5-7b,standard,0,P6:Q6543:Q2570032->Q56640286@2018-01-01,P6,Q2570032,Viktor Zimin,Q56640286,Valentin Konovalov,Who is the head of government of Khakassia?,The head of government of Khakassia is the President of Khakassia. The current President of Khakass
qwen-2.5-7b,date_prefix,0,P6:Q6543:Q2570032->Q56640286@2018-01-01,P6,Q2570032,Viktor Zimin,Q56640286,Valentin Konovalov,In 2018: Who is the head of government of Khakassia?,"In 2018, the head of government of Khakassia was Vladimir Shcherbakov. He served"
qwen-2.5-7b,instruction,0,P6:Q6543:Q2570032->Q56640286@2018-01-01,P6,Q2570032,Viktor Zimin,Q56640286,Valentin Konovalov,"Answer with the current, most up-to-date fact. Who is the head of government of Khakassia?",The head of government of Khakassia is the President of Khakassia.
qwen-2.5-7b,tas,0,P6:Q6543:Q2570032->Q56640286@2018-01-01,P6,Q2570032,Viktor Zimin,Q56640286,Valentin Konovalov,Who is the head of government of Khakassia?,Alexander Khabarov
qwen-2.5-7b,iti,0,P6:Q6543:Q2570032->Q56640286@2018-01-01,P6,Q2570032,Viktor Zimin,Q56640286,Valentin Konovalov,Who is the head of government of Khakassia?,Answer the above question based on the context below:  Khakassia (/ˌhækəˈsaɪə
qwen-2.5-7b,standard,0,P6:Q192697:Q6835752->Q22893991@2016-11-16,P6,Q6835752,Michal Hašek,Q22893991,Bohumil Šimek,Who is the head of government of South Moravian Region?,"The head of government of South Moravian Region is the Regional Governor, who is elected by the Regional Assembly. As of my"
qwen-2.5-7b,date_prefix,0,P6:Q192697:Q6835752->Q22893991@2016-11-16,P6,Q6835752,Michal Hašek,Q22893991,Bohumil Šimek,In 2016: Who is the head of government of South Moravian Region?,"In 2016, the head of government of the South Moravian Region in the Czech Republic was Jiří"
qwen-2.5-7b,instruction,0,P6:Q192697:Q6835752->Q22893991@2016-11-16,P6,Q6835752,Michal Hašek,Q22893991,Bohumil Šimek,"Answer with the current, most up-to-date fact. Who is the head of government of South Moravian Region?",The head of government of South Moravian Region is Jiří Šťastný.
qwen-2.5-7b,tas,0,P6:Q192697:Q6835752->Q22893991@2016-11-16,P6,Q6835752,Michal Hašek,Q22893991,Bohumil Šimek,Who is the head of government of South Moravian Region?,"The head of government of South Moravian Region is the Regional Governor, who is elected by the Regional Assembly. As of my"
qwen-2.5-7b,iti,0,P6:Q192697:Q6835752->Q22893991@2016-11-16,P6,Q6835752,Michal Hašek,Q22893991,Bohumil Šimek,Who is the head of government of South Moravian Region?,1. The head of government of South Moravian Region is the Regional Governor.
qwen-2.5-7b,standard,0,P6:Q47037646:Q5058025->Q25189200@2016-10-26,P6,Q5058025,Celia Wade-Brown,Q25189200,Justin Lester,Who is the head of government of Wellington City?,"The head of government of Wellington City is the Mayor of Wellington, who is currently Adrian O'Dea."
qwen-2.5-7b,date_prefix,0,P6:Q47037646:Q5058025->Q25189200@2016-10-26,P6,Q5058025,Celia Wade-Brown,Q25189200,Justin Lester,In 2016: Who is the head of government of Wellington City?,The head of government of Wellington City in 2016 was Celia Wade-Brown. She was the Mayor of
qwen-2.5-7b,instruction,0,P6:Q47037646:Q5058025->Q25189200@2016-10-26,P6,Q5058025,Celia Wade-Brown,Q25189200,Justin Lester,"Answer with the current, most up-to-date fact. Who is the head of government of Wellington City?","The head of government of Wellington City is the Mayor of Wellington, which is currently held by Justin Lester."
qwen-2.5-7b,tas,0,P6:Q47037646:Q5058025->Q25189200@2016-10-26,P6,Q5058025,Celia Wade-Brown,Q25189200,Justin Lester,Who is the head of government of Wellington City?,"The head of government of Wellington City is the Mayor of Wellington, who is currently Adrian O'Dea."
qwen-2.5-7b,iti,0,P6:Q47037646:Q5058025->Q25189200@2016-10-26,P6,Q5058025,Celia Wade-Brown,Q25189200,Justin Lester,Who is the head of government of Wellington City?,1. The head of government of Wellington City is the Mayor of Wellington.
qwen-2.5-7b,standard,0,P6:Q17:Q132345->Q122465@2020-09-16,P6,Q132345,Shinzō Abe,Q122465,Yoshihide Suga,Who is the head of government of Japan?,The head of government of Japan is the Prime Minister. The current Prime Minister of Japan is Fumio Kishida.
qwen-2.5-7b,date_prefix,0,P6:Q17:Q132345->Q122465@2020-09-16,P6,Q132345,Shinzō Abe,Q122465,Yoshihide Suga,In 2020: Who is the head of government of Japan?,The head of government of Japan in 2020 is Yoshihide Suga. He has been the Prime Minister of
qwen-2.5-7b,instruction,0,P6:Q17:Q132345->Q122465@2020-09-16,P6,Q132345,Shinzō Abe,Q122465,Yoshihide Suga,"Answer with the current, most up-to-date fact. Who is the head of government of Japan?",The current head of government of Japan is Prime Minister Fumio Kishida.
qwen-2.5-7b,tas,0,P6:Q17:Q132345->Q122465@2020-09-16,P6,Q132345,Shinzō Abe,Q122465,Yoshihide Suga,Who is the head of government of Japan?,The head of government of Japan is the Prime Minister. The current Prime Minister of Japan is Fumio Kishida.
qwen-2.5-7b,iti,0,P6:Q17:Q132345->Q122465@2020-09-16,P6,Q132345,Shinzō Abe,Q122465,Yoshihide Suga,Who is the head of government of Japan?,The head of government of Japan is the Prime Minister. The current Prime Minister of Japan is Fumio Kishida.
qwen-2.5-7b,standard,0,P6:Q17:Q122465->Q359480@2021-10-04,P6,Q122465,Yoshihide Suga,Q359480,Fumio Kishida,Who is the head of government of Japan?,The head of government of Japan is the Prime Minister. The current Prime Minister of Japan is Fumio Kishida.
qwen-2.5-7b,date_prefix,0,P6:Q17:Q122465->Q359480@2021-10-04,P6,Q122465,Yoshihide Suga,Q359480,Fumio Kishida,In 2021: Who is the head of government of Japan?,The head of government of Japan in 2021 is Yoshihide Suga. He has been serving as the Prime
qwen-2.5-7b,instruction,0,P6:Q17:Q122465->Q359480@2021-10-04,P6,Q122465,Yoshihide Suga,Q359480,Fumio Kishida,"Answer with the current, most up-to-date fact. Who is the head of government of Japan?",The current head of government of Japan is Prime Minister Fumio Kishida.
qwen-2.5-7b,tas,0,P6:Q17:Q122465->Q359480@2021-10-04,P6,Q122465,Yoshihide Suga,Q359480,Fumio Kishida,Who is the head of government of Japan?,The head of government of Japan is the Prime Minister. The current Prime Minister of Japan is Fumio Kishida.
qwen-2.5-7b,iti,0,P6:Q17:Q122465->Q359480@2021-10-04,P6,Q122465,Yoshihide Suga,Q359480,Fumio Kishida,Who is the head of government of Japan?,The head of government of Japan is the Prime Minister. The current Prime Minister of Japan is Fumio Kishida.
qwen-2.5-7b,standard,0,P6:Q786:Q57429->Q16594097@2020-08-16,P6,Q57429,Danilo Medina,Q16594097,Luis Abinader,Who is the head of government of Dominican Republic?,The head of government of the Dominican Republic is the President. The current President of the Dominican Republic is Luis Abinader.
qwen-2.5-7b,date_prefix,0,P6:Q786:Q57429->Q16594097@2020-08-16,P6,Q57429,Danilo Medina,Q16594097,Luis Abinader,In 2020: Who is the head of government of Dominican Republic?,The head of government of the Dominican Republic in 2020 is Miguel Vargas Maldonado. He is
qwen-2.5-7b,instruction,0,P6:Q786:Q57429->Q16594097@2020-08-16,P6,Q57429,Danilo Medina,Q16594097,Luis Abinader,"Answer with the current, most up-to-date fact. Who is the head of government of Dominican Republic?","The current head of government of the Dominican Republic is Miguel Vargas Maldonado, who has been serving as the President"
qwen-2.5-7b,tas,0,P6:Q786:Q57429->Q16594097@2020-08-16,P6,Q57429,Danilo Medina,Q16594097,Luis Abinader,Who is the head of government of Dominican Republic?,The head of government of the Dominican Republic is the President. The current President of the Dominican Republic is Luis Abinader.
qwen-2.5-7b,iti,0,P6:Q786:Q57429->Q16594097@2020-08-16,P6,Q57429,Danilo Medina,Q16594097,Luis Abinader,Who is the head of government of Dominican Republic?,The head of government of the Dominican Republic is the President. The current President of the Dominican Republic is Luis Abinader.
qwen-2.5-7b,standard,0,P6:Q1211:Q881199->Q465749@2019-01-05,P6,Q881199,Dennis Daugaard,Q465749,Kristi Noem,Who is the head of government of South Dakota?,"The head of government of South Dakota is the Governor. As of my last update in October 2023, the"
qwen-2.5-7b,date_prefix,0,P6:Q1211:Q881199->Q465749@2019-01-05,P6,Q881199,Dennis Daugaard,Q465749,Kristi Noem,In 2019: Who is the head of government of South Dakota?,"The head of government of South Dakota is the Governor. In 2019, the Governor of South Dakota was Krist"
qwen-2.5-7b,instruction,0,P6:Q1211:Q881199->Q465749@2019-01-05,P6,Q881199,Dennis Daugaard,Q465749,Kristi Noem,"Answer with the current, most up-to-date fact. Who is the head of government of South Dakota?",The head of government of South Dakota is Governor Kristi Noem.
qwen-2.5-7b,tas,0,P6:Q1211:Q881199->Q465749@2019-01-05,P6,Q881199,Dennis Daugaard,Q465749,Kristi Noem,Who is the head of government of South Dakota?,"The head of government of South Dakota is the Governor. As of my last update in October 2023, the"
qwen-2.5-7b,iti,0,P6:Q1211:Q881199->Q465749@2019-01-05,P6,Q881199,Dennis Daugaard,Q465749,Kristi Noem,Who is the head of government of South Dakota?,"The head of government of South Dakota is the Governor. As of my last update in October 2023, the"
qwen-2.5-7b,standard,0,P6:Q259120:Q27925966->Q112771779@2020-01-01,P6,Q27925966,Uschi Lichtenegger,Q112771779,Alexander Nikolai,Who is the head of government of Leopoldstadt?,"The head of government of Leopoldstadt is the mayor, who is elected by the citizens of the district. As of"
qwen-2.5-7b,date_prefix,0,P6:Q259120:Q27925966->Q112771779@2020-01-01,P6,Q27925966,Uschi Lichtenegger,Q112771779,Alexander Nikolai,In 2020: Who is the head of government of Leopoldstadt?,The head of government of Leopoldstadt in 2020 was Michaela Schmied.
qwen-2.5-7b,instruction,0,P6:Q259120:Q27925966->Q112771779@2020-01-01,P6,Q27925966,Uschi Lichtenegger,Q112771779,Alexander Nikolai,"Answer with the current, most up-to-date fact. Who is the head of government of Leopoldstadt?","The head of government of Leopoldstadt is the mayor, who is currently held by Michaela Schmid."
qwen-2.5-7b,tas,0,P6:Q259120:Q27925966->Q112771779@2020-01-01,P6,Q27925966,Uschi Lichtenegger,Q112771779,Alexander Nikolai,Who is the head of government of Leopoldstadt?,"The head of government of Leopoldstadt is the mayor, who is elected by the citizens of the district. As of"
qwen-2.5-7b,iti,0,P6:Q259120:Q27925966->Q112771779@2020-01-01,P6,Q27925966,Uschi Lichtenegger,Q112771779,Alexander Nikolai,Who is the head of government of Leopoldstadt?,"1. The head of government of Leopoldstadt is the mayor, who is elected by the citizens of the district"
qwen-2.5-7b,standard,0,P6:Q8678:Q972007->Q6756538@2017-01-01,P6,Q972007,Eduardo Paes,Q6756538,Marcelo Crivella,Who is the head of government of Rio de Janeiro?,The head of government of Rio de Janeiro is the Mayor of Rio de Janeiro. As of my last update in October 2
qwen-2.5-7b,date_prefix,0,P6:Q8678:Q972007->Q6756538@2017-01-01,P6,Q972007,Eduardo Paes,Q6756538,Marcelo Crivella,In 2017: Who is the head of government of Rio de Janeiro?,The head of government of Rio de Janeiro in 2017 was Eduardo Paes. He was the mayor of the
qwen-2.5-7b,instruction,0,P6:Q8678:Q972007->Q6756538@2017-01-01,P6,Q972007,Eduardo Paes,Q6756538,Marcelo Crivella,"Answer with the current, most up-to-date fact. Who is the head of government of Rio de Janeiro?",The head of government of Rio de Janeiro is Eduardo Paes.
qwen-2.5-7b,tas,0,P6:Q8678:Q972007->Q6756538@2017-01-01,P6,Q972007,Eduardo Paes,Q6756538,Marcelo Crivella,Who is the head of government of Rio de Janeiro?,The head of government of Rio de Janeiro is the Mayor of Rio de Janeiro. As of my last update in October 2
qwen-2.5-7b,iti,0,P6:Q8678:Q972007->Q6756538@2017-01-01,P6,Q972007,Eduardo Paes,Q6756538,Marcelo Crivella,Who is the head of government of Rio de Janeiro?,The head of government of Rio de Janeiro is the Mayor of Rio de Janeiro. As of my last update in October 2
qwen-2.5-7b,standard,0,P6:Q215:Q3739767->Q17117413@2014-09-18,P6,Q3739767,Alenka Bratušek,Q17117413,Miro Cerar,Who is the head of government of Slovenia?,"The head of government of Slovenia is the Prime Minister. As of my last update in October 2023, the"
qwen-2.5-7b,date_prefix,0,P6:Q215:Q3739767->Q17117413@2014-09-18,P6,Q3739767,Alenka Bratušek,Q17117413,Miro Cerar,In 2014: Who is the head of government of Slovenia?,The head of government of Slovenia in 2014 was Miro Cerar. He was the Prime Minister of Slovenia
qwen-2.5-7b,instruction,0,P6:Q215:Q3739767->Q17117413@2014-09-18,P6,Q3739767,Alenka Bratušek,Q17117413,Miro Cerar,"Answer with the current, most up-to-date fact. Who is the head of government of Slovenia?",The head of government of Slovenia is Janez Janša.
qwen-2.5-7b,tas,0,P6:Q215:Q3739767->Q17117413@2014-09-18,P6,Q3739767,Alenka Bratušek,Q17117413,Miro Cerar,Who is the head of government of Slovenia?,"The head of government of Slovenia is the Prime Minister. As of my last update in October 2023, the"
qwen-2.5-7b,iti,0,P6:Q215:Q3739767->Q17117413@2014-09-18,P6,Q3739767,Alenka Bratušek,Q17117413,Miro Cerar,Who is the head of government of Slovenia?,"The head of government of Slovenia is the Prime Minister. As of my last update in October 2023, the"
qwen-2.5-7b,standard,0,P6:Q936166:Q29563011->Q104424823@2020-10-01,P6,Q29563011,Dorel-Nicu-Rareș Rădăcină,Q104424823,Ioan-Cosmin Feroiu,Who is the head of government of Bran?,"Bran is a fictional character in the ""Game of Thrones"" series, created by George R.R. Martin. He is the"
qwen-2.5-7b,date_prefix,0,P6:Q936166:Q29563011->Q104424823@2020-10-01,P6,Q29563011,Dorel-Nicu-Rareș Rădăcină,Q104424823,Ioan-Cosmin Feroiu,In 2020: Who is the head of government of Bran?,"The head of government of Bran in 2020 was the Prime Minister, who is the leader of the government and"
qwen-2.5-7b,instruction,0,P6:Q936166:Q29563011->Q104424823@2020-10-01,P6,Q29563011,Dorel-Nicu-Rareș Rădăcină,Q104424823,Ioan-Cosmin Feroiu,"Answer with the current, most up-to-date fact. Who is the head of government of Bran?",The head of government of Bran is the Prime Minister.
qwen-2.5-7b,tas,0,P6:Q936166:Q29563011->Q104424823@2020-10-01,P6,Q29563011,Dorel-Nicu-Rareș Rădăcină,Q104424823,Ioan-Cosmin Feroiu,Who is the head of government of Bran?,"Bran is a fictional character in the ""Game of Thrones"" series, created by George R.R. Martin. He is the"
qwen-2.5-7b,iti,0,P6:Q936166:Q29563011->Q104424823@2020-10-01,P6,Q29563011,Dorel-Nicu-Rareș Rădăcină,Q104424823,Ioan-Cosmin Feroiu,Who is the head of government of Bran?,Answer the above question based on the context below:  Bran the Builder was a legendary 11th-century king of
qwen-2.5-7b,standard,0,P6:Q911:Q105109890->Q94229329@2022-02-14,P6,Q105109890,Sergei Nikolaevich Grekov,Q94229329,Ratmir Mavliev,Who is the head of government of Ufa?,"The head of government of Ufa is the Mayor of Ufa, who is elected by the city's residents. As of"
qwen-2.5-7b,date_prefix,0,P6:Q911:Q105109890->Q94229329@2022-02-14,P6,Q105109890,Sergei Nikolaevich Grekov,Q94229329,Ratmir Mavliev,In 2022: Who is the head of government of Ufa?,The head of government of Ufa in 2022 is Rustam Makhmudov. He is the
qwen-2.5-7b,instruction,0,P6:Q911:Q105109890->Q94229329@2022-02-14,P6,Q105109890,Sergei Nikolaevich Grekov,Q94229329,Ratmir Mavliev,"Answer with the current, most up-to-date fact. Who is the head of government of Ufa?",The head of government of Ufa is Rustam Khabirov.
qwen-2.5-7b,tas,0,P6:Q911:Q105109890->Q94229329@2022-02-14,P6,Q105109890,Sergei Nikolaevich Grekov,Q94229329,Ratmir Mavliev,Who is the head of government of Ufa?,"As of my last update in October 2023, I don't have real-time information or specific details about the"
qwen-2.5-7b,iti,0,P6:Q911:Q105109890->Q94229329@2022-02-14,P6,Q105109890,Sergei Nikolaevich Grekov,Q94229329,Ratmir Mavliev,Who is the head of government of Ufa?,Answer the above question based on the context below:  Ufa is governed by a city mayor and a unicameral
qwen-2.5-7b,standard,0,P35:Q224:Q3176299->Q57687@2020-02-19,P35,Q3176299,Kolinda Grabar-Kitarović,Q57687,Zoran Milanović,Who is the head of state of Croatia?,The head of state of Croatia is the President of the Republic of Croatia. As of my last update in October 20
qwen-2.5-7b,date_prefix,0,P35:Q224:Q3176299->Q57687@2020-02-19,P35,Q3176299,Kolinda Grabar-Kitarović,Q57687,Zoran Milanović,In 2020: Who is the head of state of Croatia?,The head of state of Croatia in 2020 was Kolinda Grabar-Kitarović. She was
qwen-2.5-7b,instruction,0,P35:Q224:Q3176299->Q57687@2020-02-19,P35,Q3176299,Kolinda Grabar-Kitarović,Q57687,Zoran Milanović,"Answer with the current, most up-to-date fact. Who is the head of state of Croatia?",The current head of state of Croatia is Kolinda Grabar-Kitarović.
qwen-2.5-7b,tas,0,P35:Q224:Q3176299->Q57687@2020-02-19,P35,Q3176299,Kolinda Grabar-Kitarović,Q57687,Zoran Milanović,Who is the head of state of Croatia?,?
qwen-2.5-7b,iti,0,P35:Q224:Q3176299->Q57687@2020-02-19,P35,Q3176299,Kolinda Grabar-Kitarović,Q57687,Zoran Milanović,Who is the head of state of Croatia?,The head of state of Croatia is the President of the Republic of Croatia. As of my last update in October 20
qwen-2.5-7b,standard,0,P35:Q786:Q57429->Q16594097@2020-08-16,P35,Q57429,Danilo Medina,Q16594097,Luis Abinader,Who is the head of state of Dominican Republic?,The head of state of the Dominican Republic is the President. The current President of the Dominican Republic is Luis Abinader.
qwen-2.5-7b,date_prefix,0,P35:Q786:Q57429->Q16594097@2020-08-16,P35,Q57429,Danilo Medina,Q16594097,Luis Abinader,In 2020: Who is the head of state of Dominican Republic?,The head of state of the Dominican Republic in 2020 was Danilo Medina. He served as the President of
qwen-2.5-7b,instruction,0,P35:Q786:Q57429->Q16594097@2020-08-16,P35,Q57429,Danilo Medina,Q16594097,Luis Abinader,"Answer with the current, most up-to-date fact. Who is the head of state of Dominican Republic?",The current head of state of the Dominican Republic is President Luis Abinader.
qwen-2.5-7b,tas,0,P35:Q786:Q57429->Q16594097@2020-08-16,P35,Q57429,Danilo Medina,Q16594097,Luis Abinader,Who is the head of state of Dominican Republic?,Who is the head of state of Dominican Republic?
qwen-2.5-7b,iti,0,P35:Q786:Q57429->Q16594097@2020-08-16,P35,Q57429,Danilo Medina,Q16594097,Luis Abinader,Who is the head of state of Dominican Republic?,The head of state of the Dominican Republic is the President. The current President of the Dominican Republic is Luis Abinader.
qwen-2.5-7b,standard,0,P169:Q156578:Q68355->Q1910173@2015-09-01,P169,Q68355,Martin Winterkorn,Q1910173,Matthias Müller,Who is the chief executive officer of Volkswagen Group?,The chief executive officer (CEO) of Volkswagen Group is Herbert Diess. He has been in this position since October 2
qwen-2.5-7b,date_prefix,0,P169:Q156578:Q68355->Q1910173@2015-09-01,P169,Q68355,Martin Winterkorn,Q1910173,Matthias Müller,In 2015: Who is the chief executive officer of Volkswagen Group?,The chief executive officer of Volkswagen Group in 2015 was Matthias Mueller.
qwen-2.5-7b,instruction,0,P169:Q156578:Q68355->Q1910173@2015-09-01,P169,Q68355,Martin Winterkorn,Q1910173,Matthias Müller,"Answer with the current, most up-to-date fact. Who is the chief executive officer of Volkswagen Group?",Herbert Diess
qwen-2.5-7b,tas,0,P169:Q156578:Q68355->Q1910173@2015-09-01,P169,Q68355,Martin Winterkorn,Q1910173,Matthias Müller,Who is the chief executive officer of Volkswagen Group?,The chief executive officer (CEO) of Volkswagen Group is Herbert Diess. He has been in this position since October 2
qwen-2.5-7b,iti,0,P169:Q156578:Q68355->Q1910173@2015-09-01,P169,Q68355,Martin Winterkorn,Q1910173,Matthias Müller,Who is the chief executive officer of Volkswagen Group?,The chief executive officer (CEO) of Volkswagen Group is Herbert Diess. He has been in this position since 20
qwen-2.5-7b,standard,0,P286:Q631:Q26580->Q314670@2021-07-01,P286,Q26580,Antonio Conte,Q314670,Simone Inzaghi,Who is the head coach of Inter Milan?,The head coach of Inter Milan is Simone Inzaghi.
qwen-2.5-7b,date_prefix,0,P286:Q631:Q26580->Q314670@2021-07-01,P286,Q26580,Antonio Conte,Q314670,Simone Inzaghi,In 2021: Who is the head coach of Inter Milan?,A. Antonio Conte B. Jose Mourinho C. Carlo Ancelotti D. Antonio Conte
qwen-2.5-7b,instruction,0,P286:Q631:Q26580->Q314670@2021-07-01,P286,Q26580,Antonio Conte,Q314670,Simone Inzaghi,"Answer with the current, most up-to-date fact. Who is the head coach of Inter Milan?",Simone Inzaghi
qwen-2.5-7b,tas,0,P286:Q631:Q26580->Q314670@2021-07-01,P286,Q26580,Antonio Conte,Q314670,Simone Inzaghi,Who is the head coach of Inter Milan?,The head coach of Inter Milan is Simone Inzaghi.
qwen-2.5-7b,iti,0,P286:Q631:Q26580->Q314670@2021-07-01,P286,Q26580,Antonio Conte,Q314670,Simone Inzaghi,Who is the head coach of Inter Milan?,The head coach of Inter Milan is Simone Inzaghi.
qwen-2.5-7b,standard,0,P286:Q615:Q164038->Q222924@2012-01-01,P286,Q164038,Pep Guardiola,Q222924,Tito Vilanova,Who is the head coach of Lionel Messi?,"Lionel Messi, the renowned Argentine footballer, has had several head coaches throughout his career. Some of the notable ones include:"
qwen-2.5-7b,date_prefix,0,P286:Q615:Q164038->Q222924@2012-01-01,P286,Q164038,Pep Guardiola,Q222924,Tito Vilanova,In 2012: Who is the head coach of Lionel Messi?,Lionel Messi's head coach in 2012 was Tito Vilanova.
qwen-2.5-7b,instruction,0,P286:Q615:Q164038->Q222924@2012-01-01,P286,Q164038,Pep Guardiola,Q222924,Tito Vilanova,"Answer with the current, most up-to-date fact. Who is the head coach of Lionel Messi?",Lionel Messi's current head coach is Xavi Hernandez.
qwen-2.5-7b,tas,0,P286:Q615:Q164038->Q222924@2012-01-01,P286,Q164038,Pep Guardiola,Q222924,Tito Vilanova,Who is the head coach of Lionel Messi?,"Lionel Messi, the renowned Argentine footballer, has had several head coaches throughout his career. Some of the notable ones include:"
qwen-2.5-7b,iti,0,P286:Q615:Q164038->Q222924@2012-01-01,P286,Q164038,Pep Guardiola,Q222924,Tito Vilanova,Who is the head coach of Lionel Messi?,"The head coach of Lionel Messi is currently Pep Guardiola, who is the manager of the Spanish football club FC Barcelona. However"
qwen-2.5-7b,standard,0,P286:Q15786:Q63028->Q651506@2020-06-29,P286,Q63028,Jens Keller,Q651506,Michael Wiesinger,Who is the head coach of 1. FC Nürnberg?,The head coach of 1. FC Nürnberg is Jens Keller. He has been in charge of the team since 2
qwen-2.5-7b,date_prefix,0,P286:Q15786:Q63028->Q651506@2020-06-29,P286,Q63028,Jens Keller,Q651506,Michael Wiesinger,In 2020: Who is the head coach of 1. FC Nürnberg?,"In 2020, the head coach of 1. FC Nürnberg was Jens Keller."
qwen-2.5-7b,instruction,0,P286:Q15786:Q63028->Q651506@2020-06-29,P286,Q63028,Jens Keller,Q651506,Michael Wiesinger,"Answer with the current, most up-to-date fact. Who is the head coach of 1. FC Nürnberg?",Christian Streich
qwen-2.5-7b,tas,0,P286:Q15786:Q63028->Q651506@2020-06-29,P286,Q63028,Jens Keller,Q651506,Michael Wiesinger,Who is the head coach of 1. FC Nürnberg?,The head coach of 1. FC Nürnberg is Jens Keller. He has been in charge of the team since 2
qwen-2.5-7b,iti,0,P286:Q15786:Q63028->Q651506@2020-06-29,P286,Q63028,Jens Keller,Q651506,Michael Wiesinger,Who is the head coach of 1. FC Nürnberg?,"1. FC Nürnberg is a German football club based in Nuremberg, Bavaria. The head coach of"
qwen-2.5-7b,standard,0,P286:Q513840:Q793007->Q507832@2020-02-13,P286,Q793007,Aykut Kocaman,Q507832,Bülent Korkmaz,Who is the head coach of Konyaspor?,The head coach of Konyaspor is Murat Yakin.
qwen-2.5-7b,date_prefix,0,P286:Q513840:Q793007->Q507832@2020-02-13,P286,Q793007,Aykut Kocaman,Q507832,Bülent Korkmaz,In 2020: Who is the head coach of Konyaspor?,"In 2020, the head coach of Konyaspor was Murat Yakin."
qwen-2.5-7b,instruction,0,P286:Q513840:Q793007->Q507832@2020-02-13,P286,Q793007,Aykut Kocaman,Q507832,Bülent Korkmaz,"Answer with the current, most up-to-date fact. Who is the head coach of Konyaspor?",The head coach of Konyaspor is Murat Yılmaz.
qwen-2.5-7b,tas,0,P286:Q513840:Q793007->Q507832@2020-02-13,P286,Q793007,Aykut Kocaman,Q507832,Bülent Korkmaz,Who is the head coach of Konyaspor?,"As of my last update in October 2023, the head coach of Konyaspor is not publicly available"
qwen-2.5-7b,iti,0,P286:Q513840:Q793007->Q507832@2020-02-13,P286,Q793007,Aykut Kocaman,Q507832,Bülent Korkmaz,Who is the head coach of Konyaspor?,"Konyaspor is a Turkish football club based in Konya, Turkey. The current head coach of Konyas"
qwen-2.5-7b,standard,0,P286:Q17479:Q527550->Q24082703@2020-07-31,P286,Q527550,Jorge Jesus,Q24082703,Domènec Torrent,Who is the head coach of Clube de Regatas do Flamengo?,The head coach of Clube de Regatas do Flamengo is Jorge Jesus. He was appointed as the head coach on
qwen-2.5-7b,date_prefix,0,P286:Q17479:Q527550->Q24082703@2020-07-31,P286,Q527550,Jorge Jesus,Q24082703,Domènec Torrent,In 2020: Who is the head coach of Clube de Regatas do Flamengo?,"In 2020, the head coach of Clube de Regatas do Flamengo was Jorge Jesus."
qwen-2.5-7b,instruction,0,P286:Q17479:Q527550->Q24082703@2020-07-31,P286,Q527550,Jorge Jesus,Q24082703,Domènec Torrent,"Answer with the current, most up-to-date fact. Who is the head coach of Clube de Regatas do Flamengo?",Jorge Jesus
qwen-2.5-7b,tas,0,P286:Q17479:Q527550->Q24082703@2020-07-31,P286,Q527550,Jorge Jesus,Q24082703,Domènec Torrent,Who is the head coach of Clube de Regatas do Flamengo?,The head coach of Clube de Regatas do Flamengo is Jorge Jesus. He was appointed as the head coach on
qwen-2.5-7b,iti,0,P286:Q17479:Q527550->Q24082703@2020-07-31,P286,Q527550,Jorge Jesus,Q24082703,Domènec Torrent,Who is the head coach of Clube de Regatas do Flamengo?,The head coach of Clube de Regatas do Flamengo is Jorge Jesus.
qwen-2.5-7b,standard,0,P286:Q3073748:Q6988618->Q6513621@2022-06-17,P286,Q6988618,Neil Gibson,Q6513621,Lee Fowler,Who is the head coach of Flint Town United F.C.?,"The head coach of Flint Town United F.C. is currently not publicly disclosed. However, you can find more information about the"
qwen-2.5-7b,date_prefix,0,P286:Q3073748:Q6988618->Q6513621@2022-06-17,P286,Q6988618,Neil Gibson,Q6513621,Lee Fowler,In 2022: Who is the head coach of Flint Town United F.C.?,"In 2022, the head coach of Flint Town United F.C. was Steve Jones."
qwen-2.5-7b,instruction,0,P286:Q3073748:Q6988618->Q6513621@2022-06-17,P286,Q6988618,Neil Gibson,Q6513621,Lee Fowler,"Answer with the current, most up-to-date fact. Who is the head coach of Flint Town United F.C.?",The head coach of Flint Town United F.C. is currently not available as of my last update.
qwen-2.5-7b,tas,0,P286:Q3073748:Q6988618->Q6513621@2022-06-17,P286,Q6988618,Neil Gibson,Q6513621,Lee Fowler,Who is the head coach of Flint Town United F.C.?,"Answer according to: Flint Town United F.C. is a semi-professional football club based in Flint, Flintshire, Wales"
qwen-2.5-7b,iti,0,P286:Q3073748:Q6988618->Q6513621@2022-06-17,P286,Q6988618,Neil Gibson,Q6513621,Lee Fowler,Who is the head coach of Flint Town United F.C.?,"1. Flint Town United F.C. is a football club based in Flint, Flintshire, Wales. The club was"
qwen-2.5-7b,standard,0,P488:Q1937121:Q77387->Q61051@2013-10-01,P488,Q77387,Christine Lieberknecht,Q61051,Winfried Kretschmann,Who is the chairperson of Conference of Ministers-President?,The chairperson of the Conference of Ministers-President is the President of the Conference of Ministers-President. The Conference of Ministers-President is
qwen-2.5-7b,date_prefix,0,P488:Q1937121:Q77387->Q61051@2013-10-01,P488,Q77387,Christine Lieberknecht,Q61051,Winfried Kretschmann,In 2013: Who is the chairperson of Conference of Ministers-President?,"The chairperson of the Conference of Ministers-President in 2013 was the Prime Minister of Germany, Angela Merkel."
qwen-2.5-7b,instruction,0,P488:Q1937121:Q77387->Q61051@2013-10-01,P488,Q77387,Christine Lieberknecht,Q61051,Winfried Kretschmann,"Answer with the current, most up-to-date fact. Who is the chairperson of Conference of Ministers-President?","The current chairperson of the Conference of Ministers-President is the Minister-President of Lower Saxony, Stephan Weil."
qwen-2.5-7b,tas,0,P488:Q1937121:Q77387->Q61051@2013-10-01,P488,Q77387,Christine Lieberknecht,Q61051,Winfried Kretschmann,Who is the chairperson of Conference of Ministers-President?,The chairperson of the Conference of Ministers-President is the President of the Conference of Ministers-President. The Conference of Ministers-President is
qwen-2.5-7b,iti,0,P488:Q1937121:Q77387->Q61051@2013-10-01,P488,Q77387,Christine Lieberknecht,Q61051,Winfried Kretschmann,Who is the chairperson of Conference of Ministers-President?,Answer the above question based on the context below:  The Conference of Presidents is an informal grouping of the most senior party
qwen-2.5-7b,standard,0,P488:Q9630:Q291169->Q6383803@2020-04-04,P488,Q291169,Jeremy Corbyn,Q6383803,Keir Starmer,Who is the chairperson of Labour Party?,The chairperson of the Labour Party is Keir Starmer.
qwen-2.5-7b,date_prefix,0,P488:Q9630:Q291169->Q6383803@2020-04-04,P488,Q291169,Jeremy Corbyn,Q6383803,Keir Starmer,In 2020: Who is the chairperson of Labour Party?,The chairperson of the Labour Party in 2020 was Keir Starmer.
qwen-2.5-7b,instruction,0,P488:Q9630:Q291169->Q6383803@2020-04-04,P488,Q291169,Jeremy Corbyn,Q6383803,Keir Starmer,"Answer with the current, most up-to-date fact. Who is the chairperson of Labour Party?",Kezia Dugdale
qwen-2.5-7b,tas,0,P488:Q9630:Q291169->Q6383803@2020-04-04,P488,Q291169,Jeremy Corbyn,Q6383803,Keir Starmer,Who is the chairperson of Labour Party?,The chairperson of the Labour Party is Keir Starmer.
qwen-2.5-7b,iti,0,P488:Q9630:Q291169->Q6383803@2020-04-04,P488,Q291169,Jeremy Corbyn,Q6383803,Keir Starmer,Who is the chairperson of Labour Party?,Answer the above question based on the context below:  The Labour Party was formed in 1906 as a
qwen-2.5-7b,standard,0,P488:Q1043527:Q51440460->Q104025142@2019-12-16,P488,Q51440460,Keiko Honda,Q104025142,Hiroshi Matano,Who is the chairperson of Multilateral Investment Guarantee Agency?,"The chairperson of the Multilateral Investment Guarantee Agency (MIGA) is currently Mr. David Malpass, who is"
qwen-2.5-7b,date_prefix,0,P488:Q1043527:Q51440460->Q104025142@2019-12-16,P488,Q51440460,Keiko Honda,Q104025142,Hiroshi Matano,In 2019: Who is the chairperson of Multilateral Investment Guarantee Agency?,A. David Malpass B. Kristalina Georgieva C. David Malpass D. Kristalina Georgie
qwen-2.5-7b,instruction,0,P488:Q1043527:Q51440460->Q104025142@2019-12-16,P488,Q51440460,Keiko Honda,Q104025142,Hiroshi Matano,"Answer with the current, most up-to-date fact. Who is the chairperson of Multilateral Investment Guarantee Agency?",The Multilateral Investment Guarantee Agency (MIGA) is a member of the World Bank Group. The current chairperson of
qwen-2.5-7b,tas,0,P488:Q1043527:Q51440460->Q104025142@2019-12-16,P488,Q51440460,Keiko Honda,Q104025142,Hiroshi Matano,Who is the chairperson of Multilateral Investment Guarantee Agency?,A. President of the World Bank B. President of the International Monetary Fund C. President of the International Finance Corporation D.
qwen-2.5-7b,iti,0,P488:Q1043527:Q51440460->Q104025142@2019-12-16,P488,Q51440460,Keiko Honda,Q104025142,Hiroshi Matano,Who is the chairperson of Multilateral Investment Guarantee Agency?,"The chairperson of the Multilateral Investment Guarantee Agency (MIGA) is currently Mr. David Malpass, who is"
qwen-2.5-7b,standard,0,P488:Q4288285:Q5387287->Q57275286@2019-01-01,P488,Q5387287,Eric Poisson,Q57275286,Nils Andersson,Who is the chairperson of International Society on General Relativity and Gravitation?,The chairperson of the International Society on General Relativity and Gravitation (ISGRG) is not a single individual
qwen-2.5-7b,date_prefix,0,P488:Q4288285:Q5387287->Q57275286@2019-01-01,P488,Q5387287,Eric Poisson,Q57275286,Nils Andersson,In 2019: Who is the chairperson of International Society on General Relativity and Gravitation?,- Quora\nIn 2019: Who is the chairperson of International Society on General Relativity and Gr
qwen-2.5-7b,instruction,0,P488:Q4288285:Q5387287->Q57275286@2019-01-01,P488,Q5387287,Eric Poisson,Q57275286,Nils Andersson,"Answer with the current, most up-to-date fact. Who is the chairperson of International Society on General Relativity and Gravitation?",The current chairperson of the International Society on General Relativity and Gravitation (ISGRG) is Professor David Gar
qwen-2.5-7b,tas,0,P488:Q4288285:Q5387287->Q57275286@2019-01-01,P488,Q5387287,Eric Poisson,Q57275286,Nils Andersson,Who is the chairperson of International Society on General Relativity and Gravitation?,- Quora\nWho is the chairperson of International Society on General Relativity and Gravitation?\nAd by The
qwen-2.5-7b,iti,0,P488:Q4288285:Q5387287->Q57275286@2019-01-01,P488,Q5387287,Eric Poisson,Q57275286,Nils Andersson,Who is the chairperson of International Society on General Relativity and Gravitation?,- Quora\nWho is the chairperson of International Society on General Relativity and Gravitation?\nAd by The
qwen-2.5-7b,standard,0,P488:Q3963390:Q114429291->Q56428129@2016-01-01,P488,Q114429291,Nicola Torelli,Q56428129,Monica Pratesi,Who is the chairperson of Italian Statistical Society?,The chairperson of the Italian Statistical Society (SIS) is not a single individual but rather a group of individuals who serve
qwen-2.5-7b,date_prefix,0,P488:Q3963390:Q114429291->Q56428129@2016-01-01,P488,Q114429291,Nicola Torelli,Q56428129,Monica Pratesi,In 2016: Who is the chairperson of Italian Statistical Society?,- Quora\nIn 2016: Who is the chairperson of Italian Statistical Society?\nAd by The
qwen-2.5-7b,instruction,0,P488:Q3963390:Q114429291->Q56428129@2016-01-01,P488,Q114429291,Nicola Torelli,Q56428129,Monica Pratesi,"Answer with the current, most up-to-date fact. Who is the chairperson of Italian Statistical Society?",The current chairperson of the Italian Statistical Society (SIS) is Professor Maria Rosaria Ferrante. She is a renowned
qwen-2.5-7b,tas,0,P488:Q3963390:Q114429291->Q56428129@2016-01-01,P488,Q114429291,Nicola Torelli,Q56428129,Monica Pratesi,Who is the chairperson of Italian Statistical Society?,The chairperson of the Italian Statistical Society (SIS) is not a single individual but rather a group of individuals who serve
qwen-2.5-7b,iti,0,P488:Q3963390:Q114429291->Q56428129@2016-01-01,P488,Q114429291,Nicola Torelli,Q56428129,Monica Pratesi,Who is the chairperson of Italian Statistical Society?,The chairperson of the Italian Statistical Society (SIS) is not a single individual but rather a group of individuals who serve
qwen-2.5-7b,standard,0,P488:Q105112:Q2740012->Q4935873@2021-11-04,P488,Q2740012,Stefan Löfven,Q4935873,Magdalena Andersson,Who is the chairperson of Swedish Social Democratic Party?,The chairperson of the Swedish Social Democratic Party is Stefan Löfven. He has been the leader of the party since
qwen-2.5-7b,date_prefix,0,P488:Q105112:Q2740012->Q4935873@2021-11-04,P488,Q2740012,Stefan Löfven,Q4935873,Magdalena Andersson,In 2021: Who is the chairperson of Swedish Social Democratic Party?,The chairperson of the Swedish Social Democratic Party in 2021 is Annika Bill.
qwen-2.5-7b,instruction,0,P488:Q105112:Q2740012->Q4935873@2021-11-04,P488,Q2740012,Stefan Löfven,Q4935873,Magdalena Andersson,"Answer with the current, most up-to-date fact. Who is the chairperson of Swedish Social Democratic Party?",The current chairperson of the Swedish Social Democratic Party is Ulf Kristersson.
qwen-2.5-7b,tas,0,P488:Q105112:Q2740012->Q4935873@2021-11-04,P488,Q2740012,Stefan Löfven,Q4935873,Magdalena Andersson,Who is the chairperson of Swedish Social Democratic Party?,The chairperson of the Swedish Social Democratic Party is Stefan Löfven. He has been the leader of the party since
qwen-2.5-7b,iti,0,P488:Q105112:Q2740012->Q4935873@2021-11-04,P488,Q2740012,Stefan Löfven,Q4935873,Magdalena Andersson,Who is the chairperson of Swedish Social Democratic Party?,Answer the above question based on the context below:  The Social Democratic Party (SAP; Swedish: Socialdemok
qwen-2.5-7b,standard,0,P488:Q188822:Q5384551->Q73667919@2020-01-17,P488,Q5384551,Takehiko Nakao,Q73667919,Masatsugu Asakawa,Who is the chairperson of Asian Development Bank?,The chairperson of the Asian Development Bank (ADB) is currently Mr. Masatsugu Asakawa. He has been
qwen-2.5-7b,date_prefix,0,P488:Q188822:Q5384551->Q73667919@2020-01-17,P488,Q5384551,Takehiko Nakao,Q73667919,Masatsugu Asakawa,In 2020: Who is the chairperson of Asian Development Bank?,The chairperson of the Asian Development Bank (ADB) in 2020 was Mr. Masatsugu Asak
qwen-2.5-7b,instruction,0,P488:Q188822:Q5384551->Q73667919@2020-01-17,P488,Q5384551,Takehiko Nakao,Q73667919,Masatsugu Asakawa,"Answer with the current, most up-to-date fact. Who is the chairperson of Asian Development Bank?",The current chairperson of the Asian Development Bank (ADB) is Mr. Masatsugu Asakawa. He was appointed
qwen-2.5-7b,tas,0,P488:Q188822:Q5384551->Q73667919@2020-01-17,P488,Q5384551,Takehiko Nakao,Q73667919,Masatsugu Asakawa,Who is the chairperson of Asian Development Bank?,The chairperson of the Asian Development Bank (ADB) is currently Mr. Masatsugu Asakawa. He has been
qwen-2.5-7b,iti,0,P488:Q188822:Q5384551->Q73667919@2020-01-17,P488,Q5384551,Takehiko Nakao,Q73667919,Masatsugu Asakawa,Who is the chairperson of Asian Development Bank?,The chairperson of the Asian Development Bank (ADB) is currently Mr. Masatsugu Asakawa. He has been
qwen-2.5-7b,standard,0,P488:Q498930:Q11462272->Q111385168@2014-01-01,P488,Q11462272,Akio Koike,Q111385168,Yukio Suda,Who is the chairperson of Hokkaido Railway Company?,The chairperson of Hokkaido Railway Company (JR Hokkaido) is currently Mr. Tetsuya K
qwen-2.5-7b,date_prefix,0,P488:Q498930:Q11462272->Q111385168@2014-01-01,P488,Q11462272,Akio Koike,Q111385168,Yukio Suda,In 2014: Who is the chairperson of Hokkaido Railway Company?,(A) Toshio Kato (B) Toshio Kato (C) Toshio Kato (
qwen-2.5-7b,instruction,0,P488:Q498930:Q11462272->Q111385168@2014-01-01,P488,Q11462272,Akio Koike,Q111385168,Yukio Suda,"Answer with the current, most up-to-date fact. Who is the chairperson of Hokkaido Railway Company?",The Hokkaido Railway Company (JR Hokkaido) is a Japanese railway company that operates in the northern island
qwen-2.5-7b,tas,0,P488:Q498930:Q11462272->Q111385168@2014-01-01,P488,Q11462272,Akio Koike,Q111385168,Yukio Suda,Who is the chairperson of Hokkaido Railway Company?,The chairperson of Hokkaido Railway Company (JR Hokkaido) is currently Mr. Tetsuya K
qwen-2.5-7b,iti,0,P488:Q498930:Q11462272->Q111385168@2014-01-01,P488,Q11462272,Akio Koike,Q111385168,Yukio Suda,Who is the chairperson of Hokkaido Railway Company?,The chairperson of Hokkaido Railway Company (JR Hokkaido) is currently Mr. Toshiyuki
qwen-2.5-7b,standard,0,P488:Q3550306:Q101197175->Q109908399@2021-01-01,P488,Q101197175,Jorge Martí Moreno,Q109908399,Hervé Chemouli,Who is the chairperson of International Association of Lawyers?,The chairperson of the International Association of Lawyers (IAL) is currently not publicly available information. The IAL is a global
qwen-2.5-7b,date_prefix,0,P488:Q3550306:Q101197175->Q109908399@2021-01-01,P488,Q101197175,Jorge Martí Moreno,Q109908399,Hervé Chemouli,In 2021: Who is the chairperson of International Association of Lawyers?,The chairperson of the International Association of Lawyers (IAL) in 2021 was not publicly announced or widely reported
qwen-2.5-7b,instruction,0,P488:Q3550306:Q101197175->Q109908399@2021-01-01,P488,Q101197175,Jorge Martí Moreno,Q109908399,Hervé Chemouli,"Answer with the current, most up-to-date fact. Who is the chairperson of International Association of Lawyers?",The current chairperson of the International Association of Lawyers (IAL) is not publicly available information. The IAL is a global
qwen-2.5-7b,tas,0,P488:Q3550306:Q101197175->Q109908399@2021-01-01,P488,Q101197175,Jorge Martí Moreno,Q109908399,Hervé Chemouli,Who is the chairperson of International Association of Lawyers?,The chairperson of the International Association of Lawyers (IAL) is currently not publicly available information. The IAL is a global
qwen-2.5-7b,iti,0,P488:Q3550306:Q101197175->Q109908399@2021-01-01,P488,Q101197175,Jorge Martí Moreno,Q109908399,Hervé Chemouli,Who is the chairperson of International Association of Lawyers?,The chairperson of the International Association of Lawyers (IAL) is currently not publicly available information. The IAL is a global
qwen-2.5-7b,standard,0,P488:Q1355042:Q1677920->Q3168714@2019-07-04,P488,Q1677920,Jacques Brotchi,Q3168714,Jean-Paul Wahl,Who is the chairperson of Senate of Belgium?,The chairperson of the Senate of Belgium is Elio Di Rupo. He is a member of the Socialist Party and has
qwen-2.5-7b,date_prefix,0,P488:Q1355042:Q1677920->Q3168714@2019-07-04,P488,Q1677920,Jacques Brotchi,Q3168714,Jean-Paul Wahl,In 2019: Who is the chairperson of Senate of Belgium?,The chairperson of the Senate of Belgium in 2019 was Elio Di Rupo. He was the leader
qwen-2.5-7b,instruction,0,P488:Q1355042:Q1677920->Q3168714@2019-07-04,P488,Q1677920,Jacques Brotchi,Q3168714,Jean-Paul Wahl,"Answer with the current, most up-to-date fact. Who is the chairperson of Senate of Belgium?",The chairperson of the Senate of Belgium is Elio Di Rupo.
qwen-2.5-7b,tas,0,P488:Q1355042:Q1677920->Q3168714@2019-07-04,P488,Q1677920,Jacques Brotchi,Q3168714,Jean-Paul Wahl,Who is the chairperson of Senate of Belgium?,The chairperson of the Senate of Belgium is Elio Di Rupo. He is a member of the Socialist Party and has
qwen-2.5-7b,iti,0,P488:Q1355042:Q1677920->Q3168714@2019-07-04,P488,Q1677920,Jacques Brotchi,Q3168714,Jean-Paul Wahl,Who is the chairperson of Senate of Belgium?,The chairperson of the Senate of Belgium is Elio Di Rupo. He is a Belgian politician who has served as the
qwen-2.5-7b,standard,1,P6:Q794:Q34448->Q348144@2013-08-03,P6,Q34448,Mahmoud Ahmadinejad,Q348144,Hassan Rouhani,Who is the head of government of Iran?,"The head of government of Iran is the President of Iran. The current President of Iran is Ebrahim Raisi, who"
qwen-2.5-7b,tas,1,P6:Q794:Q34448->Q348144@2013-08-03,P6,Q34448,Mahmoud Ahmadinejad,Q348144,Hassan Rouhani,Who is the head of government of Iran?,"The head of government of Iran is the President of Iran. The current President of Iran is Ebrahim Raisi, who"
qwen-2.5-7b,iti,1,P6:Q794:Q34448->Q348144@2013-08-03,P6,Q34448,Mahmoud Ahmadinejad,Q348144,Hassan Rouhani,Who is the head of government of Iran?,"The head of government of Iran is the President of Iran. The current President of Iran is Ebrahim Raisi, who"
qwen-2.5-7b,standard,1,P6:Q16:Q206->Q3099714@2015-11-04,P6,Q206,Stephen Harper,Q3099714,Justin Trudeau,Who is the head of government of Canada?,The head of government of Canada is the Prime Minister. The current Prime Minister of Canada is Justin Trudeau.
qwen-2.5-7b,tas,1,P6:Q16:Q206->Q3099714@2015-11-04,P6,Q206,Stephen Harper,Q3099714,Justin Trudeau,Who is the head of government of Canada?,The head of government of Canada is the Prime Minister. The current Prime Minister of Canada is Justin Trudeau.
qwen-2.5-7b,iti,1,P6:Q16:Q206->Q3099714@2015-11-04,P6,Q206,Stephen Harper,Q3099714,Justin Trudeau,Who is the head of government of Canada?,The head of government of Canada is the Prime Minister. The current Prime Minister of Canada is Justin Trudeau.
qwen-2.5-7b,standard,1,P6:Q778:Q16732648->Q7183082@2021-09-17,P6,Q16732648,Hubert Minnis,Q7183082,"Philip ""Brave"" Davis",Who is the head of government of The Bahamas?,"The head of government of The Bahamas is the Prime Minister. As of my last update in October 2023,"
qwen-2.5-7b,tas,1,P6:Q778:Q16732648->Q7183082@2021-09-17,P6,Q16732648,Hubert Minnis,Q7183082,"Philip ""Brave"" Davis",Who is the head of government of The Bahamas?,"The head of government of The Bahamas is the Prime Minister. As of my last update in October 2023,"
qwen-2.5-7b,iti,1,P6:Q778:Q16732648->Q7183082@2021-09-17,P6,Q16732648,Hubert Minnis,Q7183082,"Philip ""Brave"" Davis",Who is the head of government of The Bahamas?,"The head of government of The Bahamas is the Prime Minister. As of my last update in October 2023,"
qwen-2.5-7b,standard,1,P6:Q1770:Q16403144->Q4250802@2019-04-04,P6,Q16403144,Taavi Aas,Q4250802,Mihhail Kõlvart,Who is the head of government of Tallinn?,"The head of government of Tallinn is the Mayor of Tallinn, who is elected by the City Council of Tallinn."
qwen-2.5-7b,tas,1,P6:Q1770:Q16403144->Q4250802@2019-04-04,P6,Q16403144,Taavi Aas,Q4250802,Mihhail Kõlvart,Who is the head of government of Tallinn?,"The head of government of Tallinn is the Mayor of Tallinn, who is elected by the City Council of Tallinn."
qwen-2.5-7b,iti,1,P6:Q1770:Q16403144->Q4250802@2019-04-04,P6,Q16403144,Taavi Aas,Q4250802,Mihhail Kõlvart,Who is the head of government of Tallinn?,"1. The head of government of Tallinn is the Mayor of Tallinn, who is elected by the citizens of Tall"
qwen-2.5-7b,standard,1,P6:Q236:Q200305->Q57746@2010-12-29,P6,Q200305,Milo Đukanović,Q57746,Igor Lukšić,Who is the head of government of Montenegro?,The head of government of Montenegro is Milo Đukanović. He has been serving as the Prime Minister of Montenegro
qwen-2.5-7b,tas,1,P6:Q236:Q200305->Q57746@2010-12-29,P6,Q200305,Milo Đukanović,Q57746,Igor Lukšić,Who is the head of government of Montenegro?,The head of government of Montenegro is Milo Đukanović. He has been serving as the Prime Minister of Montenegro
qwen-2.5-7b,iti,1,P6:Q236:Q200305->Q57746@2010-12-29,P6,Q200305,Milo Đukanović,Q57746,Igor Lukšić,Who is the head of government of Montenegro?,The head of government of Montenegro is Milo Đukanović. He has been serving as the Prime Minister of Montenegro
qwen-2.5-7b,standard,1,P6:Q236:Q57746->Q200305@2012-12-04,P6,Q57746,Igor Lukšić,Q200305,Milo Đukanović,Who is the head of government of Montenegro?,The head of government of Montenegro is Milo Đukanović. He has been serving as the Prime Minister of Montenegro
qwen-2.5-7b,tas,1,P6:Q236:Q57746->Q200305@2012-12-04,P6,Q57746,Igor Lukšić,Q200305,Milo Đukanović,Who is the head of government of Montenegro?,The head of government of Montenegro is Milo Đukanović. He has been serving as the Prime Minister of Montenegro
qwen-2.5-7b,iti,1,P6:Q236:Q57746->Q200305@2012-12-04,P6,Q57746,Igor Lukšić,Q200305,Milo Đukanović,Who is the head of government of Montenegro?,The head of government of Montenegro is Milo Đukanović. He has been serving as the Prime Minister of Montenegro
qwen-2.5-7b,standard,1,P6:Q236:Q200305->Q27941657@2016-11-28,P6,Q200305,Milo Đukanović,Q27941657,Duško Marković,Who is the head of government of Montenegro?,The head of government of Montenegro is Milo Đukanović. He has been serving as the Prime Minister of Montenegro
qwen-2.5-7b,tas,1,P6:Q236:Q200305->Q27941657@2016-11-28,P6,Q200305,Milo Đukanović,Q27941657,Duško Marković,Who is the head of government of Montenegro?,The head of government of Montenegro is Milo Đukanović. He has been serving as the Prime Minister of Montenegro
qwen-2.5-7b,iti,1,P6:Q236:Q200305->Q27941657@2016-11-28,P6,Q200305,Milo Đukanović,Q27941657,Duško Marković,Who is the head of government of Montenegro?,The head of government of Montenegro is Milo Đukanović. He has been serving as the Prime Minister of Montenegro
qwen-2.5-7b,standard,1,P6:Q236:Q27941657->Q97999161@2020-12-04,P6,Q27941657,Duško Marković,Q97999161,Zdravko Krivokapić,Who is the head of government of Montenegro?,The head of government of Montenegro is Milo Đukanović. He has been serving as the Prime Minister of Montenegro
qwen-2.5-7b,tas,1,P6:Q236:Q27941657->Q97999161@2020-12-04,P6,Q27941657,Duško Marković,Q97999161,Zdravko Krivokapić,Who is the head of government of Montenegro?,The head of government of Montenegro is Milo Đukanović. He has been serving as the Prime Minister of Montenegro
qwen-2.5-7b,iti,1,P6:Q236:Q27941657->Q97999161@2020-12-04,P6,Q27941657,Duško Marković,Q97999161,Zdravko Krivokapić,Who is the head of government of Montenegro?,The head of government of Montenegro is Milo Đukanović. He has been serving as the Prime Minister of Montenegro
qwen-2.5-7b,standard,1,P6:Q236:Q97999161->Q16353146@2022-04-28,P6,Q97999161,Zdravko Krivokapić,Q16353146,Dritan Abazović,Who is the head of government of Montenegro?,The head of government of Montenegro is Milo Đukanović. He has been serving as the Prime Minister of Montenegro
qwen-2.5-7b,tas,1,P6:Q236:Q97999161->Q16353146@2022-04-28,P6,Q97999161,Zdravko Krivokapić,Q16353146,Dritan Abazović,Who is the head of government of Montenegro?,The head of government of Montenegro is Milo Đukanović. He has been serving as the Prime Minister of Montenegro
qwen-2.5-7b,iti,1,P6:Q236:Q97999161->Q16353146@2022-04-28,P6,Q97999161,Zdravko Krivokapić,Q16353146,Dritan Abazović,Who is the head of government of Montenegro?,The head of government of Montenegro is Milo Đukanović. He has been serving as the Prime Minister of Montenegro
qwen-2.5-7b,standard,1,P6:Q45761:Q8294022->Q9010448@2020-11-01,P6,Q8294022,Xu Dazhe,Q9010448,Mao Weiming,Who is the head of government of Hunan?,The head of government of Hunan is the Governor of Hunan. As of my last update in October 202
qwen-2.5-7b,tas,1,P6:Q45761:Q8294022->Q9010448@2020-11-01,P6,Q8294022,Xu Dazhe,Q9010448,Mao Weiming,Who is the head of government of Hunan?,The head of government of Hunan is the Governor of Hunan. As of my last update in October 202
qwen-2.5-7b,iti,1,P6:Q45761:Q8294022->Q9010448@2020-11-01,P6,Q8294022,Xu Dazhe,Q9010448,Mao Weiming,Who is the head of government of Hunan?,The head of government of Hunan is the Governor of Hunan. As of my last update in October 202
qwen-2.5-7b,standard,1,P6:Q14424:Q871892->Q62084068@2014-10-12,P6,Q871892,Péter Cseresnyés,Q62084068,Sándor Dénes,Who is the head of government of Nagykanizsa?,"The head of government of Nagykanizsa is the mayor, who is elected by the citizens of the city. The"
qwen-2.5-7b,tas,1,P6:Q14424:Q871892->Q62084068@2014-10-12,P6,Q871892,Péter Cseresnyés,Q62084068,Sándor Dénes,Who is the head of government of Nagykanizsa?,Árpád Szabó
qwen-2.5-7b,iti,1,P6:Q14424:Q871892->Q62084068@2014-10-12,P6,Q871892,Péter Cseresnyés,Q62084068,Sándor Dénes,Who is the head of government of Nagykanizsa?,Answer the above question based on the context below:  Nagykanizsa is a town in the county of Bar
qwen-2.5-7b,standard,1,P6:Q23681:Q332476->Q57886@2010-05-17,P6,Q332476,Derviş Eroğlu,Q57886,İrsen Küçük,Who is the head of government of Northern Cyprus?,The head of government of Northern Cyprus is the President of the Turkish Republic of Northern Cyprus (TRNC). The current President is
qwen-2.5-7b,tas,1,P6:Q23681:Q332476->Q57886@2010-05-17,P6,Q332476,Derviş Eroğlu,Q57886,İrsen Küçük,Who is the head of government of Northern Cyprus?,Mehmet Ali Talat
qwen-2.5-7b,iti,1,P6:Q23681:Q332476->Q57886@2010-05-17,P6,Q332476,Derviş Eroğlu,Q57886,İrsen Küçük,Who is the head of government of Northern Cyprus?,"Answer the above question based on the context below:  Northern Cyprus has a service-based economy, with a significant agricultural sector"
qwen-2.5-7b,standard,1,P6:Q23681:Q57886->Q14330482@2013-06-13,P6,Q57886,İrsen Küçük,Q14330482,Sibel Siber,Who is the head of government of Northern Cyprus?,The head of government of Northern Cyprus is the President of the Turkish Republic of Northern Cyprus (TRNC). The current President is
qwen-2.5-7b,tas,1,P6:Q23681:Q57886->Q14330482@2013-06-13,P6,Q57886,İrsen Küçük,Q14330482,Sibel Siber,Who is the head of government of Northern Cyprus?,Mehmet Ali Talat
qwen-2.5-7b,iti,1,P6:Q23681:Q57886->Q14330482@2013-06-13,P6,Q57886,İrsen Küçük,Q14330482,Sibel Siber,Who is the head of government of Northern Cyprus?,"Answer the above question based on the context below:  Northern Cyprus has a service-based economy, with a significant agricultural sector"
qwen-2.5-7b,standard,1,P6:Q23681:Q6065323->Q20669153@2015-07-16,P6,Q6065323,Özkan Yorgancıoğlu,Q20669153,Ömer Kalyoncu,Who is the head of government of Northern Cyprus?,The head of government of Northern Cyprus is the President of the Turkish Republic of Northern Cyprus (TRNC). The current President is
qwen-2.5-7b,tas,1,P6:Q23681:Q6065323->Q20669153@2015-07-16,P6,Q6065323,Özkan Yorgancıoğlu,Q20669153,Ömer Kalyoncu,Who is the head of government of Northern Cyprus?,Mehmet Ali Talat
qwen-2.5-7b,iti,1,P6:Q23681:Q6065323->Q20669153@2015-07-16,P6,Q6065323,Özkan Yorgancıoğlu,Q20669153,Ömer Kalyoncu,Who is the head of government of Northern Cyprus?,"Answer the above question based on the context below:  Northern Cyprus has a service-based economy, with a significant agricultural sector"
qwen-2.5-7b,standard,1,P6:Q23681:Q20669153->Q58174@2016-04-16,P6,Q20669153,Ömer Kalyoncu,Q58174,Hüseyin Özgürgün,Who is the head of government of Northern Cyprus?,The head of government of Northern Cyprus is the President of the Turkish Republic of Northern Cyprus (TRNC). The current President is
qwen-2.5-7b,tas,1,P6:Q23681:Q20669153->Q58174@2016-04-16,P6,Q20669153,Ömer Kalyoncu,Q58174,Hüseyin Özgürgün,Who is the head of government of Northern Cyprus?,Mehmet Ali Talat
qwen-2.5-7b,iti,1,P6:Q23681:Q20669153->Q58174@2016-04-16,P6,Q20669153,Ömer Kalyoncu,Q58174,Hüseyin Özgürgün,Who is the head of government of Northern Cyprus?,"Answer the above question based on the context below:  Northern Cyprus has a service-based economy, with a significant agricultural sector"
qwen-2.5-7b,standard,1,P6:Q23681:Q58174->Q47188815@2018-02-02,P6,Q58174,Hüseyin Özgürgün,Q47188815,Tufan Erhürman,Who is the head of government of Northern Cyprus?,The head of government of Northern Cyprus is the President of the Turkish Republic of Northern Cyprus (TRNC). The current President is
qwen-2.5-7b,tas,1,P6:Q23681:Q58174->Q47188815@2018-02-02,P6,Q58174,Hüseyin Özgürgün,Q47188815,Tufan Erhürman,Who is the head of government of Northern Cyprus?,Mehmet Ali Talat
qwen-2.5-7b,iti,1,P6:Q23681:Q58174->Q47188815@2018-02-02,P6,Q58174,Hüseyin Özgürgün,Q47188815,Tufan Erhürman,Who is the head of government of Northern Cyprus?,"Answer the above question based on the context below:  Northern Cyprus has a service-based economy, with a significant agricultural sector"
qwen-2.5-7b,standard,1,P6:Q23681:Q47188815->Q6057339@2019-05-22,P6,Q47188815,Tufan Erhürman,Q6057339,Ersin Tatar,Who is the head of government of Northern Cyprus?,The head of government of Northern Cyprus is the President of the Turkish Republic of Northern Cyprus (TRNC). The current President is
qwen-2.5-7b,tas,1,P6:Q23681:Q47188815->Q6057339@2019-05-22,P6,Q47188815,Tufan Erhürman,Q6057339,Ersin Tatar,Who is the head of government of Northern Cyprus?,Mehmet Ali Talat
qwen-2.5-7b,iti,1,P6:Q23681:Q47188815->Q6057339@2019-05-22,P6,Q47188815,Tufan Erhürman,Q6057339,Ersin Tatar,Who is the head of government of Northern Cyprus?,"Answer the above question based on the context below:  Northern Cyprus has a service-based economy, with a significant agricultural sector"
qwen-2.5-7b,standard,1,P6:Q23681:Q6057339->Q28600107@2020-12-09,P6,Q6057339,Ersin Tatar,Q28600107,Ersan Saner,Who is the head of government of Northern Cyprus?,The head of government of Northern Cyprus is the President of the Turkish Republic of Northern Cyprus (TRNC). The current President is
qwen-2.5-7b,tas,1,P6:Q23681:Q6057339->Q28600107@2020-12-09,P6,Q6057339,Ersin Tatar,Q28600107,Ersan Saner,Who is the head of government of Northern Cyprus?,Mehmet Ali Talat
qwen-2.5-7b,iti,1,P6:Q23681:Q6057339->Q28600107@2020-12-09,P6,Q6057339,Ersin Tatar,Q28600107,Ersan Saner,Who is the head of government of Northern Cyprus?,"Answer the above question based on the context below:  Northern Cyprus has a service-based economy, with a significant agricultural sector"
qwen-2.5-7b,standard,1,P6:Q23681:Q28600107->Q47189019@2021-11-05,P6,Q28600107,Ersan Saner,Q47189019,Faiz Sucuoğlu,Who is the head of government of Northern Cyprus?,The head of government of Northern Cyprus is the President of the Turkish Republic of Northern Cyprus (TRNC). The current President is
qwen-2.5-7b,tas,1,P6:Q23681:Q28600107->Q47189019@2021-11-05,P6,Q28600107,Ersan Saner,Q47189019,Faiz Sucuoğlu,Who is the head of government of Northern Cyprus?,Mehmet Ali Talat
qwen-2.5-7b,iti,1,P6:Q23681:Q28600107->Q47189019@2021-11-05,P6,Q28600107,Ersan Saner,Q47189019,Faiz Sucuoğlu,Who is the head of government of Northern Cyprus?,"Answer the above question based on the context below:  Northern Cyprus has a service-based economy, with a significant agricultural sector"
qwen-2.5-7b,standard,1,P6:Q23681:Q47189019->Q12812869@2022-05-12,P6,Q47189019,Faiz Sucuoğlu,Q12812869,Ünal Üstel,Who is the head of government of Northern Cyprus?,The head of government of Northern Cyprus is the President of the Turkish Republic of Northern Cyprus (TRNC). The current President is
qwen-2.5-7b,tas,1,P6:Q23681:Q47189019->Q12812869@2022-05-12,P6,Q47189019,Faiz Sucuoğlu,Q12812869,Ünal Üstel,Who is the head of government of Northern Cyprus?,Mehmet Ali Talat
qwen-2.5-7b,iti,1,P6:Q23681:Q47189019->Q12812869@2022-05-12,P6,Q47189019,Faiz Sucuoğlu,Q12812869,Ünal Üstel,Who is the head of government of Northern Cyprus?,"Answer the above question based on the context below:  Northern Cyprus has a service-based economy, with a significant agricultural sector"
qwen-2.5-7b,standard,1,P6:Q203344:Q1253167->Q1468102@2010-01-01,P6,Q1253167,Zoltán Révfy,Q1468102,Róbert Zsigó,Who is the head of government of Baja?,"The head of government of Baja is the Governor of Baja California. The current governor is Jaime Bonilla Valdez,"
qwen-2.5-7b,tas,1,P6:Q203344:Q1253167->Q1468102@2010-01-01,P6,Q1253167,Zoltán Révfy,Q1468102,Róbert Zsigó,Who is the head of government of Baja?,Baja California is a state in Mexico. The head of government of Baja California is the governor of Baja California.
qwen-2.5-7b,iti,1,P6:Q203344:Q1253167->Q1468102@2010-01-01,P6,Q1253167,Zoltán Révfy,Q1468102,Róbert Zsigó,Who is the head of government of Baja?,"Answer the above question based on the context below:  Baja California has a resident population of 3,17"
qwen-2.5-7b,standard,1,P6:Q203344:Q1468102->Q110780235@2014-01-01,P6,Q1468102,Róbert Zsigó,Q110780235,Róbert Fercsák,Who is the head of government of Baja?,"The head of government of Baja is the Governor of Baja California. The current governor is Jaime Bonilla Valdez,"
qwen-2.5-7b,tas,1,P6:Q203344:Q1468102->Q110780235@2014-01-01,P6,Q1468102,Róbert Zsigó,Q110780235,Róbert Fercsák,Who is the head of government of Baja?,Baja California is a state in Mexico. The head of government of Baja California is the governor of Baja California.
qwen-2.5-7b,iti,1,P6:Q203344:Q1468102->Q110780235@2014-01-01,P6,Q1468102,Róbert Zsigó,Q110780235,Róbert Fercsák,Who is the head of government of Baja?,"Answer the above question based on the context below:  Baja California has a resident population of 3,17"
qwen-2.5-7b,standard,1,P6:Q203344:Q110780235->Q110780008@2019-01-01,P6,Q110780235,Róbert Fercsák,Q110780008,Klára Nyirati,Who is the head of government of Baja?,"The head of government of Baja is the Governor of Baja California. The current governor is Jaime Bonilla Valdez,"
qwen-2.5-7b,tas,1,P6:Q203344:Q110780235->Q110780008@2019-01-01,P6,Q110780235,Róbert Fercsák,Q110780008,Klára Nyirati,Who is the head of government of Baja?,Baja California is a state in Mexico. The head of government of Baja California is the governor of Baja California.
qwen-2.5-7b,iti,1,P6:Q203344:Q110780235->Q110780008@2019-01-01,P6,Q110780235,Róbert Fercsák,Q110780008,Klára Nyirati,Who is the head of government of Baja?,"Answer the above question based on the context below:  Baja California has a resident population of 3,17"
qwen-2.5-7b,standard,1,P6:Q2865:Q828457->Q33262484@2017-07-22,P6,Q828457,Bertram Hilgen,Q33262484,Christian Geselle,Who is the head of government of Kassel?,"The head of government of Kassel is the Lord Mayor (German: ""Oberbürgermeister""). As of my"
qwen-2.5-7b,tas,1,P6:Q2865:Q828457->Q33262484@2017-07-22,P6,Q828457,Bertram Hilgen,Q33262484,Christian Geselle,Who is the head of government of Kassel?,"The head of government of Kassel is the Lord Mayor (German: ""Oberbürgermeister""). As of my"
qwen-2.5-7b,iti,1,P6:Q2865:Q828457->Q33262484@2017-07-22,P6,Q828457,Bertram Hilgen,Q33262484,Christian Geselle,Who is the head of government of Kassel?,Answer the above question based on the context below:  Kassel is governed by a lord mayor (Oberbürger
qwen-2.5-7b,standard,1,P6:Q1721:Q84611->Q6802911@2013-01-01,P6,Q84611,Helmut Müller,Q6802911,Sven Gerich,Who is the head of government of Wiesbaden?,"The head of government of Wiesbaden is the Lord Mayor (German: ""Oberbürgermeister""). As"
qwen-2.5-7b,tas,1,P6:Q1721:Q84611->Q6802911@2013-01-01,P6,Q84611,Helmut Müller,Q6802911,Sven Gerich,Who is the head of government of Wiesbaden?,"The head of government of Wiesbaden is the Lord Mayor (German: ""Oberbürgermeister""). As"
qwen-2.5-7b,iti,1,P6:Q1721:Q84611->Q6802911@2013-01-01,P6,Q84611,Helmut Müller,Q6802911,Sven Gerich,Who is the head of government of Wiesbaden?,1. Identify the relevant information: The question asks for the head of government of Wiesbaden.
qwen-2.5-7b,standard,1,P6:Q1721:Q6802911->Q64691933@2019-01-01,P6,Q6802911,Sven Gerich,Q64691933,Gert-Uwe Mende,Who is the head of government of Wiesbaden?,"The head of government of Wiesbaden is the Lord Mayor (German: ""Oberbürgermeister""). As"
qwen-2.5-7b,tas,1,P6:Q1721:Q6802911->Q64691933@2019-01-01,P6,Q6802911,Sven Gerich,Q64691933,Gert-Uwe Mende,Who is the head of government of Wiesbaden?,"The head of government of Wiesbaden is the Lord Mayor (German: ""Oberbürgermeister""). As"
qwen-2.5-7b,iti,1,P6:Q1721:Q6802911->Q64691933@2019-01-01,P6,Q6802911,Sven Gerich,Q64691933,Gert-Uwe Mende,Who is the head of government of Wiesbaden?,1. Identify the relevant information: The question asks for the head of government of Wiesbaden.
qwen-2.5-7b,standard,1,P6:Q2916:Q893758->Q15855000@2013-01-01,P6,Q893758,Boris Pistorius,Q15855000,Wolfgang Griesert,Who is the head of government of Osnabrück?,"The head of government of Osnabrück is the Lord Mayor (German: ""Oberbürgermeister""). The"
qwen-2.5-7b,tas,1,P6:Q2916:Q893758->Q15855000@2013-01-01,P6,Q893758,Boris Pistorius,Q15855000,Wolfgang Griesert,Who is the head of government of Osnabrück?,Osnabrück is a city in Germany. The head of government of Osnabrück is the Lord Mayor.
qwen-2.5-7b,iti,1,P6:Q2916:Q893758->Q15855000@2013-01-01,P6,Q893758,Boris Pistorius,Q15855000,Wolfgang Griesert,Who is the head of government of Osnabrück?,1. Identify the relevant information: The question asks for the head of government of Osnabrück.
qwen-2.5-7b,standard,1,P6:Q2916:Q15855000->Q108703393@2021-01-01,P6,Q15855000,Wolfgang Griesert,Q108703393,Katharina Pötter,Who is the head of government of Osnabrück?,"The head of government of Osnabrück is the Lord Mayor (German: ""Oberbürgermeister""). The"
qwen-2.5-7b,tas,1,P6:Q2916:Q15855000->Q108703393@2021-01-01,P6,Q15855000,Wolfgang Griesert,Q108703393,Katharina Pötter,Who is the head of government of Osnabrück?,Osnabrück is a city in Germany. The head of government of Osnabrück is the Lord Mayor.
qwen-2.5-7b,iti,1,P6:Q2916:Q15855000->Q108703393@2021-01-01,P6,Q15855000,Wolfgang Griesert,Q108703393,Katharina Pötter,Who is the head of government of Osnabrück?,1. Identify the relevant information: The question asks for the head of government of Osnabrück.
qwen-2.5-7b,standard,1,P6:Q3150:Q109029->Q52376077@2018-07-01,P6,Q109029,Albrecht Schröter,Q52376077,Thomas Nitzsche,Who is the head of government of Jena?,"The head of government of Jena is the mayor, who is elected by the citizens of Jena. The current mayor of"
qwen-2.5-7b,tas,1,P6:Q3150:Q109029->Q52376077@2018-07-01,P6,Q109029,Albrecht Schröter,Q52376077,Thomas Nitzsche,Who is the head of government of Jena?,"The head of government of Jena is the mayor, who is elected by the citizens of Jena. The current mayor of"
qwen-2.5-7b,iti,1,P6:Q3150:Q109029->Q52376077@2018-07-01,P6,Q109029,Albrecht Schröter,Q52376077,Thomas Nitzsche,Who is the head of government of Jena?,"Answer the above question based on the context below:  Jena is a university city. The Friedrich Schiller University,"
qwen-2.5-7b,standard,1,P6:Q181314:Q950958->Q67172379@2014-01-01,P6,Q950958,Charles Michel,Q67172379,Françoise Pigeolet,Who is the head of government of Wavre?,"The head of government of Wavre is the mayor, who is elected by the citizens of the municipality. The current mayor"
qwen-2.5-7b,tas,1,P6:Q181314:Q950958->Q67172379@2014-01-01,P6,Q950958,Charles Michel,Q67172379,Françoise Pigeolet,Who is the head of government of Wavre?,"Wavre is a municipality located in the province of Brabant Wallon, in the Brussels-Capital Region of Belgium"
qwen-2.5-7b,iti,1,P6:Q181314:Q950958->Q67172379@2014-01-01,P6,Q950958,Charles Michel,Q67172379,Françoise Pigeolet,Who is the head of government of Wavre?,Answer the above question based on the context below:  Wavre is represented in the Belgian Parliament by two members of
qwen-2.5-7b,standard,1,P6:Q423:Q310875->Q310889@2010-06-07,P6,Q310875,Kim Yong-il,Q310889,Choe Yong-rim,Who is the head of government of North Korea?,The head of government of North Korea is Kim Jong-un. He is the supreme leader of the country and holds the position of
qwen-2.5-7b,tas,1,P6:Q423:Q310875->Q310889@2010-06-07,P6,Q310875,Kim Yong-il,Q310889,Choe Yong-rim,Who is the head of government of North Korea?,The head of government of North Korea is Kim Jong-un. He is the supreme leader of the country and holds the position of
qwen-2.5-7b,iti,1,P6:Q423:Q310875->Q310889@2010-06-07,P6,Q310875,Kim Yong-il,Q310889,Choe Yong-rim,Who is the head of government of North Korea?,The head of government of North Korea is Kim Jong-un. He is the supreme leader of the country and holds the position of
qwen-2.5-7b,standard,1,P6:Q423:Q310889->Q494800@2013-04-01,P6,Q310889,Choe Yong-rim,Q494800,Pak Pong-ju,Who is the head of government of North Korea?,The head of government of North Korea is Kim Jong-un. He is the supreme leader of the country and holds the position of
qwen-2.5-7b,tas,1,P6:Q423:Q310889->Q494800@2013-04-01,P6,Q310889,Choe Yong-rim,Q494800,Pak Pong-ju,Who is the head of government of North Korea?,The head of government of North Korea is Kim Jong-un. He is the supreme leader of the country and holds the position of
qwen-2.5-7b,iti,1,P6:Q423:Q310889->Q494800@2013-04-01,P6,Q310889,Choe Yong-rim,Q494800,Pak Pong-ju,Who is the head of government of North Korea?,The head of government of North Korea is Kim Jong-un. He is the supreme leader of the country and holds the position of
qwen-2.5-7b,standard,1,P6:Q423:Q494800->Q56818689@2019-04-11,P6,Q494800,Pak Pong-ju,Q56818689,Kim Jae-ryong,Who is the head of government of North Korea?,The head of government of North Korea is Kim Jong-un. He is the supreme leader of the country and holds the position of
qwen-2.5-7b,tas,1,P6:Q423:Q494800->Q56818689@2019-04-11,P6,Q494800,Pak Pong-ju,Q56818689,Kim Jae-ryong,Who is the head of government of North Korea?,The head of government of North Korea is Kim Jong-un. He is the supreme leader of the country and holds the position of
qwen-2.5-7b,iti,1,P6:Q423:Q494800->Q56818689@2019-04-11,P6,Q494800,Pak Pong-ju,Q56818689,Kim Jae-ryong,Who is the head of government of North Korea?,The head of government of North Korea is Kim Jong-un. He is the supreme leader of the country and holds the position of
qwen-2.5-7b,standard,1,P6:Q7070:Q1909821->Q1736669@2012-07-01,P6,Q1909821,Matthias Doht,Q1736669,Katja Wolf,Who is the head of government of Eisenach?,"The head of government of Eisenach is the Mayor, who is elected by the city council. The current Mayor of Eisenach"
qwen-2.5-7b,tas,1,P6:Q7070:Q1909821->Q1736669@2012-07-01,P6,Q1909821,Matthias Doht,Q1736669,Katja Wolf,Who is the head of government of Eisenach?,"The head of government of Eisenach is the Mayor, who is elected by the city council. The current Mayor of Eisenach"
qwen-2.5-7b,iti,1,P6:Q7070:Q1909821->Q1736669@2012-07-01,P6,Q1909821,Matthias Doht,Q1736669,Katja Wolf,Who is the head of government of Eisenach?,Answer the above question based on the context below:  Eisenach is first mentioned in a document from 118
qwen-2.5-7b,standard,1,P6:Q171224:Q6418596->Q28162495@2017-01-09,P6,Q6418596,Kitty Piercy,Q28162495,Lucy Vinis,Who is the head of government of Eugene?,"The head of government of Eugene, Oregon, is the Mayor. As of my last update in October 2023"
qwen-2.5-7b,tas,1,P6:Q171224:Q6418596->Q28162495@2017-01-09,P6,Q6418596,Kitty Piercy,Q28162495,Lucy Vinis,Who is the head of government of Eugene?,"The head of government of Eugene, Oregon, is the Mayor. As of my last update in October 2023"
qwen-2.5-7b,iti,1,P6:Q171224:Q6418596->Q28162495@2017-01-09,P6,Q6418596,Kitty Piercy,Q28162495,Lucy Vinis,Who is the head of government of Eugene?,"The head of government of Eugene, Oregon, is the Mayor. As of my last update in October 2023"
qwen-2.5-7b,standard,1,P6:Q894:Q4452259->Q4058145@2010-10-15,P6,Q4452259,Tarkhov Viktor Aleksandrovich,Q4058145,Dmitry Azarov,Who is the head of government of Samara?,The head of government of Samara is the Governor of Samara. As of my last update in October 202
qwen-2.5-7b,tas,1,P6:Q894:Q4452259->Q4058145@2010-10-15,P6,Q4452259,Tarkhov Viktor Aleksandrovich,Q4058145,Dmitry Azarov,Who is the head of government of Samara?,The head of government of Samara is the Governor of Samara. As of my last update in October 202
qwen-2.5-7b,iti,1,P6:Q894:Q4452259->Q4058145@2010-10-15,P6,Q4452259,Tarkhov Viktor Aleksandrovich,Q4058145,Dmitry Azarov,Who is the head of government of Samara?,Answer the above question based on the context below:  Samara is a city of contrasts. It is the largest city
qwen-2.5-7b,standard,1,P6:Q894:Q4058145->Q18741371@2014-11-24,P6,Q4058145,Dmitry Azarov,Q18741371,Aleksandr Fetisov,Who is the head of government of Samara?,The head of government of Samara is the Governor of Samara. As of my last update in October 202
qwen-2.5-7b,tas,1,P6:Q894:Q4058145->Q18741371@2014-11-24,P6,Q4058145,Dmitry Azarov,Q18741371,Aleksandr Fetisov,Who is the head of government of Samara?,The head of government of Samara is the Governor of Samara. As of my last update in October 202
qwen-2.5-7b,iti,1,P6:Q894:Q4058145->Q18741371@2014-11-24,P6,Q4058145,Dmitry Azarov,Q18741371,Aleksandr Fetisov,Who is the head of government of Samara?,Answer the above question based on the context below:  Samara is a city of contrasts. It is the largest city
qwen-2.5-7b,standard,1,P6:Q894:Q18741371->Q21534229@2015-10-13,P6,Q18741371,Aleksandr Fetisov,Q21534229,Oleg Fursov,Who is the head of government of Samara?,The head of government of Samara is the Governor of Samara. As of my last update in October 202
qwen-2.5-7b,tas,1,P6:Q894:Q18741371->Q21534229@2015-10-13,P6,Q18741371,Aleksandr Fetisov,Q21534229,Oleg Fursov,Who is the head of government of Samara?,The head of government of Samara is the Governor of Samara. As of my last update in October 202
qwen-2.5-7b,iti,1,P6:Q894:Q18741371->Q21534229@2015-10-13,P6,Q18741371,Aleksandr Fetisov,Q21534229,Oleg Fursov,Who is the head of government of Samara?,Answer the above question based on the context below:  Samara is a city of contrasts. It is the largest city
qwen-2.5-7b,standard,1,P6:Q894:Q21534229->Q48953390@2017-12-26,P6,Q21534229,Oleg Fursov,Q48953390,Yelena Lapushkina,Who is the head of government of Samara?,The head of government of Samara is the Governor of Samara. As of my last update in October 202
qwen-2.5-7b,tas,1,P6:Q894:Q21534229->Q48953390@2017-12-26,P6,Q21534229,Oleg Fursov,Q48953390,Yelena Lapushkina,Who is the head of government of Samara?,The head of government of Samara is the Governor of Samara. As of my last update in October 202
qwen-2.5-7b,iti,1,P6:Q894:Q21534229->Q48953390@2017-12-26,P6,Q21534229,Oleg Fursov,Q48953390,Yelena Lapushkina,Who is the head of government of Samara?,Answer the above question based on the context below:  Samara is a city of contrasts. It is the largest city
qwen-2.5-7b,standard,1,P6:Q1013328:Q6850543->Q12778611@2010-01-01,P6,Q6850543,Milan Ftáčnik,Q12778611,Vladimír Bajan,Who is the head of government of Petržalka?,"Petržalka is a district of Bratislava, the capital city of Slovakia. As a district, it does"
qwen-2.5-7b,tas,1,P6:Q1013328:Q6850543->Q12778611@2010-01-01,P6,Q6850543,Milan Ftáčnik,Q12778611,Vladimír Bajan,Who is the head of government of Petržalka?,"Petržalka is a district of Bratislava, the capital city of Slovakia. As a district, it does"
qwen-2.5-7b,iti,1,P6:Q1013328:Q6850543->Q12778611@2010-01-01,P6,Q6850543,Milan Ftáčnik,Q12778611,Vladimír Bajan,Who is the head of government of Petržalka?,1. Identify the key information: The question asks for the head of government of Petržalka.
qwen-2.5-7b,standard,1,P6:Q915:Q4527170->Q4408077@2010-12-26,P6,Q4527170,Igor Shubin,Q4408077,Igor Sapko,Who is the head of government of Perm?,The head of government of Perm is the Governor of Perm Krai. As of my last update in October 202
qwen-2.5-7b,tas,1,P6:Q915:Q4527170->Q4408077@2010-12-26,P6,Q4527170,Igor Shubin,Q4408077,Igor Sapko,Who is the head of government of Perm?,Answer according to: The head of government of Perm is the Governor of Perm Krai. The current governor is Yevgen
qwen-2.5-7b,iti,1,P6:Q915:Q4527170->Q4408077@2010-12-26,P6,Q4527170,Igor Shubin,Q4408077,Igor Sapko,Who is the head of government of Perm?,Answer the above question based on the context below:  The head of government is the Prime Minister (Russian: Прем
qwen-2.5-7b,standard,1,P6:Q309164:Q6959439->Q2080721@2013-01-01,P6,Q6959439,Nahum Hofree,Q2080721,Ze'ev Bielski,Who is the head of government of Ra'anana?,Ra'anana is a city in Israel. The head of government of Israel is Benjamin Netanyahu. The answer is Benjamin Netanyahu.
qwen-2.5-7b,tas,1,P6:Q309164:Q6959439->Q2080721@2013-01-01,P6,Q6959439,Nahum Hofree,Q2080721,Ze'ev Bielski,Who is the head of government of Ra'anana?,Ra'anana is a city in Israel. The head of government of Israel is Benjamin Netanyahu. The answer is Benjamin Netanyahu.
qwen-2.5-7b,iti,1,P6:Q309164:Q6959439->Q2080721@2013-01-01,P6,Q6959439,Nahum Hofree,Q2080721,Ze'ev Bielski,Who is the head of government of Ra'anana?,Answer the above question based on the context below:  Ra'anana (Hebrew: רעננה‎;
qwen-2.5-7b,standard,1,P6:Q309164:Q2080721->Q50738495@2018-01-01,P6,Q2080721,Ze'ev Bielski,Q50738495,Eitan Ginzburg,Who is the head of government of Ra'anana?,Ra'anana is a city in Israel. The head of government of Israel is Benjamin Netanyahu. The answer is Benjamin Netanyahu.
qwen-2.5-7b,tas,1,P6:Q309164:Q2080721->Q50738495@2018-01-01,P6,Q2080721,Ze'ev Bielski,Q50738495,Eitan Ginzburg,Who is the head of government of Ra'anana?,Ra'anana is a city in Israel. The head of government of Israel is Benjamin Netanyahu. The answer is Benjamin Netanyahu.
qwen-2.5-7b,iti,1,P6:Q309164:Q2080721->Q50738495@2018-01-01,P6,Q2080721,Ze'ev Bielski,Q50738495,Eitan Ginzburg,Who is the head of government of Ra'anana?,Answer the above question based on the context below:  Ra'anana (Hebrew: רעננה‎;
qwen-2.5-7b,standard,1,P6:Q975:Q970720->Q17721870@2014-07-22,P6,Q970720,Julián Castro,Q17721870,Ivy Taylor,Who is the head of government of San Antonio?,"The head of government of San Antonio is the Mayor. As of my last update in October 2023, the"
qwen-2.5-7b,tas,1,P6:Q975:Q970720->Q17721870@2014-07-22,P6,Q970720,Julián Castro,Q17721870,Ivy Taylor,Who is the head of government of San Antonio?,"The head of government of San Antonio is the Mayor. As of my last update in October 2023, the"
qwen-2.5-7b,iti,1,P6:Q975:Q970720->Q17721870@2014-07-22,P6,Q970720,Julián Castro,Q17721870,Ivy Taylor,Who is the head of government of San Antonio?,"The head of government of San Antonio is the Mayor. As of my last update in October 2023, the"
qwen-2.5-7b,standard,1,P6:Q975:Q17721870->Q30323642@2017-06-21,P6,Q17721870,Ivy Taylor,Q30323642,Ron Nirenberg,Who is the head of government of San Antonio?,"The head of government of San Antonio is the Mayor. As of my last update in October 2023, the"
qwen-2.5-7b,tas,1,P6:Q975:Q17721870->Q30323642@2017-06-21,P6,Q17721870,Ivy Taylor,Q30323642,Ron Nirenberg,Who is the head of government of San Antonio?,"The head of government of San Antonio is the Mayor. As of my last update in October 2023, the"
qwen-2.5-7b,iti,1,P6:Q975:Q17721870->Q30323642@2017-06-21,P6,Q17721870,Ivy Taylor,Q30323642,Ron Nirenberg,Who is the head of government of San Antonio?,"The head of government of San Antonio is the Mayor. As of my last update in October 2023, the"
qwen-2.5-7b,standard,1,P6:Q2145:Q3455747->Q109466737@2021-11-01,P6,Q3455747,Régis Labeaume,Q109466737,Bruno Marchand,Who is the head of government of Quebec City?,"The head of government of Quebec City is the mayor, who is elected by the citizens of the city. The current mayor of"
qwen-2.5-7b,tas,1,P6:Q2145:Q3455747->Q109466737@2021-11-01,P6,Q3455747,Régis Labeaume,Q109466737,Bruno Marchand,Who is the head of government of Quebec City?,"The head of government of Quebec City is the mayor, who is elected by the citizens of the city. The current mayor of"
qwen-2.5-7b,iti,1,P6:Q2145:Q3455747->Q109466737@2021-11-01,P6,Q3455747,Régis Labeaume,Q109466737,Bruno Marchand,Who is the head of government of Quebec City?,"The head of government of Quebec City is the mayor, who is elected by the citizens of the city. The current mayor of"
qwen-2.5-7b,standard,1,P6:Q320514:Q7331427->Q66092414@2018-01-01,P6,Q7331427,Rick Gray,Q66092414,Danene Sorace,Who is the head of government of Lancaster?,The head of government of Lancaster is the Mayor of Lancaster. The current Mayor of Lancaster is Councillor David Hargre
qwen-2.5-7b,tas,1,P6:Q320514:Q7331427->Q66092414@2018-01-01,P6,Q7331427,Rick Gray,Q66092414,Danene Sorace,Who is the head of government of Lancaster?,The head of government of Lancaster is the Mayor of Lancaster. The current Mayor of Lancaster is Councillor David Hargre
qwen-2.5-7b,iti,1,P6:Q320514:Q7331427->Q66092414@2018-01-01,P6,Q7331427,Rick Gray,Q66092414,Danene Sorace,Who is the head of government of Lancaster?,Answer the above question based on the context below:  Lancaster is a unitary authority area and ceremonial county in the north
qwen-2.5-7b,standard,1,P6:Q104746:Q4935267->Q4753774@2016-10-01,P6,Q4935267,Kristina Alsér,Q4753774,Anders Flanking,Who is the head of government of Kronoberg County?,"The head of government of Kronoberg County is the county governor, who is appointed by the Swedish government. The current county"
qwen-2.5-7b,tas,1,P6:Q104746:Q4935267->Q4753774@2016-10-01,P6,Q4935267,Kristina Alsér,Q4753774,Anders Flanking,Who is the head of government of Kronoberg County?,Jonas Hjelm
qwen-2.5-7b,iti,1,P6:Q104746:Q4935267->Q4753774@2016-10-01,P6,Q4935267,Kristina Alsér,Q4753774,Anders Flanking,Who is the head of government of Kronoberg County?,"Answer the above question based on the context below:  The county administration is the Kronoberg County Administrative Board, which"
qwen-2.5-7b,standard,1,P6:Q15092:Q2831767->Q8195118@2011-07-30,P6,Q2831767,Alberto Fabra,Q8195118,Alfonso Bataller Vicent,Who is the head of government of Castellón de la Plana?,"The head of government of Castellón de la Plana is the Mayor, who is elected by the citizens of the city"
qwen-2.5-7b,tas,1,P6:Q15092:Q2831767->Q8195118@2011-07-30,P6,Q2831767,Alberto Fabra,Q8195118,Alfonso Bataller Vicent,Who is the head of government of Castellón de la Plana?,"The head of government of Castellón de la Plana is the Mayor, who is elected by the citizens of the city"
qwen-2.5-7b,iti,1,P6:Q15092:Q2831767->Q8195118@2011-07-30,P6,Q2831767,Alberto Fabra,Q8195118,Alfonso Bataller Vicent,Who is the head of government of Castellón de la Plana?,1. The head of government of Castellón de la Plana is the President of the Generalitat Valenciana
qwen-2.5-7b,standard,1,P6:Q15092:Q8195118->Q20994748@2015-06-13,P6,Q8195118,Alfonso Bataller Vicent,Q20994748,Amparo Marco,Who is the head of government of Castellón de la Plana?,"The head of government of Castellón de la Plana is the Mayor, who is elected by the citizens of the city"
qwen-2.5-7b,tas,1,P6:Q15092:Q8195118->Q20994748@2015-06-13,P6,Q8195118,Alfonso Bataller Vicent,Q20994748,Amparo Marco,Who is the head of government of Castellón de la Plana?,"The head of government of Castellón de la Plana is the Mayor, who is elected by the citizens of the city"
qwen-2.5-7b,iti,1,P6:Q15092:Q8195118->Q20994748@2015-06-13,P6,Q8195118,Alfonso Bataller Vicent,Q20994748,Amparo Marco,Who is the head of government of Castellón de la Plana?,1. The head of government of Castellón de la Plana is the President of the Generalitat Valenciana
qwen-2.5-7b,standard,1,P6:Q9897:Q2832366->Q2265306@2012-09-20,P6,Q2832366,Pieter Litjens,Q2265306,Theo van Eijk,Who is the head of government of Aalsmeer?,"The head of government of Aalsmeer is the mayor, who is elected by the citizens of the municipality. As of my"
qwen-2.5-7b,tas,1,P6:Q9897:Q2832366->Q2265306@2012-09-20,P6,Q2832366,Pieter Litjens,Q2265306,Theo van Eijk,Who is the head of government of Aalsmeer?,"Aalsmeer is a municipality and a town in the Netherlands, in the province of North Holland. The town is located in"
qwen-2.5-7b,iti,1,P6:Q9897:Q2832366->Q2265306@2012-09-20,P6,Q2832366,Pieter Litjens,Q2265306,Theo van Eijk,Who is the head of government of Aalsmeer?,1. The head of government of Aalsmeer is the mayor.
qwen-2.5-7b,standard,1,P6:Q9897:Q2265306->Q15392401@2013-06-04,P6,Q2265306,Theo van Eijk,Q15392401,Jobke Vonk-Vedder,Who is the head of government of Aalsmeer?,"The head of government of Aalsmeer is the mayor, who is elected by the citizens of the municipality. As of my"
qwen-2.5-7b,tas,1,P6:Q9897:Q2265306->Q15392401@2013-06-04,P6,Q2265306,Theo van Eijk,Q15392401,Jobke Vonk-Vedder,Who is the head of government of Aalsmeer?,"Aalsmeer is a municipality and a town in the Netherlands, in the province of North Holland. The town is located in"
qwen-2.5-7b,iti,1,P6:Q9897:Q2265306->Q15392401@2013-06-04,P6,Q2265306,Theo van Eijk,Q15392401,Jobke Vonk-Vedder,Who is the head of government of Aalsmeer?,1. The head of government of Aalsmeer is the mayor.
qwen-2.5-7b,standard,1,P6:Q9897:Q15392401->Q19921863@2015-05-13,P6,Q15392401,Jobke Vonk-Vedder,Q19921863,Jeroen Nobel,Who is the head of government of Aalsmeer?,"The head of government of Aalsmeer is the mayor, who is elected by the citizens of the municipality. As of my"
qwen-2.5-7b,tas,1,P6:Q9897:Q15392401->Q19921863@2015-05-13,P6,Q15392401,Jobke Vonk-Vedder,Q19921863,Jeroen Nobel,Who is the head of government of Aalsmeer?,"Aalsmeer is a municipality and a town in the Netherlands, in the province of North Holland. The town is located in"
qwen-2.5-7b,iti,1,P6:Q9897:Q15392401->Q19921863@2015-05-13,P6,Q15392401,Jobke Vonk-Vedder,Q19921863,Jeroen Nobel,Who is the head of government of Aalsmeer?,1. The head of government of Aalsmeer is the mayor.
qwen-2.5-7b,standard,1,P6:Q9897:Q19921863->Q63223781@2019-04-16,P6,Q19921863,Jeroen Nobel,Q63223781,Gido Oude Kotte,Who is the head of government of Aalsmeer?,"The head of government of Aalsmeer is the mayor, who is elected by the citizens of the municipality. As of my"
qwen-2.5-7b,tas,1,P6:Q9897:Q19921863->Q63223781@2019-04-16,P6,Q19921863,Jeroen Nobel,Q63223781,Gido Oude Kotte,Who is the head of government of Aalsmeer?,"Aalsmeer is a municipality and a town in the Netherlands, in the province of North Holland. The town is located in"
qwen-2.5-7b,iti,1,P6:Q9897:Q19921863->Q63223781@2019-04-16,P6,Q19921863,Jeroen Nobel,Q63223781,Gido Oude Kotte,Who is the head of government of Aalsmeer?,1. The head of government of Aalsmeer is the mayor.
qwen-2.5-7b,standard,1,P6:Q389371:Q5349705->Q25438801@2015-01-01,P6,Q5349705,Einar Strøm,Q25438801,Steinar Saghaug,Who is the head of government of Leksvik Municipality?,"The head of government of Leksvik Municipality is the mayor, who is elected by the municipal council. The current"
qwen-2.5-7b,tas,1,P6:Q389371:Q5349705->Q25438801@2015-01-01,P6,Q5349705,Einar Strøm,Q25438801,Steinar Saghaug,Who is the head of government of Leksvik Municipality?,"Leksvik Municipality is a municipality in Nordland county, Norway. It was established on 1 January 1"
qwen-2.5-7b,iti,1,P6:Q389371:Q5349705->Q25438801@2015-01-01,P6,Q5349705,Einar Strøm,Q25438801,Steinar Saghaug,Who is the head of government of Leksvik Municipality?,1. The text states that the head of government of Leksvik Municipality is the mayor.
qwen-2.5-7b,standard,1,P6:Q484116:Q11071205->Q25427705@2015-01-01,P6,Q11071205,Rolv Kristen Øygard,Q25427705,Elias Sperstad,Who is the head of government of Skjåk Municipality?,"The head of government of Skjåk Municipality is the mayor, who is elected by the municipal council. The current"
qwen-2.5-7b,tas,1,P6:Q484116:Q11071205->Q25427705@2015-01-01,P6,Q11071205,Rolv Kristen Øygard,Q25427705,Elias Sperstad,Who is the head of government of Skjåk Municipality?,"Skjåk Municipality is a municipality in Oppland county, Norway. It was established on 1 January"
qwen-2.5-7b,iti,1,P6:Q484116:Q11071205->Q25427705@2015-01-01,P6,Q11071205,Rolv Kristen Øygard,Q25427705,Elias Sperstad,Who is the head of government of Skjåk Municipality?,1. Identify the relevant information: The question asks for the head of government of Skjåk Municipality.
qwen-2.5-7b,standard,1,P6:Q484116:Q25427705->Q83235007@2019-01-01,P6,Q25427705,Elias Sperstad,Q83235007,Edel Kveen,Who is the head of government of Skjåk Municipality?,"The head of government of Skjåk Municipality is the mayor, who is elected by the municipal council. The current"
qwen-2.5-7b,tas,1,P6:Q484116:Q25427705->Q83235007@2019-01-01,P6,Q25427705,Elias Sperstad,Q83235007,Edel Kveen,Who is the head of government of Skjåk Municipality?,"Skjåk Municipality is a municipality in Oppland county, Norway. It was established on 1 January"
qwen-2.5-7b,iti,1,P6:Q484116:Q25427705->Q83235007@2019-01-01,P6,Q25427705,Elias Sperstad,Q83235007,Edel Kveen,Who is the head of government of Skjåk Municipality?,1. Identify the relevant information: The question asks for the head of government of Skjåk Municipality.
qwen-2.5-7b,standard,1,P6:Q48848:Q11066603->Q47450971@2015-01-01,P6,Q11066603,Jan Eirik Jensen,Q47450971,Steinar Halvorsen,Who is the head of government of Loppa Municipality?,"Loppa Municipality is a municipality in Finnmark county, Norway. It was established on 1 January 18"
qwen-2.5-7b,tas,1,P6:Q48848:Q11066603->Q47450971@2015-01-01,P6,Q11066603,Jan Eirik Jensen,Q47450971,Steinar Halvorsen,Who is the head of government of Loppa Municipality?,"Loppa Municipality is a municipality in Finnmark county, Norway. It was established on 1 January 18"
qwen-2.5-7b,iti,1,P6:Q48848:Q11066603->Q47450971@2015-01-01,P6,Q11066603,Jan Eirik Jensen,Q47450971,Steinar Halvorsen,Who is the head of government of Loppa Municipality?,"Answer the above question based on the context below:  Loppa Municipality is a municipality in Troms county,"
qwen-2.5-7b,standard,1,P6:Q48848:Q47450971->Q95986326@2019-01-01,P6,Q47450971,Steinar Halvorsen,Q95986326,Stein Thomassen,Who is the head of government of Loppa Municipality?,"Loppa Municipality is a municipality in Finnmark county, Norway. It was established on 1 January 18"
qwen-2.5-7b,tas,1,P6:Q48848:Q47450971->Q95986326@2019-01-01,P6,Q47450971,Steinar Halvorsen,Q95986326,Stein Thomassen,Who is the head of government of Loppa Municipality?,"Loppa Municipality is a municipality in Finnmark county, Norway. It was established on 1 January 18"
qwen-2.5-7b,iti,1,P6:Q48848:Q47450971->Q95986326@2019-01-01,P6,Q47450971,Steinar Halvorsen,Q95986326,Stein Thomassen,Who is the head of government of Loppa Municipality?,"Answer the above question based on the context below:  Loppa Municipality is a municipality in Troms county,"
qwen-2.5-7b,standard,1,P6:Q487538:Q11222912->Q11977977@2015-01-01,P6,Q11222912,Rolf Steffensen,Q11977977,Jan-Folke Sandnes,Who is the head of government of Hamarøy Municipality?,"The head of government of Hamarøy Municipality is the mayor, who is elected by the municipal council. As of my"
qwen-2.5-7b,tas,1,P6:Q487538:Q11222912->Q11977977@2015-01-01,P6,Q11222912,Rolf Steffensen,Q11977977,Jan-Folke Sandnes,Who is the head of government of Hamarøy Municipality?,"Answer the above question based on the context below:  Hamarøy is a municipality in Nordland county, Norway."
qwen-2.5-7b,iti,1,P6:Q487538:Q11222912->Q11977977@2015-01-01,P6,Q11222912,Rolf Steffensen,Q11977977,Jan-Folke Sandnes,Who is the head of government of Hamarøy Municipality?,1. Identify the relevant information: The question asks for the head of government of Hamarøy Municipality.
qwen-2.5-7b,standard,1,P6:Q487538:Q11977977->Q86944324@2019-01-01,P6,Q11977977,Jan-Folke Sandnes,Q86944324,Britt Helen Kristoffersen,Who is the head of government of Hamarøy Municipality?,"The head of government of Hamarøy Municipality is the mayor, who is elected by the municipal council. As of my"
qwen-2.5-7b,tas,1,P6:Q487538:Q11977977->Q86944324@2019-01-01,P6,Q11977977,Jan-Folke Sandnes,Q86944324,Britt Helen Kristoffersen,Who is the head of government of Hamarøy Municipality?,"Answer the above question based on the context below:  Hamarøy is a municipality in Nordland county, Norway."
qwen-2.5-7b,iti,1,P6:Q487538:Q11977977->Q86944324@2019-01-01,P6,Q11977977,Jan-Folke Sandnes,Q86944324,Britt Helen Kristoffersen,Who is the head of government of Hamarøy Municipality?,1. Identify the relevant information: The question asks for the head of government of Hamarøy Municipality.
qwen-2.5-7b,standard,1,P6:Q62266:Q11224468->Q11968154@2015-01-01,P6,Q11224468,Bjørn Tømmerdal,Q11968154,Eva Vinje Aurdal,Who is the head of government of Ålesund Municipality?,"The head of government of Ålesund Municipality is the mayor, who is elected by the municipal council. The current mayor"
qwen-2.5-7b,tas,1,P6:Q62266:Q11224468->Q11968154@2015-01-01,P6,Q11224468,Bjørn Tømmerdal,Q11968154,Eva Vinje Aurdal,Who is the head of government of Ålesund Municipality?,"The head of government of Ålesund Municipality is the mayor, who is elected by the municipal council. The current mayor"
qwen-2.5-7b,iti,1,P6:Q62266:Q11224468->Q11968154@2015-01-01,P6,Q11224468,Bjørn Tømmerdal,Q11968154,Eva Vinje Aurdal,Who is the head of government of Ålesund Municipality?,1. Identify the relevant information: The question asks for the head of government of Ålesund Municipality.
qwen-2.5-7b,standard,1,P6:Q47048:Q11881667->Q28720770@2017-04-01,P6,Q11881667,Matti Pennanen,Q28720770,Päivi Laajala,Who is the head of government of Oulu?,"The head of government of Oulu is the Mayor of Oulu, who is elected by the citizens of the city. The"
qwen-2.5-7b,tas,1,P6:Q47048:Q11881667->Q28720770@2017-04-01,P6,Q11881667,Matti Pennanen,Q28720770,Päivi Laajala,Who is the head of government of Oulu?,"Oulu is a city in Finland, and it does not have a head of government in the traditional sense like a country or"
qwen-2.5-7b,iti,1,P6:Q47048:Q11881667->Q28720770@2017-04-01,P6,Q11881667,Matti Pennanen,Q28720770,Päivi Laajala,Who is the head of government of Oulu?,Answer the above question based on the context below:  Oulu (] ; Lappish: Ūhč
qwen-2.5-7b,standard,1,P6:Q494688:Q11961281->Q21112761@2015-01-01,P6,Q11961281,Bjørg Tingstad,Q21112761,Trygve Jonny Sandvik,Who is the head of government of Fosnes Municipality?,"Fosnes Municipality is a municipality in Nord-Trøndelag county, Norway. It was established on 1"
qwen-2.5-7b,tas,1,P6:Q494688:Q11961281->Q21112761@2015-01-01,P6,Q11961281,Bjørg Tingstad,Q21112761,Trygve Jonny Sandvik,Who is the head of government of Fosnes Municipality?,"Fosnes Municipality is a municipality in Nord-Trøndelag county, Norway. It was established on 1"
qwen-2.5-7b,iti,1,P6:Q494688:Q11961281->Q21112761@2015-01-01,P6,Q11961281,Bjørg Tingstad,Q21112761,Trygve Jonny Sandvik,Who is the head of government of Fosnes Municipality?,1. Identify the relevant information: The question asks for the head of government of Fosnes Municipality.
qwen-2.5-7b,standard,1,P6:Q2372:Q11982807->Q28717773@2015-01-01,P6,Q11982807,Kåre Preben Hegland,Q28717773,Jone Blikra,Who is the head of government of Kragerø?,"Kragerø is a municipality in Aust-Agder county, Norway. The administrative centre of the municipality is the town of"
qwen-2.5-7b,tas,1,P6:Q2372:Q11982807->Q28717773@2015-01-01,P6,Q11982807,Kåre Preben Hegland,Q28717773,Jone Blikra,Who is the head of government of Kragerø?,"Kragerø is a municipality in Aust-Agder county, Norway. The administrative centre of the municipality is the town of"
qwen-2.5-7b,iti,1,P6:Q2372:Q11982807->Q28717773@2015-01-01,P6,Q11982807,Kåre Preben Hegland,Q28717773,Jone Blikra,Who is the head of government of Kragerø?,"Kragerø is a municipality in Aust-Agder county, Norway. The administrative centre of the municipality is the town of"
qwen-2.5-7b,standard,1,P6:Q2372:Q28717773->Q84466515@2019-01-01,P6,Q28717773,Jone Blikra,Q84466515,Grunde Wegar Knudsen,Who is the head of government of Kragerø?,"Kragerø is a municipality in Aust-Agder county, Norway. The administrative centre of the municipality is the town of"
qwen-2.5-7b,tas,1,P6:Q2372:Q28717773->Q84466515@2019-01-01,P6,Q28717773,Jone Blikra,Q84466515,Grunde Wegar Knudsen,Who is the head of government of Kragerø?,"Kragerø is a municipality in Aust-Agder county, Norway. The administrative centre of the municipality is the town of"
qwen-2.5-7b,iti,1,P6:Q2372:Q28717773->Q84466515@2019-01-01,P6,Q28717773,Jone Blikra,Q84466515,Grunde Wegar Knudsen,Who is the head of government of Kragerø?,"Kragerø is a municipality in Aust-Agder county, Norway. The administrative centre of the municipality is the town of"
qwen-2.5-7b,standard,1,P6:Q488388:Q12003849->Q25426826@2015-01-01,P6,Q12003849,Ståle Vaag,Q25426826,Odd Jarle Svanem,Who is the head of government of Hemne Municipality?,"Answer according to: Hemne is a municipality in Nordland county, Norway. It was established on 1 January 1"
qwen-2.5-7b,tas,1,P6:Q488388:Q12003849->Q25426826@2015-01-01,P6,Q12003849,Ståle Vaag,Q25426826,Odd Jarle Svanem,Who is the head of government of Hemne Municipality?,"Answer the above question based on the context below:  Hemne is a municipality in Nordland county, Norway. It"
qwen-2.5-7b,iti,1,P6:Q488388:Q12003849->Q25426826@2015-01-01,P6,Q12003849,Ståle Vaag,Q25426826,Odd Jarle Svanem,Who is the head of government of Hemne Municipality?,"Answer the above question based on the context below:  Hemne is a municipality in Nordland county, Norway. It"
qwen-2.5-7b,standard,1,P6:Q15415:Q130644548->Q14039842@2011-05-23,P6,Q130644548,Maria Neus Bulbena Burdó,Q14039842,Meritxell Budó i Pla,Who is the head of government of La Garriga?,"The head of government of La Garriga is the Mayor, who is elected by the citizens of the municipality. The current Mayor"
qwen-2.5-7b,tas,1,P6:Q15415:Q130644548->Q14039842@2011-05-23,P6,Q130644548,Maria Neus Bulbena Burdó,Q14039842,Meritxell Budó i Pla,Who is the head of government of La Garriga?,"La Garriga is a municipality in the province of Barcelona, Catalonia, Spain. The head of government of La Garriga is"
qwen-2.5-7b,iti,1,P6:Q15415:Q130644548->Q14039842@2011-05-23,P6,Q130644548,Maria Neus Bulbena Burdó,Q14039842,Meritxell Budó i Pla,Who is the head of government of La Garriga?,"1. Identify the country: La Garriga is a municipality in Catalonia, Spain."
qwen-2.5-7b,standard,1,P6:Q15415:Q14039842->Q88869549@2019-05-26,P6,Q14039842,Meritxell Budó i Pla,Q88869549,Dolors Castellà Puig,Who is the head of government of La Garriga?,"The head of government of La Garriga is the Mayor, who is elected by the citizens of the municipality. The current Mayor"
qwen-2.5-7b,tas,1,P6:Q15415:Q14039842->Q88869549@2019-05-26,P6,Q14039842,Meritxell Budó i Pla,Q88869549,Dolors Castellà Puig,Who is the head of government of La Garriga?,"La Garriga is a municipality in the province of Barcelona, Catalonia, Spain. The head of government of La Garriga is"
qwen-2.5-7b,iti,1,P6:Q15415:Q14039842->Q88869549@2019-05-26,P6,Q14039842,Meritxell Budó i Pla,Q88869549,Dolors Castellà Puig,Who is the head of government of La Garriga?,"1. Identify the country: La Garriga is a municipality in Catalonia, Spain."
qwen-2.5-7b,standard,1,P6:Q985390:Q16439392->Q60175871@2018-12-13,P6,Q16439392,Cécile Hemmen,Q60175871,Vincent Reding,Who is the head of government of Weiler-la-Tour?,The head of government of Weiler-la-Tour is the mayor.
qwen-2.5-7b,tas,1,P6:Q985390:Q16439392->Q60175871@2018-12-13,P6,Q16439392,Cécile Hemmen,Q60175871,Vincent Reding,Who is the head of government of Weiler-la-Tour?,The head of government of Weiler-la-Tour is the mayor.
qwen-2.5-7b,iti,1,P6:Q985390:Q16439392->Q60175871@2018-12-13,P6,Q16439392,Cécile Hemmen,Q60175871,Vincent Reding,Who is the head of government of Weiler-la-Tour?,Answer the above question based on the context below:  Weiler-la-Tour is a municipality in the district of S
qwen-2.5-7b,standard,1,P6:Q14960:Q12049704->Q17541652@2014-11-25,P6,Q12049704,Roman Onderka,Q17541652,Petr Vokřál,Who is the head of government of Brno?,"The head of government of Brno is the Mayor of Brno, who is elected by the citizens of the city. The"
qwen-2.5-7b,tas,1,P6:Q14960:Q12049704->Q17541652@2014-11-25,P6,Q12049704,Roman Onderka,Q17541652,Petr Vokřál,Who is the head of government of Brno?,"The head of government of Brno is the Mayor of Brno, who is elected by the citizens of the city. The"
qwen-2.5-7b,iti,1,P6:Q14960:Q12049704->Q17541652@2014-11-25,P6,Q12049704,Roman Onderka,Q17541652,Petr Vokřál,Who is the head of government of Brno?,1. The head of government of Brno is the mayor of the city.
qwen-2.5-7b,standard,1,P6:Q14960:Q17541652->Q52276807@2018-11-20,P6,Q17541652,Petr Vokřál,Q52276807,Markéta Vaňková,Who is the head of government of Brno?,"The head of government of Brno is the Mayor of Brno, who is elected by the citizens of the city. The"
qwen-2.5-7b,tas,1,P6:Q14960:Q17541652->Q52276807@2018-11-20,P6,Q17541652,Petr Vokřál,Q52276807,Markéta Vaňková,Who is the head of government of Brno?,"The head of government of Brno is the Mayor of Brno, who is elected by the citizens of the city. The"
qwen-2.5-7b,iti,1,P6:Q14960:Q17541652->Q52276807@2018-11-20,P6,Q17541652,Petr Vokřál,Q52276807,Markéta Vaňková,Who is the head of government of Brno?,1. The head of government of Brno is the mayor of the city.
qwen-2.5-7b,standard,1,P6:Q158239:Q12037571->Q24708176@2010-11-11,P6,Q12037571,Miloš Malý,Q24708176,Daniela Hebnarová,Who is the head of government of Kroměříž?,"The head of government of Kroměříž is the mayor, who is elected by the citizens of the city."
qwen-2.5-7b,tas,1,P6:Q158239:Q12037571->Q24708176@2010-11-11,P6,Q12037571,Miloš Malý,Q24708176,Daniela Hebnarová,Who is the head of government of Kroměříž?,"The head of government of Kroměříž is the mayor, who is elected by the citizens of the city."
qwen-2.5-7b,iti,1,P6:Q158239:Q12037571->Q24708176@2010-11-11,P6,Q12037571,Miloš Malý,Q24708176,Daniela Hebnarová,Who is the head of government of Kroměříž?,"Kroměříž is a city in the Czech Republic, and it does not have a head of government in the"
qwen-2.5-7b,standard,1,P6:Q158239:Q24708176->Q54179972@2014-11-06,P6,Q24708176,Daniela Hebnarová,Q54179972,Jaroslav Němec,Who is the head of government of Kroměříž?,"The head of government of Kroměříž is the mayor, who is elected by the citizens of the city."
qwen-2.5-7b,tas,1,P6:Q158239:Q24708176->Q54179972@2014-11-06,P6,Q24708176,Daniela Hebnarová,Q54179972,Jaroslav Němec,Who is the head of government of Kroměříž?,"The head of government of Kroměříž is the mayor, who is elected by the citizens of the city."
qwen-2.5-7b,iti,1,P6:Q158239:Q24708176->Q54179972@2014-11-06,P6,Q24708176,Daniela Hebnarová,Q54179972,Jaroslav Němec,Who is the head of government of Kroměříž?,"Kroměříž is a city in the Czech Republic, and it does not have a head of government in the"
qwen-2.5-7b,standard,1,P6:Q158239:Q54179972->Q123347931@2022-10-20,P6,Q54179972,Jaroslav Němec,Q123347931,Tomáš Opatrný,Who is the head of government of Kroměříž?,"The head of government of Kroměříž is the mayor, who is elected by the citizens of the city."
qwen-2.5-7b,tas,1,P6:Q158239:Q54179972->Q123347931@2022-10-20,P6,Q54179972,Jaroslav Němec,Q123347931,Tomáš Opatrný,Who is the head of government of Kroměříž?,"The head of government of Kroměříž is the mayor, who is elected by the citizens of the city."
qwen-2.5-7b,iti,1,P6:Q158239:Q54179972->Q123347931@2022-10-20,P6,Q54179972,Jaroslav Němec,Q123347931,Tomáš Opatrný,Who is the head of government of Kroměříž?,"Kroměříž is a city in the Czech Republic, and it does not have a head of government in the"
qwen-2.5-7b,standard,1,P6:Q16733:Q14043165->Q66759171@2019-01-01,P6,Q14043165,Albert Miralda Sellarés,Q66759171,Georgina Mercadal Viñals,Who is the head of government of Sant Salvador de Guardiola?,"The head of government of Sant Salvador de Guardiola is the Mayor, who is elected by the citizens of the municipality. The"
qwen-2.5-7b,tas,1,P6:Q16733:Q14043165->Q66759171@2019-01-01,P6,Q14043165,Albert Miralda Sellarés,Q66759171,Georgina Mercadal Viñals,Who is the head of government of Sant Salvador de Guardiola?,"The head of government of Sant Salvador de Guardiola is the Mayor, who is elected by the citizens of the municipality. The"
qwen-2.5-7b,iti,1,P6:Q16733:Q14043165->Q66759171@2019-01-01,P6,Q14043165,Albert Miralda Sellarés,Q66759171,Georgina Mercadal Viñals,Who is the head of government of Sant Salvador de Guardiola?,Answer the above question based on the context below:  Sant Salvador de Guardiola is a municipality located in the province of
qwen-2.5-7b,standard,1,P6:Q1425064:Q12311391->Q12339190@2010-01-01,P6,Q12311391,Finn Madsen,Q12339190,Thomas Adelskov,Who is the head of government of Odsherred Municipality?,"The head of government of Odsherred Municipality is the mayor, who is elected by the municipal council. The current mayor"
qwen-2.5-7b,tas,1,P6:Q1425064:Q12311391->Q12339190@2010-01-01,P6,Q12311391,Finn Madsen,Q12339190,Thomas Adelskov,Who is the head of government of Odsherred Municipality?,"Odsherred Municipality is a municipality in the county of Nord-Trøndelag, Norway. The administrative centre of"
qwen-2.5-7b,iti,1,P6:Q1425064:Q12311391->Q12339190@2010-01-01,P6,Q12311391,Finn Madsen,Q12339190,Thomas Adelskov,Who is the head of government of Odsherred Municipality?,"1. The text states that ""Odsherred Municipality is a municipality in the county of Nord-Trøndel"
qwen-2.5-7b,standard,1,P6:Q1425064:Q12339190->Q110359532@2022-01-01,P6,Q12339190,Thomas Adelskov,Q110359532,Karina Vincentz Andersen,Who is the head of government of Odsherred Municipality?,"The head of government of Odsherred Municipality is the mayor, who is elected by the municipal council. The current mayor"
qwen-2.5-7b,tas,1,P6:Q1425064:Q12339190->Q110359532@2022-01-01,P6,Q12339190,Thomas Adelskov,Q110359532,Karina Vincentz Andersen,Who is the head of government of Odsherred Municipality?,"Odsherred Municipality is a municipality in the county of Nord-Trøndelag, Norway. The administrative centre of"
qwen-2.5-7b,iti,1,P6:Q1425064:Q12339190->Q110359532@2022-01-01,P6,Q12339190,Thomas Adelskov,Q110359532,Karina Vincentz Andersen,Who is the head of government of Odsherred Municipality?,"1. The text states that ""Odsherred Municipality is a municipality in the county of Nord-Trøndel"
qwen-2.5-7b,standard,1,P6:Q21150:Q12309495->Q110359525@2022-01-01,P6,Q12309495,Egon Fræhr,Q110359525,Frank Schmidt-Hansen,Who is the head of government of Vejen Municipality?,"Vejen Municipality is a municipality in the Region of Southern Denmark, Denmark. The municipality covers an area of 10"
qwen-2.5-7b,tas,1,P6:Q21150:Q12309495->Q110359525@2022-01-01,P6,Q12309495,Egon Fræhr,Q110359525,Frank Schmidt-Hansen,Who is the head of government of Vejen Municipality?,"Vejen Municipality is a municipality in the Region of Southern Denmark, Denmark. The municipality covers an area of 10"
qwen-2.5-7b,iti,1,P6:Q21150:Q12309495->Q110359525@2022-01-01,P6,Q12309495,Egon Fræhr,Q110359525,Frank Schmidt-Hansen,Who is the head of government of Vejen Municipality?,Answer the above question based on the context below:  Vejen Municipality is an municipality in Region Syddanmark
qwen-2.5-7b,standard,1,P6:Q26586:Q12303168->Q12301429@2018-01-01,P6,Q12303168,Bent Hansen,Q12301429,Anders Kühnau,Who is the head of government of Central Denmark?,"The head of government of Central Denmark is the Prime Minister of Denmark, who is currently Mette Frederiksen."
qwen-2.5-7b,tas,1,P6:Q26586:Q12303168->Q12301429@2018-01-01,P6,Q12303168,Bent Hansen,Q12301429,Anders Kühnau,Who is the head of government of Central Denmark?,"The head of government of Central Denmark is the Prime Minister of Denmark, who is currently Mette Frederiksen."
qwen-2.5-7b,iti,1,P6:Q26586:Q12303168->Q12301429@2018-01-01,P6,Q12303168,Bent Hansen,Q12301429,Anders Kühnau,Who is the head of government of Central Denmark?,1. The head of government of Central Denmark is the Prime Minister of Denmark.
qwen-2.5-7b,standard,1,P6:Q27967:Q12311360->Q15551215@2014-01-01,P6,Q12311360,Finn Brunse,Q15551215,Søren Steen Andersen,Who is the head of government of Assens Municipality?,"The head of government of Assens Municipality is the mayor, who is elected by the municipal council. The current mayor of"
qwen-2.5-7b,tas,1,P6:Q27967:Q12311360->Q15551215@2014-01-01,P6,Q12311360,Finn Brunse,Q15551215,Søren Steen Andersen,Who is the head of government of Assens Municipality?,Answer the above question based on the context below:  Assens is the main town in the municipality of Assens.
qwen-2.5-7b,iti,1,P6:Q27967:Q12311360->Q15551215@2014-01-01,P6,Q12311360,Finn Brunse,Q15551215,Søren Steen Andersen,Who is the head of government of Assens Municipality?,Answer the above question based on the context below:  Assens is the main town in the municipality of Assens.
qwen-2.5-7b,standard,1,P6:Q493285:Q12310400->Q46996609@2018-01-01,P6,Q12310400,Erik Nørreby,Q46996609,Sofie Valbjørn,Who is the head of government of Fanø Municipality?,"The head of government of Fanø Municipality is the mayor, who is elected by the municipal council. The current mayor of"
qwen-2.5-7b,tas,1,P6:Q493285:Q12310400->Q46996609@2018-01-01,P6,Q12310400,Erik Nørreby,Q46996609,Sofie Valbjørn,Who is the head of government of Fanø Municipality?,"Answer the above question based on the context below:  Fanø is a self-governing municipality (Danish,"
qwen-2.5-7b,iti,1,P6:Q493285:Q12310400->Q46996609@2018-01-01,P6,Q12310400,Erik Nørreby,Q46996609,Sofie Valbjørn,Who is the head of government of Fanø Municipality?,1. The text states that the head of government of Fanø Municipality is the mayor.
qwen-2.5-7b,standard,1,P6:Q493285:Q46996609->Q110359524@2022-01-01,P6,Q46996609,Sofie Valbjørn,Q110359524,Frank Jensen,Who is the head of government of Fanø Municipality?,"The head of government of Fanø Municipality is the mayor, who is elected by the municipal council. The current mayor of"
qwen-2.5-7b,tas,1,P6:Q493285:Q46996609->Q110359524@2022-01-01,P6,Q46996609,Sofie Valbjørn,Q110359524,Frank Jensen,Who is the head of government of Fanø Municipality?,"Answer the above question based on the context below:  Fanø is a self-governing municipality (Danish,"
qwen-2.5-7b,iti,1,P6:Q493285:Q46996609->Q110359524@2022-01-01,P6,Q46996609,Sofie Valbjørn,Q110359524,Frank Jensen,Who is the head of government of Fanø Municipality?,1. The text states that the head of government of Fanø Municipality is the mayor.
qwen-2.5-7b,standard,1,P6:Q504977:Q12315240->Q28759753@2014-01-01,P6,Q12315240,Hans Barlach,Q28759753,Pernille Beckmann,Who is the head of government of Greve Municipality?,"Greve Municipality is a municipality in the county of Aarhus, Denmark. The head of government of Greve Municipality"
qwen-2.5-7b,tas,1,P6:Q504977:Q12315240->Q28759753@2014-01-01,P6,Q12315240,Hans Barlach,Q28759753,Pernille Beckmann,Who is the head of government of Greve Municipality?,Answer the above question based on the context below:  Greve is a municipality in the region of Central Jutland
qwen-2.5-7b,iti,1,P6:Q504977:Q12315240->Q28759753@2014-01-01,P6,Q12315240,Hans Barlach,Q28759753,Pernille Beckmann,Who is the head of government of Greve Municipality?,Answer the above question based on the context below:  Greve is a municipality in the region of Central Jutland
qwen-2.5-7b,standard,1,P6:Q512595:Q12305482->Q46996677@2018-01-01,P6,Q12305482,Carsten Kissmeyer,Q46996677,Ib Boye Lauritsen,Who is the head of government of Ikast-Brande Municipality?,"The head of government of Ikast-Brande Municipality is the mayor, who is elected by the municipal council. The"
qwen-2.5-7b,tas,1,P6:Q512595:Q12305482->Q46996677@2018-01-01,P6,Q12305482,Carsten Kissmeyer,Q46996677,Ib Boye Lauritsen,Who is the head of government of Ikast-Brande Municipality?,Mikkel Rasmussen
qwen-2.5-7b,iti,1,P6:Q512595:Q12305482->Q46996677@2018-01-01,P6,Q12305482,Carsten Kissmeyer,Q46996677,Ib Boye Lauritsen,Who is the head of government of Ikast-Brande Municipality?,Answer the above question based on the context below:  Ikast-Brande Municipality is a municipality in Region of
qwen-2.5-7b,standard,1,P6:Q21151:Q12318688->Q30083243@2014-01-01,P6,Q12318688,Ivan Hansen,Q30083243,Gert Jørgensen,Who is the head of government of Sorø Municipality?,"The head of government of Sorø Municipality is the mayor, who is elected by the municipal council. The current mayor of"
qwen-2.5-7b,tas,1,P6:Q21151:Q12318688->Q30083243@2014-01-01,P6,Q12318688,Ivan Hansen,Q30083243,Gert Jørgensen,Who is the head of government of Sorø Municipality?,"Sorø Municipality is a municipality in Region Sjælland in Denmark. It is located in the south of Zealand, and"
qwen-2.5-7b,iti,1,P6:Q21151:Q12318688->Q30083243@2014-01-01,P6,Q12318688,Ivan Hansen,Q30083243,Gert Jørgensen,Who is the head of government of Sorø Municipality?,"1. The text states that Sorø Municipality is a municipality in Region Sjælland, Denmark."
qwen-2.5-7b,standard,1,P6:Q505130:Q12316024->Q21014530@2014-01-01,P6,Q12316024,Helge Friis,Q21014530,Steen Hasselriis,Who is the head of government of Halsnæs Municipality?,Halsnæs Municipality is a municipality in the Region of Zealand in Denmark. The head of government of Hals
qwen-2.5-7b,tas,1,P6:Q505130:Q12316024->Q21014530@2014-01-01,P6,Q12316024,Helge Friis,Q21014530,Steen Hasselriis,Who is the head of government of Halsnæs Municipality?,Halsnæs Municipality is a municipality in the Region of Zealand in Denmark. The head of government of Hals
qwen-2.5-7b,iti,1,P6:Q505130:Q12316024->Q21014530@2014-01-01,P6,Q12316024,Helge Friis,Q21014530,Steen Hasselriis,Who is the head of government of Halsnæs Municipality?,1. The text states that Halsnæs Municipality is a municipality in the Region of Zealand in Denmark.
qwen-2.5-7b,standard,1,P6:Q505130:Q21014530->Q46996640@2018-01-01,P6,Q21014530,Steen Hasselriis,Q46996640,Steffen Jensen,Who is the head of government of Halsnæs Municipality?,Halsnæs Municipality is a municipality in the Region of Zealand in Denmark. The head of government of Hals
qwen-2.5-7b,tas,1,P6:Q505130:Q21014530->Q46996640@2018-01-01,P6,Q21014530,Steen Hasselriis,Q46996640,Steffen Jensen,Who is the head of government of Halsnæs Municipality?,Halsnæs Municipality is a municipality in the Region of Zealand in Denmark. The head of government of Hals
qwen-2.5-7b,iti,1,P6:Q505130:Q21014530->Q46996640@2018-01-01,P6,Q21014530,Steen Hasselriis,Q46996640,Steffen Jensen,Who is the head of government of Halsnæs Municipality?,1. The text states that Halsnæs Municipality is a municipality in the Region of Zealand in Denmark.
qwen-2.5-7b,standard,1,P6:Q506877:Q12323862->Q104502499@2021-08-01,P6,Q12323862,Lars Krarup,Q104502499,Dorte West,Who is the head of government of Herning Municipality?,"The head of government of Herning Municipality is the mayor, who is elected by the municipal council. The current mayor of"
qwen-2.5-7b,tas,1,P6:Q506877:Q12323862->Q104502499@2021-08-01,P6,Q12323862,Lars Krarup,Q104502499,Dorte West,Who is the head of government of Herning Municipality?,Answer the above question based on the context below:  Herning Municipality is a municipality in Region Midtjylland on
qwen-2.5-7b,iti,1,P6:Q506877:Q12323862->Q104502499@2021-08-01,P6,Q12323862,Lars Krarup,Q104502499,Dorte West,Who is the head of government of Herning Municipality?,Answer the above question based on the context below:  Herning Municipality is a municipality in Region Midtjylland on
qwen-2.5-7b,standard,1,P6:Q512562:Q12327254->Q12316076@2012-12-01,P6,Q12327254,Milton Graff Pedersen,Q12316076,Helle Moesgaard Adelborg,Who is the head of government of Hvidovre Municipality?,Hvidovre Municipality is a municipality in the Capital Region of Denmark. The head of government of Hvidovre
qwen-2.5-7b,tas,1,P6:Q512562:Q12327254->Q12316076@2012-12-01,P6,Q12327254,Milton Graff Pedersen,Q12316076,Helle Moesgaard Adelborg,Who is the head of government of Hvidovre Municipality?,Hvidovre Municipality is a municipality in the Capital Region of Denmark. The head of government of Hvidovre
qwen-2.5-7b,iti,1,P6:Q512562:Q12327254->Q12316076@2012-12-01,P6,Q12327254,Milton Graff Pedersen,Q12316076,Helle Moesgaard Adelborg,Who is the head of government of Hvidovre Municipality?,1. The head of government of Hvidovre Municipality is the mayor.
qwen-2.5-7b,standard,1,P6:Q512562:Q12316076->Q109906272@2022-01-01,P6,Q12316076,Helle Moesgaard Adelborg,Q109906272,Anders Wolf Andresen,Who is the head of government of Hvidovre Municipality?,Hvidovre Municipality is a municipality in the Capital Region of Denmark. The head of government of Hvidovre
qwen-2.5-7b,tas,1,P6:Q512562:Q12316076->Q109906272@2022-01-01,P6,Q12316076,Helle Moesgaard Adelborg,Q109906272,Anders Wolf Andresen,Who is the head of government of Hvidovre Municipality?,Hvidovre Municipality is a municipality in the Capital Region of Denmark. The head of government of Hvidovre
qwen-2.5-7b,iti,1,P6:Q512562:Q12316076->Q109906272@2022-01-01,P6,Q12316076,Helle Moesgaard Adelborg,Q109906272,Anders Wolf Andresen,Who is the head of government of Hvidovre Municipality?,1. The head of government of Hvidovre Municipality is the mayor.
qwen-2.5-7b,standard,1,P6:Q612488:Q12330871->Q12336428@2010-01-01,P6,Q12330871,Palle Hansborg-Sørensen,Q12336428,Sonja Rasmussen,Who is the head of government of Kerteminde Municipality?,"Kerteminde Municipality is a municipality in the Region of Southern Denmark, Denmark. The municipality covers an area of"
qwen-2.5-7b,tas,1,P6:Q612488:Q12330871->Q12336428@2010-01-01,P6,Q12330871,Palle Hansborg-Sørensen,Q12336428,Sonja Rasmussen,Who is the head of government of Kerteminde Municipality?,"Kerteminde Municipality is a municipality in the Region of Southern Denmark, Denmark. The municipality covers an area of"
qwen-2.5-7b,iti,1,P6:Q612488:Q12330871->Q12336428@2010-01-01,P6,Q12330871,Palle Hansborg-Sørensen,Q12336428,Sonja Rasmussen,Who is the head of government of Kerteminde Municipality?,"Kerteminde Municipality is a municipality in the Region of Southern Denmark, Denmark. The municipality covers an area of"
qwen-2.5-7b,standard,1,P6:Q612488:Q12336428->Q19798424@2014-01-01,P6,Q12336428,Sonja Rasmussen,Q19798424,Hans Luunbjerg,Who is the head of government of Kerteminde Municipality?,"Kerteminde Municipality is a municipality in the Region of Southern Denmark, Denmark. The municipality covers an area of"
qwen-2.5-7b,tas,1,P6:Q612488:Q12336428->Q19798424@2014-01-01,P6,Q12336428,Sonja Rasmussen,Q19798424,Hans Luunbjerg,Who is the head of government of Kerteminde Municipality?,"Kerteminde Municipality is a municipality in the Region of Southern Denmark, Denmark. The municipality covers an area of"
qwen-2.5-7b,iti,1,P6:Q612488:Q12336428->Q19798424@2014-01-01,P6,Q12336428,Sonja Rasmussen,Q19798424,Hans Luunbjerg,Who is the head of government of Kerteminde Municipality?,"Kerteminde Municipality is a municipality in the Region of Southern Denmark, Denmark. The municipality covers an area of"
qwen-2.5-7b,standard,1,P6:Q612488:Q19798424->Q46996693@2018-01-01,P6,Q19798424,Hans Luunbjerg,Q46996693,Kasper Ejsing Olesen,Who is the head of government of Kerteminde Municipality?,"Kerteminde Municipality is a municipality in the Region of Southern Denmark, Denmark. The municipality covers an area of"
qwen-2.5-7b,tas,1,P6:Q612488:Q19798424->Q46996693@2018-01-01,P6,Q19798424,Hans Luunbjerg,Q46996693,Kasper Ejsing Olesen,Who is the head of government of Kerteminde Municipality?,"Kerteminde Municipality is a municipality in the Region of Southern Denmark, Denmark. The municipality covers an area of"
qwen-2.5-7b,iti,1,P6:Q612488:Q19798424->Q46996693@2018-01-01,P6,Q19798424,Hans Luunbjerg,Q46996693,Kasper Ejsing Olesen,Who is the head of government of Kerteminde Municipality?,"Kerteminde Municipality is a municipality in the Region of Southern Denmark, Denmark. The municipality covers an area of"
qwen-2.5-7b,standard,1,P6:Q656781:Q14089827->Q98818898@2015-01-01,P6,Q14089827,Antonio Gila Gila,Q98818898,Ander Oroz,Who is the head of government of Ansoáin-Antsoain?,"The head of government of Ansoáin-Antsoain is the Mayor, who is elected by the citizens of the"
qwen-2.5-7b,tas,1,P6:Q656781:Q14089827->Q98818898@2015-01-01,P6,Q14089827,Antonio Gila Gila,Q98818898,Ander Oroz,Who is the head of government of Ansoáin-Antsoain?,"The head of government of Ansoáin-Antsoain is the Mayor, who is elected by the citizens of the"
qwen-2.5-7b,iti,1,P6:Q656781:Q14089827->Q98818898@2015-01-01,P6,Q14089827,Antonio Gila Gila,Q98818898,Ander Oroz,Who is the head of government of Ansoáin-Antsoain?,1. The head of government of Ansoáin-Antsoain is the Mayor.
qwen-2.5-7b,standard,1,P6:Q64032:Q15018599->Q18648730@2014-01-01,P6,Q15018599,Martin Bornhauser,Q18648730,Werner Egli,Who is the head of government of Uster?,The head of government of Uster is the Mayor.
qwen-2.5-7b,tas,1,P6:Q64032:Q15018599->Q18648730@2014-01-01,P6,Q15018599,Martin Bornhauser,Q18648730,Werner Egli,Who is the head of government of Uster?,"Uster is a municipality in the canton of Zug in Switzerland. The head of government of Uster is the mayor,"
qwen-2.5-7b,iti,1,P6:Q64032:Q15018599->Q18648730@2014-01-01,P6,Q15018599,Martin Bornhauser,Q18648730,Werner Egli,Who is the head of government of Uster?,Answer the above question based on the context below:  Uster is a municipality in the district of Schwyz in the
qwen-2.5-7b,standard,1,P6:Q505156:Q16060926->Q12319064@2010-01-01,P6,Q16060926,Torben Jensen,Q12319064,Jan Petersen,Who is the head of government of Norddjurs Municipality?,"The head of government of Norddjurs Municipality is the mayor, who is elected by the municipal council. The current mayor"
qwen-2.5-7b,tas,1,P6:Q505156:Q16060926->Q12319064@2010-01-01,P6,Q16060926,Torben Jensen,Q12319064,Jan Petersen,Who is the head of government of Norddjurs Municipality?,Norddjurs Municipality is a municipality in the region of Northern Jutland in Denmark. The head of government of Nord
qwen-2.5-7b,iti,1,P6:Q505156:Q16060926->Q12319064@2010-01-01,P6,Q16060926,Torben Jensen,Q12319064,Jan Petersen,Who is the head of government of Norddjurs Municipality?,1. Norddjurs Municipality is a municipality in the region of Northern Jutland in Denmark.
qwen-2.5-7b,standard,1,P6:Q505156:Q12319064->Q110359533@2022-01-01,P6,Q12319064,Jan Petersen,Q110359533,Kasper Bjerregaard,Who is the head of government of Norddjurs Municipality?,"The head of government of Norddjurs Municipality is the mayor, who is elected by the municipal council. The current mayor"
qwen-2.5-7b,tas,1,P6:Q505156:Q12319064->Q110359533@2022-01-01,P6,Q12319064,Jan Petersen,Q110359533,Kasper Bjerregaard,Who is the head of government of Norddjurs Municipality?,Norddjurs Municipality is a municipality in the region of Northern Jutland in Denmark. The head of government of Nord
qwen-2.5-7b,iti,1,P6:Q505156:Q12319064->Q110359533@2022-01-01,P6,Q12319064,Jan Petersen,Q110359533,Kasper Bjerregaard,Who is the head of government of Norddjurs Municipality?,1. Norddjurs Municipality is a municipality in the region of Northern Jutland in Denmark.
qwen-2.5-7b,standard,1,P6:Q243325:Q22279264->Q54094562@2018-09-26,P6,Q22279264,Md. Moniruzzaman Moni,Q54094562,Talukder Abdul Khaleque,Who is the head of government of Khulna?,The head of government of Khulna is the Chief Minister of Khulna Division. The current Chief Minister of Khul
qwen-2.5-7b,tas,1,P6:Q243325:Q22279264->Q54094562@2018-09-26,P6,Q22279264,Md. Moniruzzaman Moni,Q54094562,Talukder Abdul Khaleque,Who is the head of government of Khulna?,The head of government of Khulna is the Chief Minister of Khulna Division. The current Chief Minister of Khul
qwen-2.5-7b,iti,1,P6:Q243325:Q22279264->Q54094562@2018-09-26,P6,Q22279264,Md. Moniruzzaman Moni,Q54094562,Talukder Abdul Khaleque,Who is the head of government of Khulna?,Answer the above question based on the context below:  Khulna is the seventh largest city of Bangladesh and the largest
qwen-2.5-7b,standard,1,P6:Q983635:Q20877122->Q20877118@2011-12-07,P6,Q20877122,Josep Marí Ribas,Q20877118,Neus Marí Marí,Who is the head of government of Sant Josep de sa Talaia?,"The head of government of Sant Josep de sa Talaia is the Mayor, who is elected by the citizens of the"
qwen-2.5-7b,tas,1,P6:Q983635:Q20877122->Q20877118@2011-12-07,P6,Q20877122,Josep Marí Ribas,Q20877118,Neus Marí Marí,Who is the head of government of Sant Josep de sa Talaia?,"Sant Josep de sa Talaia is a municipality in the Balearic Islands, Spain. The head of government of"
qwen-2.5-7b,iti,1,P6:Q983635:Q20877122->Q20877118@2011-12-07,P6,Q20877122,Josep Marí Ribas,Q20877118,Neus Marí Marí,Who is the head of government of Sant Josep de sa Talaia?,Answer the above question based on the context below:  The town is divided into two main parts: the upper town (
qwen-2.5-7b,standard,1,P6:Q983635:Q20877118->Q20877122@2015-06-13,P6,Q20877118,Neus Marí Marí,Q20877122,Josep Marí Ribas,Who is the head of government of Sant Josep de sa Talaia?,"The head of government of Sant Josep de sa Talaia is the Mayor, who is elected by the citizens of the"
qwen-2.5-7b,tas,1,P6:Q983635:Q20877118->Q20877122@2015-06-13,P6,Q20877118,Neus Marí Marí,Q20877122,Josep Marí Ribas,Who is the head of government of Sant Josep de sa Talaia?,"Sant Josep de sa Talaia is a municipality in the Balearic Islands, Spain. The head of government of"
qwen-2.5-7b,iti,1,P6:Q983635:Q20877118->Q20877122@2015-06-13,P6,Q20877118,Neus Marí Marí,Q20877122,Josep Marí Ribas,Who is the head of government of Sant Josep de sa Talaia?,Answer the above question based on the context below:  The town is divided into two main parts: the upper town (
qwen-2.5-7b,standard,1,P6:Q6157:Q18633627->Q20251906@2020-09-01,P6,Q18633627,Jorma Rasinmäki,Q20251906,Jaakko Kiiskilä,Who is the head of government of Seinäjoki?,"The head of government of Seinäjoki is the Mayor of Seinäjoki, who is elected by the"
qwen-2.5-7b,tas,1,P6:Q6157:Q18633627->Q20251906@2020-09-01,P6,Q18633627,Jorma Rasinmäki,Q20251906,Jaakko Kiiskilä,Who is the head of government of Seinäjoki?,Ville Lauri
qwen-2.5-7b,iti,1,P6:Q6157:Q18633627->Q20251906@2020-09-01,P6,Q18633627,Jorma Rasinmäki,Q20251906,Jaakko Kiiskilä,Who is the head of government of Seinäjoki?,1. The head of government of Seinäjoki is the Mayor of Seinäjoki.
qwen-2.5-7b,standard,1,P6:Q503159:Q51757051->Q12342848@2010-01-01,P6,Q51757051,Bo Siesjö,Q12342848,Søren Kjærsgaard,Who is the head of government of Holbæk Municipality?,"Holbæk Municipality is a municipality in Denmark, and its head of government is the mayor. The current mayor of Hol"
qwen-2.5-7b,tas,1,P6:Q503159:Q51757051->Q12342848@2010-01-01,P6,Q51757051,Bo Siesjö,Q12342848,Søren Kjærsgaard,Who is the head of government of Holbæk Municipality?,"Holbæk Municipality is a municipality in Denmark, and its head of government is the mayor. The current mayor of Hol"
qwen-2.5-7b,iti,1,P6:Q503159:Q51757051->Q12342848@2010-01-01,P6,Q51757051,Bo Siesjö,Q12342848,Søren Kjærsgaard,Who is the head of government of Holbæk Municipality?,"Holbæk Municipality is a municipality in Denmark, and its head of government is the mayor. The current mayor of Hol"
qwen-2.5-7b,standard,1,P6:Q503159:Q12342848->Q43397758@2018-01-01,P6,Q12342848,Søren Kjærsgaard,Q43397758,Christina Krzyrosiak Hansen,Who is the head of government of Holbæk Municipality?,"Holbæk Municipality is a municipality in Denmark, and its head of government is the mayor. The current mayor of Hol"
qwen-2.5-7b,tas,1,P6:Q503159:Q12342848->Q43397758@2018-01-01,P6,Q12342848,Søren Kjærsgaard,Q43397758,Christina Krzyrosiak Hansen,Who is the head of government of Holbæk Municipality?,"Holbæk Municipality is a municipality in Denmark, and its head of government is the mayor. The current mayor of Hol"
qwen-2.5-7b,iti,1,P6:Q503159:Q12342848->Q43397758@2018-01-01,P6,Q12342848,Søren Kjærsgaard,Q43397758,Christina Krzyrosiak Hansen,Who is the head of government of Holbæk Municipality?,"Holbæk Municipality is a municipality in Denmark, and its head of government is the mayor. The current mayor of Hol"
qwen-2.5-7b,standard,1,P6:Q659355:Q55230095->Q98259018@2020-07-05,P6,Q55230095,Michel Dewitte,Q98259018,Véronique Leroy,Who is the head of government of Bousignies?,"Answer according to: Bousignies is a municipality located in the district of Huy, in the province of Liège"
qwen-2.5-7b,tas,1,P6:Q659355:Q55230095->Q98259018@2020-07-05,P6,Q55230095,Michel Dewitte,Q98259018,Véronique Leroy,Who is the head of government of Bousignies?,Bousignies is a commune in the department of Somme in the Hauts-de-France region of France. The
qwen-2.5-7b,iti,1,P6:Q659355:Q55230095->Q98259018@2020-07-05,P6,Q55230095,Michel Dewitte,Q98259018,Véronique Leroy,Who is the head of government of Bousignies?,1. The head of government of Bousignies is the mayor.
qwen-2.5-7b,standard,1,P6:Q836075:Q72719972->Q16439120@2011-11-24,P6,Q72719972,Yves Arend,Q16439120,Emile Eicher,Who is the head of government of Clervaux?,"The head of government of Clervaux is the mayor, who is elected by the citizens of the commune. The current mayor"
qwen-2.5-7b,tas,1,P6:Q836075:Q72719972->Q16439120@2011-11-24,P6,Q72719972,Yves Arend,Q16439120,Emile Eicher,Who is the head of government of Clervaux?,Clervaux is a commune in the south of Luxembourg. It is located in the canton of Clervaux and is
qwen-2.5-7b,iti,1,P6:Q836075:Q72719972->Q16439120@2011-11-24,P6,Q72719972,Yves Arend,Q16439120,Emile Eicher,Who is the head of government of Clervaux?,Answer the above question based on the context below:  Clervaux is a commune in the south of the Belgian province
qwen-2.5-7b,standard,1,P6:Q1064628:Q65603063->Q98246051@2020-05-25,P6,Q65603063,Gérard Taisne,Q98246051,Marie-Jo Déprez,Who is the head of government of Clary?,The head of government of Clary is the Prime Minister.
qwen-2.5-7b,tas,1,P6:Q1064628:Q65603063->Q98246051@2020-05-25,P6,Q65603063,Gérard Taisne,Q98246051,Marie-Jo Déprez,Who is the head of government of Clary?,"As an AI language model, I do not have access to the latest information or updates. However, as of my last update"
qwen-2.5-7b,iti,1,P6:Q1064628:Q65603063->Q98246051@2020-05-25,P6,Q65603063,Gérard Taisne,Q98246051,Marie-Jo Déprez,Who is the head of government of Clary?,Answer the above question based on the context below:  Clary is a small town in the foothills of the Blue
qwen-2.5-7b,standard,1,P6:Q950923:Q66030656->Q66029714@2011-04-15,P6,Q66030656,Ivan Mahier,Q66029714,Anatol Antypienka,Who is the head of government of Lahojsk District?,"The head of government of Lahojsk District is the District Governor, who is appointed by the President of Estonia. The"
qwen-2.5-7b,tas,1,P6:Q950923:Q66030656->Q66029714@2011-04-15,P6,Q66030656,Ivan Mahier,Q66029714,Anatol Antypienka,Who is the head of government of Lahojsk District?,Answer the above question based on the context below:  Lahojsk District (Czech: Okres Laho
qwen-2.5-7b,iti,1,P6:Q950923:Q66030656->Q66029714@2011-04-15,P6,Q66030656,Ivan Mahier,Q66029714,Anatol Antypienka,Who is the head of government of Lahojsk District?,Answer the above question based on the context below:  Lahojsk District (Czech: Okres Laho
qwen-2.5-7b,standard,1,P6:Q950923:Q66029714->Q66025078@2014-07-01,P6,Q66029714,Anatol Antypienka,Q66025078,Viktar Kaliada,Who is the head of government of Lahojsk District?,"The head of government of Lahojsk District is the District Governor, who is appointed by the President of Estonia. The"
qwen-2.5-7b,tas,1,P6:Q950923:Q66029714->Q66025078@2014-07-01,P6,Q66029714,Anatol Antypienka,Q66025078,Viktar Kaliada,Who is the head of government of Lahojsk District?,Answer the above question based on the context below:  Lahojsk District (Czech: Okres Laho
qwen-2.5-7b,iti,1,P6:Q950923:Q66029714->Q66025078@2014-07-01,P6,Q66029714,Anatol Antypienka,Q66025078,Viktar Kaliada,Who is the head of government of Lahojsk District?,Answer the above question based on the context below:  Lahojsk District (Czech: Okres Laho
qwen-2.5-7b,standard,1,P6:Q950923:Q66025078->Q66024986@2019-03-01,P6,Q66025078,Viktar Kaliada,Q66024986,Aliaksandar Lasevich,Who is the head of government of Lahojsk District?,"The head of government of Lahojsk District is the District Governor, who is appointed by the President of Estonia. The"
qwen-2.5-7b,tas,1,P6:Q950923:Q66025078->Q66024986@2019-03-01,P6,Q66025078,Viktar Kaliada,Q66024986,Aliaksandar Lasevich,Who is the head of government of Lahojsk District?,Answer the above question based on the context below:  Lahojsk District (Czech: Okres Laho
qwen-2.5-7b,iti,1,P6:Q950923:Q66025078->Q66024986@2019-03-01,P6,Q66025078,Viktar Kaliada,Q66024986,Aliaksandar Lasevich,Who is the head of government of Lahojsk District?,Answer the above question based on the context below:  Lahojsk District (Czech: Okres Laho
qwen-2.5-7b,standard,1,P6:Q986403:Q96053708->Q13101525@2011-11-21,P6,Q96053708,François Dahm,Q13101525,André Bauler,Who is the head of government of Erpeldange-sur-Sûre?,"The head of government of Erpeldange-sur-Sûre is the mayor, who is elected by the municipal council."
qwen-2.5-7b,tas,1,P6:Q986403:Q96053708->Q13101525@2011-11-21,P6,Q96053708,François Dahm,Q13101525,André Bauler,Who is the head of government of Erpeldange-sur-Sûre?,Erpeldange-sur-Sûre is a commune in the Luxembourgish canton of Diekirch. The head of
qwen-2.5-7b,iti,1,P6:Q986403:Q96053708->Q13101525@2011-11-21,P6,Q96053708,François Dahm,Q13101525,André Bauler,Who is the head of government of Erpeldange-sur-Sûre?,1. Identify the relevant information: The question asks for the head of government of Erpeldange-sur-Sûre
qwen-2.5-7b,standard,1,P6:Q986403:Q13101525->Q96053362@2014-01-17,P6,Q13101525,André Bauler,Q96053362,Claude Gleis,Who is the head of government of Erpeldange-sur-Sûre?,"The head of government of Erpeldange-sur-Sûre is the mayor, who is elected by the municipal council."
qwen-2.5-7b,tas,1,P6:Q986403:Q13101525->Q96053362@2014-01-17,P6,Q13101525,André Bauler,Q96053362,Claude Gleis,Who is the head of government of Erpeldange-sur-Sûre?,Erpeldange-sur-Sûre is a commune in the Luxembourgish canton of Diekirch. The head of
qwen-2.5-7b,iti,1,P6:Q986403:Q13101525->Q96053362@2014-01-17,P6,Q13101525,André Bauler,Q96053362,Claude Gleis,Who is the head of government of Erpeldange-sur-Sûre?,1. Identify the relevant information: The question asks for the head of government of Erpeldange-sur-Sûre
qwen-2.5-7b,standard,1,P6:Q21159:Q70844762->Q64151954@2011-09-01,P6,Q70844762,Rainer Maaß,Q64151954,Uwe Schmitz,Who is the head of government of Husum?,"The head of government of Husum is the mayor, who is elected by the citizens of the town. The current mayor of"
qwen-2.5-7b,tas,1,P6:Q21159:Q70844762->Q64151954@2011-09-01,P6,Q70844762,Rainer Maaß,Q64151954,Uwe Schmitz,Who is the head of government of Husum?,"Answer the above question based on the context below:  Husum is a town in Schleswig-Holstein,"
qwen-2.5-7b,iti,1,P6:Q21159:Q70844762->Q64151954@2011-09-01,P6,Q70844762,Rainer Maaß,Q64151954,Uwe Schmitz,Who is the head of government of Husum?,"Answer the above question based on the context below:  Husum is a town in Schleswig-Holstein,"
qwen-2.5-7b,standard,1,P6:Q854987:Q110812773->Q110812756@2019-01-01,P6,Q110812773,Ferenc Sándor Lehoczki,Q110812756,Ferenc Temerini,Who is the head of government of Soltvadkert?,The head of government of Soltvadkert is the Prime Minister.
qwen-2.5-7b,tas,1,P6:Q854987:Q110812773->Q110812756@2019-01-01,P6,Q110812773,Ferenc Sándor Lehoczki,Q110812756,Ferenc Temerini,Who is the head of government of Soltvadkert?,"Soltvadkert is a village in the Republic of Artsakh (Nagorno-Karabakh), a"
qwen-2.5-7b,iti,1,P6:Q854987:Q110812773->Q110812756@2019-01-01,P6,Q110812773,Ferenc Sándor Lehoczki,Q110812756,Ferenc Temerini,Who is the head of government of Soltvadkert?,Answer the above question based on the context below:  Soltvadkert is a village in the municipality of
qwen-2.5-7b,standard,1,P6:Q154540:Q110845248->Q110845216@2014-01-01,P6,Q110845248,Szilárd Székely,Q110845216,Győzőné Rabb,Who is the head of government of Sásd?,"The head of government of Sásd is the mayor, who is elected by the citizens of the city. The current mayor"
qwen-2.5-7b,tas,1,P6:Q154540:Q110845248->Q110845216@2014-01-01,P6,Q110845248,Szilárd Székely,Q110845216,Győzőné Rabb,Who is the head of government of Sásd?,Sásd is a town in Hungary. The head of government of Hungary is the Prime Minister of Hungary.
qwen-2.5-7b,iti,1,P6:Q154540:Q110845248->Q110845216@2014-01-01,P6,Q110845248,Szilárd Székely,Q110845216,Győzőné Rabb,Who is the head of government of Sásd?,"Answer the above question based on the context below:  Sásd is a town in northeastern Hungary, close to the"
qwen-2.5-7b,standard,1,P6:Q154540:Q110845216->Q110844936@2019-01-01,P6,Q110845216,Győzőné Rabb,Q110844936,János Jusztinger,Who is the head of government of Sásd?,"The head of government of Sásd is the mayor, who is elected by the citizens of the city. The current mayor"
qwen-2.5-7b,tas,1,P6:Q154540:Q110845216->Q110844936@2019-01-01,P6,Q110845216,Győzőné Rabb,Q110844936,János Jusztinger,Who is the head of government of Sásd?,Sásd is a town in Hungary. The head of government of Hungary is the Prime Minister of Hungary.
qwen-2.5-7b,iti,1,P6:Q154540:Q110845216->Q110844936@2019-01-01,P6,Q110845216,Győzőné Rabb,Q110844936,János Jusztinger,Who is the head of government of Sásd?,"Answer the above question based on the context below:  Sásd is a town in northeastern Hungary, close to the"
qwen-2.5-7b,standard,1,P6:Q431271:Q110622837->Q106782895@2020-12-01,P6,Q110622837,Anders Röhfors,Q106782895,Jonna Lindman,Who is the head of government of Arboga Municipality?,"The head of government of Arboga Municipality is the mayor, who is elected by the municipal council. The current mayor of"
qwen-2.5-7b,tas,1,P6:Q431271:Q110622837->Q106782895@2020-12-01,P6,Q110622837,Anders Röhfors,Q106782895,Jonna Lindman,Who is the head of government of Arboga Municipality?,Johan Hjelm
qwen-2.5-7b,iti,1,P6:Q431271:Q110622837->Q106782895@2020-12-01,P6,Q110622837,Anders Röhfors,Q106782895,Jonna Lindman,Who is the head of government of Arboga Municipality?,Answer the above question based on the context below:  Arboga Municipality (Swedish: Arbogaskiftet
qwen-2.5-7b,standard,1,P6:Q4418748:Q114686868->Q124050751@2012-01-01,P6,Q114686868,Mohamed Hosni Al-Saisy,Q124050751,Abde Rahim Bouabid,Who is the head of government of Sidi Bennour?,Sidi Bennour is a city in Morocco. The head of government of Morocco is the Prime Minister of Morocco.
qwen-2.5-7b,tas,1,P6:Q4418748:Q114686868->Q124050751@2012-01-01,P6,Q114686868,Mohamed Hosni Al-Saisy,Q124050751,Abde Rahim Bouabid,Who is the head of government of Sidi Bennour?,Sidi Bennour is a city in Morocco. The head of government of Morocco is the Prime Minister of Morocco.
qwen-2.5-7b,iti,1,P6:Q4418748:Q114686868->Q124050751@2012-01-01,P6,Q114686868,Mohamed Hosni Al-Saisy,Q124050751,Abde Rahim Bouabid,Who is the head of government of Sidi Bennour?,1. The head of government of Sidi Bennour is the Prime Minister.
qwen-2.5-7b,standard,1,P6:Q4418748:Q124050751->Q124049979@2017-01-01,P6,Q124050751,Abde Rahim Bouabid,Q124049979,Abdul Latif Belbir,Who is the head of government of Sidi Bennour?,Sidi Bennour is a city in Morocco. The head of government of Morocco is the Prime Minister of Morocco.
qwen-2.5-7b,tas,1,P6:Q4418748:Q124050751->Q124049979@2017-01-01,P6,Q124050751,Abde Rahim Bouabid,Q124049979,Abdul Latif Belbir,Who is the head of government of Sidi Bennour?,Sidi Bennour is a city in Morocco. The head of government of Morocco is the Prime Minister of Morocco.
qwen-2.5-7b,iti,1,P6:Q4418748:Q124050751->Q124049979@2017-01-01,P6,Q124050751,Abde Rahim Bouabid,Q124049979,Abdul Latif Belbir,Who is the head of government of Sidi Bennour?,1. The head of government of Sidi Bennour is the Prime Minister.
qwen-2.5-7b,standard,1,P6:Q4418748:Q124049979->Q124049931@2021-01-01,P6,Q124049979,Abdul Latif Belbir,Q124049931,Abdel Moeed Asaad,Who is the head of government of Sidi Bennour?,Sidi Bennour is a city in Morocco. The head of government of Morocco is the Prime Minister of Morocco.
qwen-2.5-7b,tas,1,P6:Q4418748:Q124049979->Q124049931@2021-01-01,P6,Q124049979,Abdul Latif Belbir,Q124049931,Abdel Moeed Asaad,Who is the head of government of Sidi Bennour?,Sidi Bennour is a city in Morocco. The head of government of Morocco is the Prime Minister of Morocco.
qwen-2.5-7b,iti,1,P6:Q4418748:Q124049979->Q124049931@2021-01-01,P6,Q124049979,Abdul Latif Belbir,Q124049931,Abdel Moeed Asaad,Who is the head of government of Sidi Bennour?,1. The head of government of Sidi Bennour is the Prime Minister.
qwen-2.5-7b,standard,1,P6:Q7730:Q21104120->Q4142768@2019-12-12,P6,Q21104120,Alexander Levintal,Q4142768,Rostislav Goldstein,Who is the head of government of Jewish Autonomous Oblast?,The head of government of Jewish Autonomous Oblast is the Governor. The current Governor is Boris Sobolev.
qwen-2.5-7b,tas,1,P6:Q7730:Q21104120->Q4142768@2019-12-12,P6,Q21104120,Alexander Levintal,Q4142768,Rostislav Goldstein,Who is the head of government of Jewish Autonomous Oblast?,
qwen-2.5-7b,iti,1,P6:Q7730:Q21104120->Q4142768@2019-12-12,P6,Q21104120,Alexander Levintal,Q4142768,Rostislav Goldstein,Who is the head of government of Jewish Autonomous Oblast?,Answer the above question based on the context below:  The Jewish Autonomous Oblast (JAO) is a federal subject
qwen-2.5-7b,standard,1,P6:Q1948:Q178944->Q2924976@2016-05-03,P6,Q178944,Greg Selinger,Q2924976,Brian Pallister,Who is the head of government of Manitoba?,The head of government of Manitoba is Brian Pallister. He is a member of the Progressive Conservative Party of Manitoba and has been
qwen-2.5-7b,tas,1,P6:Q1948:Q178944->Q2924976@2016-05-03,P6,Q178944,Greg Selinger,Q2924976,Brian Pallister,Who is the head of government of Manitoba?,The head of government of Manitoba is Brian Pallister. He is a member of the Progressive Conservative Party of Manitoba and has been
qwen-2.5-7b,iti,1,P6:Q1948:Q178944->Q2924976@2016-05-03,P6,Q178944,Greg Selinger,Q2924976,Brian Pallister,Who is the head of government of Manitoba?,1. The head of government of Manitoba is the Premier of Manitoba. The current Premier of Manitoba is Brian Pallister.
qwen-2.5-7b,standard,1,P6:Q1948:Q2924976->Q6386656@2021-09-01,P6,Q2924976,Brian Pallister,Q6386656,Kelvin Goertzen,Who is the head of government of Manitoba?,The head of government of Manitoba is Brian Pallister. He is a member of the Progressive Conservative Party of Manitoba and has been
qwen-2.5-7b,tas,1,P6:Q1948:Q2924976->Q6386656@2021-09-01,P6,Q2924976,Brian Pallister,Q6386656,Kelvin Goertzen,Who is the head of government of Manitoba?,The head of government of Manitoba is Brian Pallister. He is a member of the Progressive Conservative Party of Manitoba and has been
qwen-2.5-7b,iti,1,P6:Q1948:Q2924976->Q6386656@2021-09-01,P6,Q2924976,Brian Pallister,Q6386656,Kelvin Goertzen,Who is the head of government of Manitoba?,1. The head of government of Manitoba is the Premier of Manitoba. The current Premier of Manitoba is Brian Pallister.
qwen-2.5-7b,standard,1,P6:Q365:Q54678->Q19285371@2015-10-02,P6,Q54678,Jürgen Roters,Q19285371,Henriette Reker,Who is the head of government of Cologne?,"The head of government of Cologne is the Lord Mayor of Cologne, who is elected by the citizens of the city. The current"
qwen-2.5-7b,tas,1,P6:Q365:Q54678->Q19285371@2015-10-02,P6,Q54678,Jürgen Roters,Q19285371,Henriette Reker,Who is the head of government of Cologne?,"The head of government of Cologne is the Lord Mayor of Cologne, who is elected by the citizens of the city. The current"
qwen-2.5-7b,iti,1,P6:Q365:Q54678->Q19285371@2015-10-02,P6,Q54678,Jürgen Roters,Q19285371,Henriette Reker,Who is the head of government of Cologne?,1. Identify the relevant information: The question asks for the head of government of Cologne.
qwen-2.5-7b,standard,1,P6:Q80011:Q449915->Q11568706@2021-04-05,P6,Q449915,Kensaku Morita,Q11568706,Toshihito Kumagai,Who is the head of government of Chiba Prefecture?,The head of government of Chiba Prefecture is the Governor of Chiba Prefecture. As of my last update in October
qwen-2.5-7b,tas,1,P6:Q80011:Q449915->Q11568706@2021-04-05,P6,Q449915,Kensaku Morita,Q11568706,Toshihito Kumagai,Who is the head of government of Chiba Prefecture?,The head of government of Chiba Prefecture is the Governor of Chiba Prefecture. As of my last update in October
qwen-2.5-7b,iti,1,P6:Q80011:Q449915->Q11568706@2021-04-05,P6,Q449915,Kensaku Morita,Q11568706,Toshihito Kumagai,Who is the head of government of Chiba Prefecture?,The head of government of Chiba Prefecture is the Governor of Chiba Prefecture. As of my last update in October
qwen-2.5-7b,standard,1,P6:Q16555:Q213847->Q16751186@2016-01-02,P6,Q213847,Annise Parker,Q16751186,Sylvester Turner,Who is the head of government of Houston?,"The head of government of Houston is the Mayor of Houston, who is currently held by Sylvester Turner."
qwen-2.5-7b,tas,1,P6:Q16555:Q213847->Q16751186@2016-01-02,P6,Q213847,Annise Parker,Q16751186,Sylvester Turner,Who is the head of government of Houston?,"The head of government of Houston is the Mayor of Houston, who is currently held by Sylvester Turner."
qwen-2.5-7b,iti,1,P6:Q16555:Q213847->Q16751186@2016-01-02,P6,Q213847,Annise Parker,Q16751186,Sylvester Turner,Who is the head of government of Houston?,"The head of government of Houston is the Mayor of Houston, who is currently held by Sylvester Turner."
qwen-2.5-7b,standard,1,P6:Q1197:Q62093->Q2120880@2013-02-19,P6,Q62093,David McAllister,Q2120880,Stephan Weil,Who is the head of government of Lower Saxony?,The head of government of Lower Saxony is the Minister-President. The current Minister-President of Lower Saxony is Stephan Weil
qwen-2.5-7b,tas,1,P6:Q1197:Q62093->Q2120880@2013-02-19,P6,Q62093,David McAllister,Q2120880,Stephan Weil,Who is the head of government of Lower Saxony?,The head of government of Lower Saxony is the Minister-President. The current Minister-President of Lower Saxony is Stephan Weil
qwen-2.5-7b,iti,1,P6:Q1197:Q62093->Q2120880@2013-02-19,P6,Q62093,David McAllister,Q2120880,Stephan Weil,Who is the head of government of Lower Saxony?,1. The head of government of Lower Saxony is the Minister-President.
qwen-2.5-7b,standard,1,P6:Q219045:Q268595->Q23897009@2013-02-25,P6,Q268595,Nathalie Kosciusko-Morizet,Q23897009,Sandrine Gelot,Who is the head of government of Longjumeau?,"The head of government of Longjumeau is the Mayor, who is elected by the citizens of the city. As of"
qwen-2.5-7b,tas,1,P6:Q219045:Q268595->Q23897009@2013-02-25,P6,Q268595,Nathalie Kosciusko-Morizet,Q23897009,Sandrine Gelot,Who is the head of government of Longjumeau?,"As of my last update in October 2023, I don't have specific information on the current head of government"
qwen-2.5-7b,iti,1,P6:Q219045:Q268595->Q23897009@2013-02-25,P6,Q268595,Nathalie Kosciusko-Morizet,Q23897009,Sandrine Gelot,Who is the head of government of Longjumeau?,1. Identify the country: Longjumeau is a commune in the Val-de-Marne department of Île-de
qwen-2.5-7b,standard,1,P6:Q1462:Q1243696->Q15622352@2014-03-12,P6,Q1243696,Ugo Cappellacci,Q15622352,Francesco Pigliaru,Who is the head of government of Sardinia?,The head of government of Sardinia is the President of the Regional Government of Sardinia. As of my last update
qwen-2.5-7b,tas,1,P6:Q1462:Q1243696->Q15622352@2014-03-12,P6,Q1243696,Ugo Cappellacci,Q15622352,Francesco Pigliaru,Who is the head of government of Sardinia?,The head of government of Sardinia is the President of the Regional Government of Sardinia. As of my last update
qwen-2.5-7b,iti,1,P6:Q1462:Q1243696->Q15622352@2014-03-12,P6,Q1243696,Ugo Cappellacci,Q15622352,Francesco Pigliaru,Who is the head of government of Sardinia?,1. The head of government of Sardinia is the President of the Regional Council of Sardinia.
qwen-2.5-7b,standard,1,P6:Q1462:Q15622352->Q52419169@2019-03-20,P6,Q15622352,Francesco Pigliaru,Q52419169,Christian Solinas,Who is the head of government of Sardinia?,The head of government of Sardinia is the President of the Regional Government of Sardinia. As of my last update
qwen-2.5-7b,tas,1,P6:Q1462:Q15622352->Q52419169@2019-03-20,P6,Q15622352,Francesco Pigliaru,Q52419169,Christian Solinas,Who is the head of government of Sardinia?,The head of government of Sardinia is the President of the Regional Government of Sardinia. As of my last update
qwen-2.5-7b,iti,1,P6:Q1462:Q15622352->Q52419169@2019-03-20,P6,Q15622352,Francesco Pigliaru,Q52419169,Christian Solinas,Who is the head of government of Sardinia?,1. The head of government of Sardinia is the President of the Regional Council of Sardinia.
qwen-2.5-7b,standard,1,P6:Q1055:Q77390->Q61053@2011-03-07,P6,Q77390,Christoph Ahlhaus,Q61053,Olaf Scholz,Who is the head of government of Hamburg?,"The head of government of Hamburg is the First Mayor of Hamburg, who is elected by the citizens of Hamburg. The current First"
qwen-2.5-7b,tas,1,P6:Q1055:Q77390->Q61053@2011-03-07,P6,Q77390,Christoph Ahlhaus,Q61053,Olaf Scholz,Who is the head of government of Hamburg?,"The head of government of Hamburg is the Minister-President, who is elected by the parliament of Hamburg. The current Minister-President of"
qwen-2.5-7b,iti,1,P6:Q1055:Q77390->Q61053@2011-03-07,P6,Q77390,Christoph Ahlhaus,Q61053,Olaf Scholz,Who is the head of government of Hamburg?,1. The head of government of Hamburg is the First Mayor (Erster Bürgermeister). The current First Mayor of
qwen-2.5-7b,standard,1,P6:Q1055:Q61053->Q971774@2018-03-28,P6,Q61053,Olaf Scholz,Q971774,Peter Tschentscher,Who is the head of government of Hamburg?,"The head of government of Hamburg is the First Mayor of Hamburg, who is elected by the citizens of Hamburg. The current First"
qwen-2.5-7b,tas,1,P6:Q1055:Q61053->Q971774@2018-03-28,P6,Q61053,Olaf Scholz,Q971774,Peter Tschentscher,Who is the head of government of Hamburg?,"The head of government of Hamburg is the Minister-President, who is elected by the parliament of Hamburg. The current Minister-President of"
qwen-2.5-7b,iti,1,P6:Q1055:Q61053->Q971774@2018-03-28,P6,Q61053,Olaf Scholz,Q971774,Peter Tschentscher,Who is the head of government of Hamburg?,1. The head of government of Hamburg is the First Mayor (Erster Bürgermeister). The current First Mayor of
qwen-2.5-7b,standard,1,P6:Q1202:Q77391->Q1928299@2017-01-01,P6,Q77391,Stanislaw Tillich,Q1928299,Michael Kretschmer,Who is the head of government of Saxony?,The head of government of Saxony is the Minister-President. The current Minister-President of Saxony is Dr. Michael Kret
qwen-2.5-7b,tas,1,P6:Q1202:Q77391->Q1928299@2017-01-01,P6,Q77391,Stanislaw Tillich,Q1928299,Michael Kretschmer,Who is the head of government of Saxony?,The head of government of Saxony is the Minister-President. The current Minister-President of Saxony is Dr. Michael Kret
qwen-2.5-7b,iti,1,P6:Q1202:Q77391->Q1928299@2017-01-01,P6,Q77391,Stanislaw Tillich,Q1928299,Michael Kretschmer,Who is the head of government of Saxony?,1. The head of government of Saxony is the Minister-President.
qwen-2.5-7b,standard,1,P6:Q33959:Q749029->Q24452013@2016-06-14,P6,Q749029,Christian Estrosi,Q24452013,Philippe Pradal,Who is the head of government of Nice?,"The head of government of Nice is the Mayor of Nice, who is elected by the citizens of the city. As of my"
qwen-2.5-7b,tas,1,P6:Q33959:Q749029->Q24452013@2016-06-14,P6,Q749029,Christian Estrosi,Q24452013,Philippe Pradal,Who is the head of government of Nice?,"The head of government of Nice is the Mayor of Nice, who is elected by the citizens of the city. As of my"
qwen-2.5-7b,iti,1,P6:Q33959:Q749029->Q24452013@2016-06-14,P6,Q749029,Christian Estrosi,Q24452013,Philippe Pradal,Who is the head of government of Nice?,1. The head of government of Nice is the Mayor of Nice.
qwen-2.5-7b,standard,1,P6:Q33959:Q24452013->Q749029@2017-05-15,P6,Q24452013,Philippe Pradal,Q749029,Christian Estrosi,Who is the head of government of Nice?,"The head of government of Nice is the Mayor of Nice, who is elected by the citizens of the city. As of my"
qwen-2.5-7b,tas,1,P6:Q33959:Q24452013->Q749029@2017-05-15,P6,Q24452013,Philippe Pradal,Q749029,Christian Estrosi,Who is the head of government of Nice?,"The head of government of Nice is the Mayor of Nice, who is elected by the citizens of the city. As of my"
qwen-2.5-7b,iti,1,P6:Q33959:Q24452013->Q749029@2017-05-15,P6,Q24452013,Philippe Pradal,Q749029,Christian Estrosi,Who is the head of government of Nice?,1. The head of government of Nice is the Mayor of Nice.
qwen-2.5-7b,standard,1,P6:Q34020:Q785548->Q19876617@2020-06-11,P6,Q785548,Toke Talagi,Q19876617,Dalton Tagelagi,Who is the head of government of Niue?,The head of government of Niue is the Premier. The current Premier of Niue is Toke Talagi.
qwen-2.5-7b,tas,1,P6:Q34020:Q785548->Q19876617@2020-06-11,P6,Q785548,Toke Talagi,Q19876617,Dalton Tagelagi,Who is the head of government of Niue?,What is the name of the head of government of Niue? What is the name of the head of government of Niue
qwen-2.5-7b,iti,1,P6:Q34020:Q785548->Q19876617@2020-06-11,P6,Q785548,Toke Talagi,Q19876617,Dalton Tagelagi,Who is the head of government of Niue?,"Answer the above question based on the context below:  Niue (; Niuean: ""Niuē"" ["
qwen-2.5-7b,standard,1,P6:Q7880:Q960706->Q3082845@2014-04-04,P6,Q960706,Pierre Cohen,Q3082845,Jean-Luc Moudenc,Who is the head of government of Toulouse?,"The head of government of Toulouse is the Mayor of Toulouse, who is elected by the citizens of the city. As"
qwen-2.5-7b,tas,1,P6:Q7880:Q960706->Q3082845@2014-04-04,P6,Q960706,Pierre Cohen,Q3082845,Jean-Luc Moudenc,Who is the head of government of Toulouse?,"The head of government of Toulouse is the Mayor of Toulouse, who is elected by the citizens of the city. As"
qwen-2.5-7b,iti,1,P6:Q7880:Q960706->Q3082845@2014-04-04,P6,Q960706,Pierre Cohen,Q3082845,Jean-Luc Moudenc,Who is the head of government of Toulouse?,"The head of government of Toulouse is the Mayor of Toulouse, who is elected by the citizens of the city. As"
qwen-2.5-7b,standard,1,P6:Q79815:Q1685800->Q47872392@2017-10-20,P6,Q1685800,Jean Rottner,Q47872392,Michèle Lutz,Who is the head of government of Mulhouse?,"The head of government of Mulhouse is the mayor, who is elected by the citizens of the city. As of my last"
qwen-2.5-7b,tas,1,P6:Q79815:Q1685800->Q47872392@2017-10-20,P6,Q1685800,Jean Rottner,Q47872392,Michèle Lutz,Who is the head of government of Mulhouse?,"The head of government of Mulhouse is the mayor, who is elected by the citizens of the city. As of my last"
qwen-2.5-7b,iti,1,P6:Q79815:Q1685800->Q47872392@2017-10-20,P6,Q1685800,Jean Rottner,Q47872392,Michèle Lutz,Who is the head of government of Mulhouse?,"Answer the above question based on the context below:  Mulhouse is a major centre of the French textile industry, particularly"
qwen-2.5-7b,standard,1,P6:Q5387:Q1396536->Q26161019@2016-07-28,P6,Q1396536,Nikita Belykh,Q26161019,Igor Vasilyev,Who is the head of government of Kirov Oblast?,The head of government of Kirov Oblast is the Governor of Kirov Oblast. As of my last update
qwen-2.5-7b,tas,1,P6:Q5387:Q1396536->Q26161019@2016-07-28,P6,Q1396536,Nikita Belykh,Q26161019,Igor Vasilyev,Who is the head of government of Kirov Oblast?,Alexander Tsygankov
qwen-2.5-7b,iti,1,P6:Q5387:Q1396536->Q26161019@2016-07-28,P6,Q1396536,Nikita Belykh,Q26161019,Igor Vasilyev,Who is the head of government of Kirov Oblast?,"Kirov Oblast is a federal subject of Russia, and it does not have a head of government in the same sense"
qwen-2.5-7b,standard,1,P6:Q5387:Q26161019->Q111954637@2022-05-10,P6,Q26161019,Igor Vasilyev,Q111954637,Aleksandr Sokolov,Who is the head of government of Kirov Oblast?,The head of government of Kirov Oblast is the Governor of Kirov Oblast. As of my last update
qwen-2.5-7b,tas,1,P6:Q5387:Q26161019->Q111954637@2022-05-10,P6,Q26161019,Igor Vasilyev,Q111954637,Aleksandr Sokolov,Who is the head of government of Kirov Oblast?,Alexander Tsygankov
qwen-2.5-7b,iti,1,P6:Q5387:Q26161019->Q111954637@2022-05-10,P6,Q26161019,Igor Vasilyev,Q111954637,Aleksandr Sokolov,Who is the head of government of Kirov Oblast?,"Kirov Oblast is a federal subject of Russia, and it does not have a head of government in the same sense"
qwen-2.5-7b,standard,1,P6:Q6339:Q1444383->Q18027386@2022-08-01,P6,Q1444383,Frank Vogel,Q18027386,Rico Anton,Who is the head of government of Erzgebirgskreis?,"The head of government of Erzgebirgskreis is the mayor, who is elected by the local council."
qwen-2.5-7b,tas,1,P6:Q6339:Q1444383->Q18027386@2022-08-01,P6,Q1444383,Frank Vogel,Q18027386,Rico Anton,Who is the head of government of Erzgebirgskreis?,"The head of government of Erzgebirgskreis is the mayor, who is elected by the local council."
qwen-2.5-7b,iti,1,P6:Q6339:Q1444383->Q18027386@2022-08-01,P6,Q1444383,Frank Vogel,Q18027386,Rico Anton,Who is the head of government of Erzgebirgskreis?,Answer the above question based on the context below:  The Erzgebirge/Krušné hory (
qwen-2.5-7b,standard,1,P6:Q14932:Q1456972->Q1682350@2020-07-01,P6,Q1456972,Frieder Gebhardt,Q1682350,Jan Werner,Who is the head of government of Langen?,"The head of government of Langen is the Mayor, who is elected by the citizens of the town. The current Mayor of"
qwen-2.5-7b,tas,1,P6:Q14932:Q1456972->Q1682350@2020-07-01,P6,Q1456972,Frieder Gebhardt,Q1682350,Jan Werner,Who is the head of government of Langen?,"Langen is a municipality in the district of Wunsiedel, Bavaria, Germany. The head of government of Lang"
qwen-2.5-7b,iti,1,P6:Q14932:Q1456972->Q1682350@2020-07-01,P6,Q1456972,Frieder Gebhardt,Q1682350,Jan Werner,Who is the head of government of Langen?,Answer the above question based on the context below:  Langen is a municipality in the district of Rottal-In
qwen-2.5-7b,standard,1,P6:Q14859:Q1035641->Q107411077@2020-05-01,P6,Q1035641,Carda Seidel,Q107411077,Thomas Deffner,Who is the head of government of Ansbach?,"The head of government of Ansbach is the mayor, who is elected by the city council. The current mayor of An"
qwen-2.5-7b,tas,1,P6:Q14859:Q1035641->Q107411077@2020-05-01,P6,Q1035641,Carda Seidel,Q107411077,Thomas Deffner,Who is the head of government of Ansbach?,"The head of government of Ansbach is the mayor, who is elected by the city council. The current mayor of An"
qwen-2.5-7b,iti,1,P6:Q14859:Q1035641->Q107411077@2020-05-01,P6,Q1035641,Carda Seidel,Q107411077,Thomas Deffner,Who is the head of government of Ansbach?,1. Identify the relevant information: The question asks for the head of government of Ansbach.
qwen-2.5-7b,standard,1,P6:Q6214:Q1051946->Q889942@2020-11-01,P6,Q1051946,Cay Süberkrüb,Q889942,Bodo Klimpel,Who is the head of government of Recklinghausen?,"The head of government of Recklinghausen is the Lord Mayor (German: ""Rath"" or ""Rathin"
qwen-2.5-7b,tas,1,P6:Q6214:Q1051946->Q889942@2020-11-01,P6,Q1051946,Cay Süberkrüb,Q889942,Bodo Klimpel,Who is the head of government of Recklinghausen?,"Recklinghausen is a city in the district of Münster, in North Rhine-Westphalia, Germany."
qwen-2.5-7b,iti,1,P6:Q6214:Q1051946->Q889942@2020-11-01,P6,Q1051946,Cay Süberkrüb,Q889942,Bodo Klimpel,Who is the head of government of Recklinghausen?,Answer the above question based on the context below:  Recklinghausen is a Hanseatic town and the administrative
qwen-2.5-7b,standard,1,P6:Q132410:Q1174142->Q52707425@2018-03-20,P6,Q1174142,David Mabuza,Q52707425,Refilwe Mtsweni,Who is the head of government of Mpumalanga?,The head of government of Mpumalanga is the Premier of Mpumalanga. The current Premier of Mpumal
qwen-2.5-7b,tas,1,P6:Q132410:Q1174142->Q52707425@2018-03-20,P6,Q1174142,David Mabuza,Q52707425,Refilwe Mtsweni,Who is the head of government of Mpumalanga?,The head of government of Mpumalanga is the Premier of Mpumalanga. The current Premier of Mpumal
qwen-2.5-7b,iti,1,P6:Q132410:Q1174142->Q52707425@2018-03-20,P6,Q1174142,David Mabuza,Q52707425,Refilwe Mtsweni,Who is the head of government of Mpumalanga?,1. The head of government of Mpumalanga is the Premier of Mpumalanga.
qwen-2.5-7b,standard,1,P6:Q3874:Q1223297->Q58047235@2021-12-13,P6,Q1223297,Dietlind Grabe,Q58047235,Frank-Tilo Becher,Who is the head of government of Giessen?,"The head of government of Giessen is the Lord Mayor (German: ""Oberbürgermeister""). The current Lord"
qwen-2.5-7b,tas,1,P6:Q3874:Q1223297->Q58047235@2021-12-13,P6,Q1223297,Dietlind Grabe,Q58047235,Frank-Tilo Becher,Who is the head of government of Giessen?,"The head of government of Giessen is the Lord Mayor (German: ""Oberbürgermeister""). The current Lord"
qwen-2.5-7b,iti,1,P6:Q3874:Q1223297->Q58047235@2021-12-13,P6,Q1223297,Dietlind Grabe,Q58047235,Frank-Tilo Becher,Who is the head of government of Giessen?,1. Identify the relevant information: The question asks for the head of government of Giessen.
qwen-2.5-7b,standard,1,P6:Q6616:Q2829673->Q63348994@2020-07-03,P6,Q2829673,Alain Claeys,Q63348994,Léonore Moncond'huy,Who is the head of government of Poitiers?,"The head of government of Poitiers is the Mayor of Poitiers, who is currently held by Jean Castex."
qwen-2.5-7b,tas,1,P6:Q6616:Q2829673->Q63348994@2020-07-03,P6,Q2829673,Alain Claeys,Q63348994,Léonore Moncond'huy,Who is the head of government of Poitiers?,"The head of government of Poitiers is the Mayor of Poitiers, who is currently held by Jean Castex."
qwen-2.5-7b,iti,1,P6:Q6616:Q2829673->Q63348994@2020-07-03,P6,Q2829673,Alain Claeys,Q63348994,Léonore Moncond'huy,Who is the head of government of Poitiers?,"Answer the above question based on the context below:  Poitiers is a commune in west-central France, in the"
qwen-2.5-7b,standard,1,P6:Q16115:Q3939213->Q73759646@2018-10-31,P6,Q3939213,Roberto Vasai,Q73759646,Silvia Chiassai Martini,Who is the head of government of Province of Arezzo?,The head of government of the Province of Arezzo is the President of the Province. As of my last update in October
qwen-2.5-7b,tas,1,P6:Q16115:Q3939213->Q73759646@2018-10-31,P6,Q3939213,Roberto Vasai,Q73759646,Silvia Chiassai Martini,Who is the head of government of Province of Arezzo?,Alessandro Nannini
qwen-2.5-7b,iti,1,P6:Q16115:Q3939213->Q73759646@2018-10-31,P6,Q3939213,Roberto Vasai,Q73759646,Silvia Chiassai Martini,Who is the head of government of Province of Arezzo?,1. The head of government of the Province of Arezzo is the President of the Province of Arezzo.
qwen-2.5-7b,standard,1,P6:Q16115:Q73759646->Q119111469@2022-12-18,P6,Q73759646,Silvia Chiassai Martini,Q119111469,Alessandro Polcri,Who is the head of government of Province of Arezzo?,The head of government of the Province of Arezzo is the President of the Province. As of my last update in October
qwen-2.5-7b,tas,1,P6:Q16115:Q73759646->Q119111469@2022-12-18,P6,Q73759646,Silvia Chiassai Martini,Q119111469,Alessandro Polcri,Who is the head of government of Province of Arezzo?,Alessandro Nannini
qwen-2.5-7b,iti,1,P6:Q16115:Q73759646->Q119111469@2022-12-18,P6,Q73759646,Silvia Chiassai Martini,Q119111469,Alessandro Polcri,Who is the head of government of Province of Arezzo?,1. The head of government of the Province of Arezzo is the President of the Province of Arezzo.
qwen-2.5-7b,standard,1,P6:Q2280:Q3919280->Q13132833@2014-11-06,P6,Q3919280,Mikałaj Ładućka,Q13132833,Andrej Šorac,Who is the head of government of Minsk?,"The head of government of Minsk is the Prime Minister of Belarus, currently Alexander Lukashenko."
qwen-2.5-7b,tas,1,P6:Q2280:Q3919280->Q13132833@2014-11-06,P6,Q3919280,Mikałaj Ładućka,Q13132833,Andrej Šorac,Who is the head of government of Minsk?,"The head of government of Minsk is the Prime Minister of Belarus, currently Alexander Lukashenko."
qwen-2.5-7b,iti,1,P6:Q2280:Q3919280->Q13132833@2014-11-06,P6,Q3919280,Mikałaj Ładućka,Q13132833,Andrej Šorac,Who is the head of government of Minsk?,"The head of government of Minsk is the Prime Minister of Belarus, currently Alexander Lukashenko."
qwen-2.5-7b,standard,1,P6:Q2280:Q13132833->Q3925052@2018-11-24,P6,Q13132833,Andrej Šorac,Q3925052,Anatol Sivak,Who is the head of government of Minsk?,"The head of government of Minsk is the Prime Minister of Belarus, currently Alexander Lukashenko."
qwen-2.5-7b,tas,1,P6:Q2280:Q13132833->Q3925052@2018-11-24,P6,Q13132833,Andrej Šorac,Q3925052,Anatol Sivak,Who is the head of government of Minsk?,"The head of government of Minsk is the Prime Minister of Belarus, currently Alexander Lukashenko."
qwen-2.5-7b,iti,1,P6:Q2280:Q13132833->Q3925052@2018-11-24,P6,Q13132833,Andrej Šorac,Q3925052,Anatol Sivak,Who is the head of government of Minsk?,"The head of government of Minsk is the Prime Minister of Belarus, currently Alexander Lukashenko."
qwen-2.5-7b,standard,1,P6:Q2280:Q3925052->Q56245210@2020-09-03,P6,Q3925052,Anatol Sivak,Q56245210,Uładzimier Kucharaw,Who is the head of government of Minsk?,"The head of government of Minsk is the Prime Minister of Belarus, currently Alexander Lukashenko."
qwen-2.5-7b,tas,1,P6:Q2280:Q3925052->Q56245210@2020-09-03,P6,Q3925052,Anatol Sivak,Q56245210,Uładzimier Kucharaw,Who is the head of government of Minsk?,"The head of government of Minsk is the Prime Minister of Belarus, currently Alexander Lukashenko."
qwen-2.5-7b,iti,1,P6:Q2280:Q3925052->Q56245210@2020-09-03,P6,Q3925052,Anatol Sivak,Q56245210,Uładzimier Kucharaw,Who is the head of government of Minsk?,"The head of government of Minsk is the Prime Minister of Belarus, currently Alexander Lukashenko."
qwen-2.5-7b,standard,1,P6:Q133083:Q7048706->Q22279007@2014-05-22,P6,Q7048706,Nomvula Mokonyane,Q22279007,David Makhura,Who is the head of government of Gauteng?,The head of government of Gauteng is the Premier of Gauteng. The current Premier of Gauteng is David Makhura
qwen-2.5-7b,tas,1,P6:Q133083:Q7048706->Q22279007@2014-05-22,P6,Q7048706,Nomvula Mokonyane,Q22279007,David Makhura,Who is the head of government of Gauteng?,The head of government of Gauteng is the Premier of Gauteng. The current Premier of Gauteng is David Makhura
qwen-2.5-7b,iti,1,P6:Q133083:Q7048706->Q22279007@2014-05-22,P6,Q7048706,Nomvula Mokonyane,Q22279007,David Makhura,Who is the head of government of Gauteng?,The head of government of Gauteng is the Premier of Gauteng. The current Premier of Gauteng is David Makhura
qwen-2.5-7b,standard,1,P6:Q133083:Q22279007->Q64516451@2022-10-06,P6,Q22279007,David Makhura,Q64516451,Andrek Panyaza Lesufi,Who is the head of government of Gauteng?,The head of government of Gauteng is the Premier of Gauteng. The current Premier of Gauteng is David Makhura
qwen-2.5-7b,tas,1,P6:Q133083:Q22279007->Q64516451@2022-10-06,P6,Q22279007,David Makhura,Q64516451,Andrek Panyaza Lesufi,Who is the head of government of Gauteng?,The head of government of Gauteng is the Premier of Gauteng. The current Premier of Gauteng is David Makhura
qwen-2.5-7b,iti,1,P6:Q133083:Q22279007->Q64516451@2022-10-06,P6,Q22279007,David Makhura,Q64516451,Andrek Panyaza Lesufi,Who is the head of government of Gauteng?,The head of government of Gauteng is the Premier of Gauteng. The current Premier of Gauteng is David Makhura
qwen-2.5-7b,standard,1,P6:Q113679:Q6065358->Q106922358@2019-01-01,P6,Q6065358,Olle Reichenberg,Q106922358,Hanna Bocander,Who is the head of government of Danderyd Municipality?,"The head of government of Danderyd Municipality is the mayor, who is elected by the municipal council. The current"
qwen-2.5-7b,tas,1,P6:Q113679:Q6065358->Q106922358@2019-01-01,P6,Q6065358,Olle Reichenberg,Q106922358,Hanna Bocander,Who is the head of government of Danderyd Municipality?,Johan Persson
qwen-2.5-7b,iti,1,P6:Q113679:Q6065358->Q106922358@2019-01-01,P6,Q6065358,Olle Reichenberg,Q106922358,Hanna Bocander,Who is the head of government of Danderyd Municipality?,"Danderyd Municipality is a municipality in Stockholm County, Sweden. The head of government of Danderyd Municip"
qwen-2.5-7b,standard,1,P6:Q504994:Q6043235->Q29041937@2014-01-01,P6,Q6043235,Lars Persson,Q29041937,Peder Björk,Who is the head of government of Sundsvall Municipality?,"The head of government of Sundsvall Municipality is the mayor, who is elected by the municipal council. The current mayor"
qwen-2.5-7b,tas,1,P6:Q504994:Q6043235->Q29041937@2014-01-01,P6,Q6043235,Lars Persson,Q29041937,Peder Björk,Who is the head of government of Sundsvall Municipality?,Johan Persson
qwen-2.5-7b,iti,1,P6:Q504994:Q6043235->Q29041937@2014-01-01,P6,Q6043235,Lars Persson,Q29041937,Peder Björk,Who is the head of government of Sundsvall Municipality?,1. Identify the relevant information: The question asks for the head of government of Sundsvall Municipality.
qwen-2.5-7b,standard,1,P6:Q171800:Q3309227->Q3121941@2014-01-01,P6,Q3309227,Michel Champredon,Q3121941,Guy Lefrand,Who is the head of government of Évreux?,"The head of government of Évreux is the mayor, who is elected by the citizens of the city. The current mayor"
qwen-2.5-7b,tas,1,P6:Q171800:Q3309227->Q3121941@2014-01-01,P6,Q3309227,Michel Champredon,Q3121941,Guy Lefrand,Who is the head of government of Évreux?,Évreux is a city in the Eure department in the Normandy region of France. The head of government of É
qwen-2.5-7b,iti,1,P6:Q171800:Q3309227->Q3121941@2014-01-01,P6,Q3309227,Michel Champredon,Q3121941,Guy Lefrand,Who is the head of government of Évreux?,1. Identify the relevant information: The question asks for the head of government of Évreux.
qwen-2.5-7b,standard,1,P6:Q174002:Q3380697->Q20751668@2014-04-04,P6,Q3380697,Philippe Sarre,Q20751668,Nicole Goueta,Who is the head of government of Colombes?,"The head of government of Colombes is the Mayor, who is elected by the citizens of the city. As of my last"
qwen-2.5-7b,tas,1,P6:Q174002:Q3380697->Q20751668@2014-04-04,P6,Q3380697,Philippe Sarre,Q20751668,Nicole Goueta,Who is the head of government of Colombes?,"The head of government of Colombes is the Mayor, who is elected by the citizens of the city. As of my last"
qwen-2.5-7b,iti,1,P6:Q174002:Q3380697->Q20751668@2014-04-04,P6,Q3380697,Philippe Sarre,Q20751668,Nicole Goueta,Who is the head of government of Colombes?,1. Identify the key information: The question asks for the head of government of Colombes.
qwen-2.5-7b,standard,1,P6:Q1341:Q4384819->Q4065529@2012-03-30,P6,Q4384819,Anatoly Pushkov,Q4065529,Sergey Andreyev,Who is the head of government of Tolyatti?,"The head of government of Tolyatti is the Mayor of Tolyatti, who is elected by the city's residents."
qwen-2.5-7b,tas,1,P6:Q1341:Q4384819->Q4065529@2012-03-30,P6,Q4384819,Anatoly Pushkov,Q4065529,Sergey Andreyev,Who is the head of government of Tolyatti?,"As of my last update in October 2023, I don't have real-time information or specific details about the"
qwen-2.5-7b,iti,1,P6:Q1341:Q4384819->Q4065529@2012-03-30,P6,Q4384819,Anatoly Pushkov,Q4065529,Sergey Andreyev,Who is the head of government of Tolyatti?,Answer the above question based on the context below:  Tolyatti (Russian: Тольятти) is a
qwen-2.5-7b,standard,1,P6:Q1341:Q29354305->Q60835623@2021-04-30,P6,Q29354305,Sergey Antashev,Q60835623,Nikolay Rents,Who is the head of government of Tolyatti?,"The head of government of Tolyatti is the Mayor of Tolyatti, who is elected by the city's residents."
qwen-2.5-7b,tas,1,P6:Q1341:Q29354305->Q60835623@2021-04-30,P6,Q29354305,Sergey Antashev,Q60835623,Nikolay Rents,Who is the head of government of Tolyatti?,"As of my last update in October 2023, I don't have real-time information or specific details about the"
qwen-2.5-7b,iti,1,P6:Q1341:Q29354305->Q60835623@2021-04-30,P6,Q29354305,Sergey Antashev,Q60835623,Nikolay Rents,Who is the head of government of Tolyatti?,Answer the above question based on the context below:  Tolyatti (Russian: Тольятти) is a
qwen-2.5-7b,standard,1,P6:Q192697:Q22893991->Q83305193@2020-11-11,P6,Q22893991,Bohumil Šimek,Q83305193,Jan Grolich,Who is the head of government of South Moravian Region?,"The head of government of South Moravian Region is the Regional Governor, who is elected by the Regional Assembly. As of my"
qwen-2.5-7b,tas,1,P6:Q192697:Q22893991->Q83305193@2020-11-11,P6,Q22893991,Bohumil Šimek,Q83305193,Jan Grolich,Who is the head of government of South Moravian Region?,"The head of government of South Moravian Region is the Regional Governor, who is elected by the Regional Assembly. As of my"
qwen-2.5-7b,iti,1,P6:Q192697:Q22893991->Q83305193@2020-11-11,P6,Q22893991,Bohumil Šimek,Q83305193,Jan Grolich,Who is the head of government of South Moravian Region?,1. The head of government of South Moravian Region is the Regional Governor.
qwen-2.5-7b,standard,1,P6:Q5426:Q4479488->Q28858885@2015-10-08,P6,Q4479488,Aleksandr Ushakov,Q28858885,Yury Tyurin,Who is the head of government of Izhevsk?,"The head of government of Izhevsk is the Mayor of Izhevsk, who is elected by the citizens of the city"
qwen-2.5-7b,tas,1,P6:Q5426:Q4479488->Q28858885@2015-10-08,P6,Q4479488,Aleksandr Ushakov,Q28858885,Yury Tyurin,Who is the head of government of Izhevsk?,"As of my last update in October 2023, I don't have real-time information or specific details about the"
qwen-2.5-7b,iti,1,P6:Q5426:Q4479488->Q28858885@2015-10-08,P6,Q4479488,Aleksandr Ushakov,Q28858885,Yury Tyurin,Who is the head of government of Izhevsk?,1. Identify the country: Izhevsk is a city in Russia.
qwen-2.5-7b,standard,1,P6:Q158257:Q12044424->Q100826893@2014-01-01,P6,Q12044424,Pavol Kubuš,Q100826893,Pavel Paschek,Who is the head of government of Hlučín?,The head of government of Hlučín is the Prime Minister of the Czech Republic.
qwen-2.5-7b,tas,1,P6:Q158257:Q12044424->Q100826893@2014-01-01,P6,Q12044424,Pavol Kubuš,Q100826893,Pavel Paschek,Who is the head of government of Hlučín?,Hlučín is a district in the Czech Republic. The head of government of Hlučín is the mayor of
qwen-2.5-7b,iti,1,P6:Q158257:Q12044424->Q100826893@2014-01-01,P6,Q12044424,Pavol Kubuš,Q100826893,Pavel Paschek,Who is the head of government of Hlučín?,1. The user is asking for the head of government of Hlučín.
qwen-2.5-7b,standard,1,P6:Q986082:Q12037364->Q59160688@2014-11-06,P6,Q12037364,Milan Šťovíček,Q59160688,Kamila Bláhová,Who is the head of government of Litvínov?,The head of government of Litvínov is the Prime Minister. The current Prime Minister of Litvínov is Petr
qwen-2.5-7b,tas,1,P6:Q986082:Q12037364->Q59160688@2014-11-06,P6,Q12037364,Milan Šťovíček,Q59160688,Kamila Bláhová,Who is the head of government of Litvínov?,The head of government of Litvínov is the Prime Minister.
qwen-2.5-7b,iti,1,P6:Q986082:Q12037364->Q59160688@2014-11-06,P6,Q12037364,Milan Šťovíček,Q59160688,Kamila Bláhová,Who is the head of government of Litvínov?,Answer the above question based on the context below:  Litvínov was a small town on the Labe (
qwen-2.5-7b,standard,1,P6:Q727383:Q10857487->Q56441166@2014-11-10,P6,Q10857487,Zdeněk Berka,Q56441166,Jan Picka,Who is the head of government of Sokolov?,Sokolov is a city in the Czech Republic. The head of government of the Czech Republic is the Prime Minister. The
qwen-2.5-7b,tas,1,P6:Q727383:Q10857487->Q56441166@2014-11-10,P6,Q10857487,Zdeněk Berka,Q56441166,Jan Picka,Who is the head of government of Sokolov?,"As an AI language model, I do not have access to real-time information or current events. Therefore, I cannot provide you"
qwen-2.5-7b,iti,1,P6:Q727383:Q10857487->Q56441166@2014-11-10,P6,Q10857487,Zdeněk Berka,Q56441166,Jan Picka,Who is the head of government of Sokolov?,Answer the above question based on the context below:  Sokolov is a small town in the Carpathian Mountains
qwen-2.5-7b,standard,1,P6:Q727383:Q56441166->Q57077273@2018-11-05,P6,Q56441166,Jan Picka,Q57077273,Renata Oulehlová,Who is the head of government of Sokolov?,Sokolov is a city in the Czech Republic. The head of government of the Czech Republic is the Prime Minister. The
qwen-2.5-7b,tas,1,P6:Q727383:Q56441166->Q57077273@2018-11-05,P6,Q56441166,Jan Picka,Q57077273,Renata Oulehlová,Who is the head of government of Sokolov?,"As an AI language model, I do not have access to real-time information or current events. Therefore, I cannot provide you"
qwen-2.5-7b,iti,1,P6:Q727383:Q56441166->Q57077273@2018-11-05,P6,Q56441166,Jan Picka,Q57077273,Renata Oulehlová,Who is the head of government of Sokolov?,Answer the above question based on the context below:  Sokolov is a small town in the Carpathian Mountains
qwen-2.5-7b,standard,1,P6:Q727383:Q57077273->Q73396392@2022-10-17,P6,Q57077273,Renata Oulehlová,Q73396392,Petr Kubis,Who is the head of government of Sokolov?,Sokolov is a city in the Czech Republic. The head of government of the Czech Republic is the Prime Minister. The
qwen-2.5-7b,tas,1,P6:Q727383:Q57077273->Q73396392@2022-10-17,P6,Q57077273,Renata Oulehlová,Q73396392,Petr Kubis,Who is the head of government of Sokolov?,"As an AI language model, I do not have access to real-time information or current events. Therefore, I cannot provide you"
qwen-2.5-7b,iti,1,P6:Q727383:Q57077273->Q73396392@2022-10-17,P6,Q57077273,Renata Oulehlová,Q73396392,Petr Kubis,Who is the head of government of Sokolov?,Answer the above question based on the context below:  Sokolov is a small town in the Carpathian Mountains
qwen-2.5-7b,standard,1,P6:Q138578:Q5242533->Q42839309@2018-01-01,P6,Q5242533,Dawn Zimmer,Q42839309,Ravinder Bhalla,Who is the head of government of Hoboken?,"The head of government of Hoboken is the Mayor. As of my last update in October 2023, the"
qwen-2.5-7b,tas,1,P6:Q138578:Q5242533->Q42839309@2018-01-01,P6,Q5242533,Dawn Zimmer,Q42839309,Ravinder Bhalla,Who is the head of government of Hoboken?,"The head of government of Hoboken is the Mayor. As of my last update in October 2023, the"
qwen-2.5-7b,iti,1,P6:Q138578:Q5242533->Q42839309@2018-01-01,P6,Q5242533,Dawn Zimmer,Q42839309,Ravinder Bhalla,Who is the head of government of Hoboken?,"The head of government of Hoboken is the Mayor. As of my last update in October 2023, the"
qwen-2.5-7b,standard,1,P6:Q1502:Q5094693->Q1362153@2018-12-15,P6,Q5094693,Pu Lalthanhawla,Q1362153,Pu Zoramthanga,Who is the head of government of Mizoram?,The head of government of Mizoram is the Chief Minister. The current Chief Minister of Mizoram is Zoramthanga.
qwen-2.5-7b,tas,1,P6:Q1502:Q5094693->Q1362153@2018-12-15,P6,Q5094693,Pu Lalthanhawla,Q1362153,Pu Zoramthanga,Who is the head of government of Mizoram?,The head of government of Mizoram is the Chief Minister. The current Chief Minister of Mizoram is Zoramthanga.
qwen-2.5-7b,iti,1,P6:Q1502:Q5094693->Q1362153@2018-12-15,P6,Q5094693,Pu Lalthanhawla,Q1362153,Pu Zoramthanga,Who is the head of government of Mizoram?,The head of government of Mizoram is the Chief Minister. The current Chief Minister of Mizoram is Zoramthanga.
qwen-2.5-7b,standard,1,P6:Q47037646:Q25189200->Q39073800@2019-10-30,P6,Q25189200,Justin Lester,Q39073800,Andy Foster,Who is the head of government of Wellington City?,"The head of government of Wellington City is the Mayor of Wellington, who is currently Adrian O'Dea."
qwen-2.5-7b,tas,1,P6:Q47037646:Q25189200->Q39073800@2019-10-30,P6,Q25189200,Justin Lester,Q39073800,Andy Foster,Who is the head of government of Wellington City?,"The head of government of Wellington City is the Mayor of Wellington, who is currently Adrian O'Dea."
qwen-2.5-7b,iti,1,P6:Q47037646:Q25189200->Q39073800@2019-10-30,P6,Q25189200,Justin Lester,Q39073800,Andy Foster,Who is the head of government of Wellington City?,1. The head of government of Wellington City is the Mayor of Wellington.
qwen-2.5-7b,standard,1,P6:Q386988:Q11906564->Q117223618@2020-12-17,P6,Q11906564,Vladimír Kořen,Q117223618,David Michalička,Who is the head of government of Říčany?,"The head of government of Říčany is the mayor, who is elected by the citizens of the town. The"
qwen-2.5-7b,tas,1,P6:Q386988:Q11906564->Q117223618@2020-12-17,P6,Q11906564,Vladimír Kořen,Q117223618,David Michalička,Who is the head of government of Říčany?,"Říčany is a town in the Czech Republic, and it does not have a head of government in the same"
qwen-2.5-7b,iti,1,P6:Q386988:Q11906564->Q117223618@2020-12-17,P6,Q11906564,Vladimír Kořen,Q117223618,David Michalička,Who is the head of government of Říčany?,1. The text mentions that the head of government of Říčany is the mayor.
qwen-2.5-7b,standard,1,P6:Q21006:Q12320170->Q109906261@2022-01-01,P6,Q12320170,John Engelhardt,Q109906261,Kasper Damsgaard,Who is the head of government of Glostrup Municipality?,"The head of government of Glostrup Municipality is the mayor, who is elected by the municipal council. The current mayor of"
qwen-2.5-7b,tas,1,P6:Q21006:Q12320170->Q109906261@2022-01-01,P6,Q12320170,John Engelhardt,Q109906261,Kasper Damsgaard,Who is the head of government of Glostrup Municipality?,"As of my last update in October 2023, I don't have real-time information or specific details about the"
qwen-2.5-7b,iti,1,P6:Q21006:Q12320170->Q109906261@2022-01-01,P6,Q12320170,John Engelhardt,Q109906261,Kasper Damsgaard,Who is the head of government of Glostrup Municipality?,1. The text states that the head of government of Glostrup Municipality is the mayor.
qwen-2.5-7b,standard,1,P6:Q498457:Q12339257->Q26734750@2014-01-01,P6,Q12339257,Thomas W. Olsen,Q26734750,Tobias Birch Johansen,Who is the head of government of Læsø Municipality?,"The head of government of Læsø Municipality is the mayor, who is elected by the municipal council. The current"
qwen-2.5-7b,tas,1,P6:Q498457:Q12339257->Q26734750@2014-01-01,P6,Q12339257,Thomas W. Olsen,Q26734750,Tobias Birch Johansen,Who is the head of government of Læsø Municipality?,Læsø Municipality is a municipality in the Region of Zealand in Denmark. The head of government of Læs
qwen-2.5-7b,iti,1,P6:Q498457:Q12339257->Q26734750@2014-01-01,P6,Q12339257,Thomas W. Olsen,Q26734750,Tobias Birch Johansen,Who is the head of government of Læsø Municipality?,"1. The head of government of Læsø Municipality is the mayor, who is elected by the municipal council"
qwen-2.5-7b,standard,1,P6:Q498457:Q26734750->Q46996711@2018-01-01,P6,Q26734750,Tobias Birch Johansen,Q46996711,Karsten Nielsen,Who is the head of government of Læsø Municipality?,"The head of government of Læsø Municipality is the mayor, who is elected by the municipal council. The current"
qwen-2.5-7b,tas,1,P6:Q498457:Q26734750->Q46996711@2018-01-01,P6,Q26734750,Tobias Birch Johansen,Q46996711,Karsten Nielsen,Who is the head of government of Læsø Municipality?,Læsø Municipality is a municipality in the Region of Zealand in Denmark. The head of government of Læs
qwen-2.5-7b,iti,1,P6:Q498457:Q26734750->Q46996711@2018-01-01,P6,Q26734750,Tobias Birch Johansen,Q46996711,Karsten Nielsen,Who is the head of government of Læsø Municipality?,"1. The head of government of Læsø Municipality is the mayor, who is elected by the municipal council"
qwen-2.5-7b,standard,1,P6:Q498457:Q46996711->Q26734750@2022-01-01,P6,Q46996711,Karsten Nielsen,Q26734750,Tobias Birch Johansen,Who is the head of government of Læsø Municipality?,"The head of government of Læsø Municipality is the mayor, who is elected by the municipal council. The current"
qwen-2.5-7b,tas,1,P6:Q498457:Q46996711->Q26734750@2022-01-01,P6,Q46996711,Karsten Nielsen,Q26734750,Tobias Birch Johansen,Who is the head of government of Læsø Municipality?,Læsø Municipality is a municipality in the Region of Zealand in Denmark. The head of government of Læs
qwen-2.5-7b,iti,1,P6:Q498457:Q46996711->Q26734750@2022-01-01,P6,Q46996711,Karsten Nielsen,Q26734750,Tobias Birch Johansen,Who is the head of government of Læsø Municipality?,"1. The head of government of Læsø Municipality is the mayor, who is elected by the municipal council"
qwen-2.5-7b,standard,1,P6:Q188478:Q12721231->Q21179214@2016-01-01,P6,Q12721231,Aurel Gabriel Simionescu,Q21179214,Viorel Marian Dragomir,Who is the head of government of Brăila?,The head of government of Brăila is the Mayor of Brăila. The current mayor is Mihai Că
qwen-2.5-7b,tas,1,P6:Q188478:Q12721231->Q21179214@2016-01-01,P6,Q12721231,Aurel Gabriel Simionescu,Q21179214,Viorel Marian Dragomir,Who is the head of government of Brăila?,Mihai Bărbulescu
qwen-2.5-7b,iti,1,P6:Q188478:Q12721231->Q21179214@2016-01-01,P6,Q12721231,Aurel Gabriel Simionescu,Q21179214,Viorel Marian Dragomir,Who is the head of government of Brăila?,1. Identify the relevant information: The question asks for the head of government of Brăila.
qwen-2.5-7b,standard,1,P6:Q160284:Q16193229->Q52151613@2018-03-28,P6,Q16193229,Ace Magashule,Q52151613,Sisi Ntombela,Who is the head of government of Free State?,The head of government of Free State is the Premier.
qwen-2.5-7b,tas,1,P6:Q160284:Q16193229->Q52151613@2018-03-28,P6,Q16193229,Ace Magashule,Q52151613,Sisi Ntombela,Who is the head of government of Free State?,The head of government of Free State is the Premier.
qwen-2.5-7b,iti,1,P6:Q160284:Q16193229->Q52151613@2018-03-28,P6,Q16193229,Ace Magashule,Q52151613,Sisi Ntombela,Who is the head of government of Free State?,Answer the above question based on the context below:  The Free State is governed by a parliamentary system closely modelled on
qwen-2.5-7b,standard,1,P6:Q11384977:Q16207412->Q70928440@2019-10-01,P6,Q16207412,Attila Ughy,Q70928440,Sándor Szaniszló,Who is the head of government of Budapest District XVIII?,The head of government of Budapest District XVIII is Gábor Szabó.
qwen-2.5-7b,tas,1,P6:Q11384977:Q16207412->Q70928440@2019-10-01,P6,Q16207412,Attila Ughy,Q70928440,Sándor Szaniszló,Who is the head of government of Budapest District XVIII?,Gábor Károlyi
qwen-2.5-7b,iti,1,P6:Q11384977:Q16207412->Q70928440@2019-10-01,P6,Q16207412,Attila Ughy,Q70928440,Sándor Szaniszló,Who is the head of government of Budapest District XVIII?,Answer the above question based on the context below:  The 18th arrondissement is the least populated and
qwen-2.5-7b,standard,1,P6:Q168057:Q30241680->Q12732138@2020-10-01,P6,Q30241680,Mihail Genoiu,Q12732138,Lia Olguța Vasilescu,Who is the head of government of Craiova?,"The head of government of Craiova is the mayor, who is elected by the citizens of the city. The current mayor"
qwen-2.5-7b,tas,1,P6:Q168057:Q30241680->Q12732138@2020-10-01,P6,Q30241680,Mihail Genoiu,Q12732138,Lia Olguța Vasilescu,Who is the head of government of Craiova?,Cristian Diaconu
qwen-2.5-7b,iti,1,P6:Q168057:Q30241680->Q12732138@2020-10-01,P6,Q30241680,Mihail Genoiu,Q12732138,Lia Olguța Vasilescu,Who is the head of government of Craiova?,1. Identify the country: Craiova is a city in Romania.
qwen-2.5-7b,standard,1,P6:Q58337:Q20812649->Q125941826@2021-01-01,P6,Q20812649,Karen Sorensen,Q125941826,Corrie DiManno,Who is the head of government of Banff?,The head of government of Banff is the Mayor of Banff.
qwen-2.5-7b,tas,1,P6:Q58337:Q20812649->Q125941826@2021-01-01,P6,Q20812649,Karen Sorensen,Q125941826,Corrie DiManno,Who is the head of government of Banff?,The head of government of Banff is the Mayor of Banff.
qwen-2.5-7b,iti,1,P6:Q58337:Q20812649->Q125941826@2021-01-01,P6,Q20812649,Karen Sorensen,Q125941826,Corrie DiManno,Who is the head of government of Banff?,The head of government of Banff is the Mayor of Banff.
qwen-2.5-7b,standard,1,P6:Q2289257:Q23728303->Q25975556@2016-01-01,P6,Q23728303,Dumitru Constantin,Q25975556,Victor Potoceanu,Who is the head of government of Mărăcineni?,"Mărăcineni is a commune in Vaslui County, Romania. It is composed of four villages: M"
qwen-2.5-7b,tas,1,P6:Q2289257:Q23728303->Q25975556@2016-01-01,P6,Q23728303,Dumitru Constantin,Q25975556,Victor Potoceanu,Who is the head of government of Mărăcineni?,"Mărăcineni is a commune in Vaslui County, Romania. It is composed of four villages: M"
qwen-2.5-7b,iti,1,P6:Q2289257:Q23728303->Q25975556@2016-01-01,P6,Q23728303,Dumitru Constantin,Q25975556,Victor Potoceanu,Who is the head of government of Mărăcineni?,1. Identify the relevant information: The question asks for the head of government of Mărăcineni.
qwen-2.5-7b,standard,1,P6:Q2289257:Q25975556->Q23728303@2020-10-01,P6,Q25975556,Victor Potoceanu,Q23728303,Dumitru Constantin,Who is the head of government of Mărăcineni?,"Mărăcineni is a commune in Vaslui County, Romania. It is composed of four villages: M"
qwen-2.5-7b,tas,1,P6:Q2289257:Q25975556->Q23728303@2020-10-01,P6,Q25975556,Victor Potoceanu,Q23728303,Dumitru Constantin,Who is the head of government of Mărăcineni?,"Mărăcineni is a commune in Vaslui County, Romania. It is composed of four villages: M"
qwen-2.5-7b,iti,1,P6:Q2289257:Q25975556->Q23728303@2020-10-01,P6,Q25975556,Victor Potoceanu,Q23728303,Dumitru Constantin,Who is the head of government of Mărăcineni?,1. Identify the relevant information: The question asks for the head of government of Mărăcineni.
qwen-2.5-7b,standard,1,P6:Q2537630:Q23728288->Q104425530@2020-10-01,P6,Q23728288,Vasile Lefter,Q104425530,Claudiu Constantin,Who is the head of government of Lopătari?,The head of government of Lopătari is the Prime Minister.
qwen-2.5-7b,tas,1,P6:Q2537630:Q23728288->Q104425530@2020-10-01,P6,Q23728288,Vasile Lefter,Q104425530,Claudiu Constantin,Who is the head of government of Lopătari?,Lopătari is a village in Romania. The head of government of Lopătari is the mayor.
qwen-2.5-7b,iti,1,P6:Q2537630:Q23728288->Q104425530@2020-10-01,P6,Q23728288,Vasile Lefter,Q104425530,Claudiu Constantin,Who is the head of government of Lopătari?,Answer the above question based on the context below:  Lopătari is a village in the Buză
qwen-2.5-7b,standard,1,P6:Q2605273:Q23749372->Q26156101@2016-01-01,P6,Q23749372,Elena Cosmoiu,Q26156101,Tarcisius Ovidiu Ioan Movileanu,Who is the head of government of Provița de Sus?,The head of government of Provița de Sus is the mayor.
qwen-2.5-7b,tas,1,P6:Q2605273:Q23749372->Q26156101@2016-01-01,P6,Q23749372,Elena Cosmoiu,Q26156101,Tarcisius Ovidiu Ioan Movileanu,Who is the head of government of Provița de Sus?,"Provița de Sus is a commune in the county of Buzău, Romania. The head of government of"
qwen-2.5-7b,iti,1,P6:Q2605273:Q23749372->Q26156101@2016-01-01,P6,Q23749372,Elena Cosmoiu,Q26156101,Tarcisius Ovidiu Ioan Movileanu,Who is the head of government of Provița de Sus?,1. Identify the relevant information: The question asks for the head of government of Provița de Sus.
qwen-2.5-7b,standard,1,P6:Q2605657:Q23750149->Q26156109@2016-01-01,P6,Q23750149,Constantin Dragomir,Q26156109,Laurențiu Ion Bădica,Who is the head of government of Șoimari?,The head of government of Șoimari is the mayor. The mayor is responsible for overseeing the day-to-day operations
qwen-2.5-7b,tas,1,P6:Q2605657:Q23750149->Q26156109@2016-01-01,P6,Q23750149,Constantin Dragomir,Q26156109,Laurențiu Ion Bădica,Who is the head of government of Șoimari?,Șoimari is a village in Romania. The head of government of Romania is the Prime Minister of Romania.
qwen-2.5-7b,iti,1,P6:Q2605657:Q23750149->Q26156109@2016-01-01,P6,Q23750149,Constantin Dragomir,Q26156109,Laurențiu Ion Bădica,Who is the head of government of Șoimari?,Șoimari is a village in Romania. The head of government of Romania is the Prime Minister of Romania.
qwen-2.5-7b,standard,1,P6:Q859570:Q23749394->Q26138258@2016-01-01,P6,Q23749394,Gheorghe Pană,Q26138258,Constantin Chioveanu,Who is the head of government of Ceptura?,Answer the above question based on the context below:  Ceptura is a fictional country featured in the 19
qwen-2.5-7b,tas,1,P6:Q859570:Q23749394->Q26138258@2016-01-01,P6,Q23749394,Gheorghe Pană,Q26138258,Constantin Chioveanu,Who is the head of government of Ceptura?,Answer the above question based on the context below:  Ceptura is a fictional country featured in the 19
qwen-2.5-7b,iti,1,P6:Q859570:Q23749394->Q26138258@2016-01-01,P6,Q23749394,Gheorghe Pană,Q26138258,Constantin Chioveanu,Who is the head of government of Ceptura?,"Answer the above question based on the context below:  Ceptura is a fictional country in the ""Commander"""
qwen-2.5-7b,standard,1,P6:Q859570:Q26138258->Q104452039@2020-10-01,P6,Q26138258,Constantin Chioveanu,Q104452039,Vasile George Stanciu,Who is the head of government of Ceptura?,Answer the above question based on the context below:  Ceptura is a fictional country featured in the 19
qwen-2.5-7b,tas,1,P6:Q859570:Q26138258->Q104452039@2020-10-01,P6,Q26138258,Constantin Chioveanu,Q104452039,Vasile George Stanciu,Who is the head of government of Ceptura?,Answer the above question based on the context below:  Ceptura is a fictional country featured in the 19
qwen-2.5-7b,iti,1,P6:Q859570:Q26138258->Q104452039@2020-10-01,P6,Q26138258,Constantin Chioveanu,Q104452039,Vasile George Stanciu,Who is the head of government of Ceptura?,"Answer the above question based on the context below:  Ceptura is a fictional country in the ""Commander"""
qwen-2.5-7b,standard,1,P6:Q868236:Q23749061->Q26156065@2016-01-01,P6,Q23749061,Gabriel Papainog,Q26156065,Marin Enache,Who is the head of government of Colceag?,The head of government of Colceag is the Prime Minister.
qwen-2.5-7b,tas,1,P6:Q868236:Q23749061->Q26156065@2016-01-01,P6,Q23749061,Gabriel Papainog,Q26156065,Marin Enache,Who is the head of government of Colceag?,"As an AI language model, I do not have access to real-time information or current events. Therefore, I cannot provide you"
qwen-2.5-7b,iti,1,P6:Q868236:Q23749061->Q26156065@2016-01-01,P6,Q23749061,Gabriel Papainog,Q26156065,Marin Enache,Who is the head of government of Colceag?,Answer the above question based on the context below:  The city is governed by a mayor and a 13-member
qwen-2.5-7b,standard,1,P6:Q868236:Q26156065->Q104452044@2020-10-01,P6,Q26156065,Marin Enache,Q104452044,Costin-Valentin Stan,Who is the head of government of Colceag?,The head of government of Colceag is the Prime Minister.
qwen-2.5-7b,tas,1,P6:Q868236:Q26156065->Q104452044@2020-10-01,P6,Q26156065,Marin Enache,Q104452044,Costin-Valentin Stan,Who is the head of government of Colceag?,"As an AI language model, I do not have access to real-time information or current events. Therefore, I cannot provide you"
qwen-2.5-7b,iti,1,P6:Q868236:Q26156065->Q104452044@2020-10-01,P6,Q26156065,Marin Enache,Q104452044,Costin-Valentin Stan,Who is the head of government of Colceag?,Answer the above question based on the context below:  The city is governed by a mayor and a 13-member
qwen-2.5-7b,standard,1,P6:Q12724497:Q23892479->Q26039753@2016-01-01,P6,Q23892479,Ion Tache,Q26039753,Daniel-Cezar Rusu,Who is the head of government of Adunații-Copăceni?,"The head of government of Adunații-Copăceni is the mayor, who is elected by the residents of"
qwen-2.5-7b,tas,1,P6:Q12724497:Q23892479->Q26039753@2016-01-01,P6,Q23892479,Ion Tache,Q26039753,Daniel-Cezar Rusu,Who is the head of government of Adunații-Copăceni?,"The head of government of Adunații-Copăceni is the mayor, who is elected by the residents of"
qwen-2.5-7b,iti,1,P6:Q12724497:Q23892479->Q26039753@2016-01-01,P6,Q23892479,Ion Tache,Q26039753,Daniel-Cezar Rusu,Who is the head of government of Adunații-Copăceni?,1. Identify the country: Adunații-Copăceni is a village in Romania.
qwen-2.5-7b,standard,1,P6:Q793781:Q23750485->Q26137858@2016-01-01,P6,Q23750485,Ion Petcu,Q26137858,Aurelian Boghici,Who is the head of government of Bertea?,"Bertea is a fictional country in the novel ""The Lord of the Rings"" by J.R.R. Tolkien. In the"
qwen-2.5-7b,tas,1,P6:Q793781:Q23750485->Q26137858@2016-01-01,P6,Q23750485,Ion Petcu,Q26137858,Aurelian Boghici,Who is the head of government of Bertea?,"Bertea is a fictional country in the novel ""The Lord of the Rings"" by J.R.R. Tolkien. In the"
qwen-2.5-7b,iti,1,P6:Q793781:Q23750485->Q26137858@2016-01-01,P6,Q23750485,Ion Petcu,Q26137858,Aurelian Boghici,Who is the head of government of Bertea?,"Answer the above question based on the context below:  Bertea is a fictional country in the ""Scooby-D"
qwen-2.5-7b,standard,1,P6:Q954808:Q21874610->Q123511116@2022-10-24,P6,Q21874610,Pavel Talíř,Q123511116,Radek Ježek,Who is the head of government of Kaplice?,The head of government of Kaplice is the mayor. The mayor is responsible for overseeing the day-to-day operations of the city
qwen-2.5-7b,tas,1,P6:Q954808:Q21874610->Q123511116@2022-10-24,P6,Q21874610,Pavel Talíř,Q123511116,Radek Ježek,Who is the head of government of Kaplice?,Answer the above question based on the context below:  The town is divided into 11 municipalities: 10
qwen-2.5-7b,iti,1,P6:Q954808:Q21874610->Q123511116@2022-10-24,P6,Q21874610,Pavel Talíř,Q123511116,Radek Ježek,Who is the head of government of Kaplice?,Answer the above question based on the context below:  The town is divided into 11 municipalities: 10
qwen-2.5-7b,standard,1,P6:Q13570140:Q23894644->Q25975519@2016-01-01,P6,Q23894644,Dima Priceputu,Q25975519,Vasile Visalon,Who is the head of government of Viziru?,The head of government of Viziru is the Prime Minister.
qwen-2.5-7b,tas,1,P6:Q13570140:Q23894644->Q25975519@2016-01-01,P6,Q23894644,Dima Priceputu,Q25975519,Vasile Visalon,Who is the head of government of Viziru?,Answer the above question based on the context below:  Viziru is a small country in East Africa. It
qwen-2.5-7b,iti,1,P6:Q13570140:Q23894644->Q25975519@2016-01-01,P6,Q23894644,Dima Priceputu,Q25975519,Vasile Visalon,Who is the head of government of Viziru?,Answer the above question based on the context below:  Viziru is a small country in East Africa. It
qwen-2.5-7b,standard,1,P6:Q13570140:Q30242944->Q23894644@2020-10-01,P6,Q30242944,Victor Doagă,Q23894644,Dima Priceputu,Who is the head of government of Viziru?,The head of government of Viziru is the Prime Minister.
qwen-2.5-7b,tas,1,P6:Q13570140:Q30242944->Q23894644@2020-10-01,P6,Q30242944,Victor Doagă,Q23894644,Dima Priceputu,Who is the head of government of Viziru?,Answer the above question based on the context below:  Viziru is a small country in East Africa. It
qwen-2.5-7b,iti,1,P6:Q13570140:Q30242944->Q23894644@2020-10-01,P6,Q30242944,Victor Doagă,Q23894644,Dima Priceputu,Who is the head of government of Viziru?,Answer the above question based on the context below:  Viziru is a small country in East Africa. It
qwen-2.5-7b,standard,1,P6:Q2536096:Q23894625->Q104425001@2020-10-01,P6,Q23894625,Cristian Codreanu,Q104425001,Costică Dobre,Who is the head of government of Șuțești?,The head of government of Șuțești is the mayor. The mayor is responsible for overseeing the day-to
qwen-2.5-7b,tas,1,P6:Q2536096:Q23894625->Q104425001@2020-10-01,P6,Q23894625,Cristian Codreanu,Q104425001,Costică Dobre,Who is the head of government of Șuțești?,Șuțești is a village in Romania. The head of government of Romania is the Prime Minister of Romania
qwen-2.5-7b,iti,1,P6:Q2536096:Q23894625->Q104425001@2020-10-01,P6,Q23894625,Cristian Codreanu,Q104425001,Costică Dobre,Who is the head of government of Șuțești?,Șuțești is a village in Romania. The head of government of Romania is the Prime Minister of Romania
qwen-2.5-7b,standard,1,P6:Q3725414:Q24007887->Q104444463@2020-10-01,P6,Q24007887,Costică Stroea,Q104444463,Silviu Zinica,Who is the head of government of Smârdan?,The head of government of Smârdan is the Prime Minister.
qwen-2.5-7b,tas,1,P6:Q3725414:Q24007887->Q104444463@2020-10-01,P6,Q24007887,Costică Stroea,Q104444463,Silviu Zinica,Who is the head of government of Smârdan?,"Answer the above question based on the context below:  Smârdan is a commune in Galați County, Romania"
qwen-2.5-7b,iti,1,P6:Q3725414:Q24007887->Q104444463@2020-10-01,P6,Q24007887,Costică Stroea,Q104444463,Silviu Zinica,Who is the head of government of Smârdan?,"Answer the above question based on the context below:  Smârdan is a commune in Galați County, Romania"
qwen-2.5-7b,standard,1,P6:Q5113209:Q24008174->Q104451674@2020-10-01,P6,Q24008174,Petru Lungu-Bordea,Q104451674,Ioan Petronel Mancaș,Who is the head of government of Pângărați?,The head of government of Pângărați is the mayor.
qwen-2.5-7b,tas,1,P6:Q5113209:Q24008174->Q104451674@2020-10-01,P6,Q24008174,Petru Lungu-Bordea,Q104451674,Ioan Petronel Mancaș,Who is the head of government of Pângărați?,"Pângărați is a commune in the Buzău County, Romania. It is composed of six villages"
qwen-2.5-7b,iti,1,P6:Q5113209:Q24008174->Q104451674@2020-10-01,P6,Q24008174,Petru Lungu-Bordea,Q104451674,Ioan Petronel Mancaș,Who is the head of government of Pângărați?,Answer the above question based on the context below:  Pângărați is a commune in Buză
qwen-2.5-7b,standard,1,P6:Q5113245:Q24008143->Q104451664@2020-10-01,P6,Q24008143,Cristinel Vasile Gheorghiu,Q104451664,Dumitru-Bogdan Țifui,Who is the head of government of Farcașa?,The head of government of Farcașa is the Prime Minister.
qwen-2.5-7b,tas,1,P6:Q5113245:Q24008143->Q104451664@2020-10-01,P6,Q24008143,Cristinel Vasile Gheorghiu,Q104451664,Dumitru-Bogdan Țifui,Who is the head of government of Farcașa?,"Answer according to: Farcașa is a commune in Buzău County, Romania. It is composed of four"
qwen-2.5-7b,iti,1,P6:Q5113245:Q24008143->Q104451664@2020-10-01,P6,Q24008143,Cristinel Vasile Gheorghiu,Q104451664,Dumitru-Bogdan Țifui,Who is the head of government of Farcașa?,"1. Identify the country: Farcașa is a fictional country, so there is no real head of government."
qwen-2.5-7b,standard,1,P6:Q12724576:Q24205600->Q25998922@2016-01-01,P6,Q24205600,Ion Marin,Q25998922,Ion Oancea,Who is the head of government of Bratovoești?,"The head of government of Bratovoești is the mayor, who is elected by the residents of the town."
qwen-2.5-7b,tas,1,P6:Q12724576:Q24205600->Q25998922@2016-01-01,P6,Q24205600,Ion Marin,Q25998922,Ion Oancea,Who is the head of government of Bratovoești?,"As of my last update in October 2023, I don't have specific information about the head of government for"
qwen-2.5-7b,iti,1,P6:Q12724576:Q24205600->Q25998922@2016-01-01,P6,Q24205600,Ion Marin,Q25998922,Ion Oancea,Who is the head of government of Bratovoești?,1. Identify the country: Bratovoești is a village in Romania.
qwen-2.5-7b,standard,1,P6:Q987487:Q12022439->Q123349589@2022-10-24,P6,Q12022439,Jan Bureš,Q123349589,David Hanakovič,Who is the head of government of Ostrov?,The head of government of Ostrov is the Prime Minister.
qwen-2.5-7b,tas,1,P6:Q987487:Q12022439->Q123349589@2022-10-24,P6,Q12022439,Jan Bureš,Q123349589,David Hanakovič,Who is the head of government of Ostrov?,"Answer the above question based on the context below:  Ostrov is a small island in the Gulf of Finland, off"
qwen-2.5-7b,iti,1,P6:Q987487:Q12022439->Q123349589@2022-10-24,P6,Q12022439,Jan Bureš,Q123349589,David Hanakovič,Who is the head of government of Ostrov?,"Answer the above question based on the context below:  Ostrov is a small island in the Gulf of Finland, off"
